game,review
Identity V -제5인격,앱에 있는 렉으로인해 행위점수가 차감이 되어서 랭킹전을 못이용하고있습니다 고의탈주가 아니라 많이 억울하네요. 행위점수는 게임플레이를 통해 복구가 가능하다고 알고있습니다 하지만 추후에 경고기록은 불이익이 있다고 생각해서 경고기록은 있으면 삭제해주시는것을 요청드립니다 그리고 요즘 게임을 플레이 하는데 있어 방향전환도 3초있다가되는 현상이 나타나서 생존자로 플레이할때면 잡히기 일수입니다. 업그레이드도 자주 하는것같은데 이런점도 하루빨리 개선을해서 적용했으면 좋겠습니다 핸폰용량은 140기가 이상 남았고 백그라운드도 깔끔합니다 후기를 참고에서 조치를 해도 계속이러한상태인점 알아주셨으면 합니다
Identity V -제5인격,최근에 본사에 무슨 일 있나요?? 게임하면서 자꾸 뚝뚝 끊기는건 당연하고 다른 플레이어들도 자꾸 겜 멈춰서 벽에 박고 있거나 튕겨서 멈춰 있는걸 매번 보는 것 같아요 오늘만 해도 랭킹전에서 4번을 봤어요 그리고 연합할때 플레이어가 많아서 렉이 더 걸리는건 이해하지만 방향키가 범무구 띠링 2번 실패한 것 처럼 반전되는건 무슨 경우인가요?? 당황해서 아무것도 못하고 그대로 맞고만 있었어요. 또 한 번은 오른쪽 화면 터치가 아예 안먹혀서 화면이 돌려지지도 않았고 아이템 사용 같은것도 안되더라고요. 판자 창틀 모션 반응이 느려서 자꾸 한 박자 늦게 행동하는건 늘 있는 일이고 애들이 순간이동을 하거나 벽을 뚫는 일도 많아요. 또 연합에서의 매칭 시스템도 너무 안좋아요. 4티어 감시자인데 매칭 된 생존자들은 죄다 최고 7티어밖에 없고... 그렇다고 생존자로 플레이하면 저는 6티어인데 같은 생존자들은 3~4티만 매칭시켜주는데 상대 감시자는 최7이고... 격차가 너무 난다고 생각합니다.
Identity V -제5인격,오랜만에 복귀했는데 계정은 똑같은데 새로운닉네임을 치라고하네요? 뭐지하고 치고 튜토리얼까지했는데 인터넷찾아보니까 계정이전예기가 있네요.. 복구는 못했고.. 첨부터 다시키워야하고 근데 처음에 비해서 캐릭터 가격도 살짝씩 더 오른느낌? 이게임 나올때부터해서그런지 그때에 비하면 못하는 바가있는듯하네요.. 계정이전을 안한 제잘못이라 복구는 못하는거같던데.. 첨부터 다시해야할거같네요..ㅎ
Identity V -제5인격,컨트롤러 위치를 고정할 수 있는 옵션을 추가해주시면 정말 좋을 것 같습니다. 이 게임에서 간결한 이동은 가장 중요한 요소입니다. 손가락을 뗐을 때 중립위치로 돌아가는 고정된 방식의 컨트롤러가 의도된 움직임을 가져오는 가장 효과적인 방법이라고 생각합니다.
Identity V -제5인격,이 게임 정말 좋아하고 3년 이상 하고 있어요. 근데 갤럭시 s22로 바꾸고 나서 아직 호환이 안되어있는지 핑 터지고 렉이 심하더라구요 이 전 폰 사용할 때도 렉이 있긴 했는데 아직까지 관리가 안되는건 너무 한거 아닌가요.. 핑 관련된 업데이트를 해주셨으면 좋겠네요 좋아하는 게임인만큼 아쉬운 마음이 크네요
Identity V -제5인격,"처음 시작하는 초보입장에서 부계정 유저 문제가 심각하게 느껴집니다. 경쟁전에 막 진입한 1티어 유저들을 농락하며 게임에 대한 재미를 느끼기도 전에 어려움을 느끼곤 흥미를 잃게 됩니다. 진입장벽이 너무 높아요. 높은 티어의 유저가 하나하나 가르쳐 주지 않는 이상 쉽사리 게임에 진입하는게 쉽지가 않네요. 3,4티어 게임보다 1티어의 실력 수준이 월등히 높은게 매우 모순적인 상황입니다. 부계정을 막는 것이 불가능한 일이라면 초보유저들이 차근차근 실력을 쌓아갈 수 있을만한 대책이 매우 필요해보입니다. 튜토리얼을 확대한다해서 진입장벽이 낮아질 것 같진 않네요. 튜토리얼이 많을수록 허들이 더 높아보이니까요. 재밌는 게임이 더 오래갔으면 하는 마음에 리뷰 남깁니다."
Identity V -제5인격,사전예약때부터 지금까지 플레이 하고있는 유저입니다. 다른 게임들에 비해 월등히 퀄리티가 높은 게임인건 인정합니다. 하지만 요즘들어 매칭시스템이 억가입니다. 별 차이가 많이나면 파티는 안되지만 큐는 6티 7티 8티가한자리에 잡히는건 내로남불 매칭..? 생존자와 감시자 사이에 딜레이 차이가 납니다. 모션을 보고 딜을넣어도 캔슬이 안됩니다. 양쪽 다 딜이 오고 가는 매직★ 아이템 사용불가도 많이 난답니다. 핑은 40대에 있으나 프레임드랍이 요즘 심하게 많이 있습니다. 뚝뚝 끈기는 현상때문에 너무 불편합니다. 게임에 진심인 편이라 사용하는 기기들과 네트워크 전부 양호합니다. ※ 신입유저들은 오는데 캐릭은 적응하기도 전에 계속 뽑아내니 진입장벽은 높고 저티 랭 시간만 늘려놓으니 이해도는 낮고 티어만 오르고 저렴하게말해서 판수충들이 뚫고 올라오고 기존에있던 유저들은 티어 붕괴로 서터레스로 겜 접고 캐릭터 너프 버프때려가며 밸런스맞춰가면 그만이지만 티어붕괴된건...씁쓸
Identity V -제5인격,"제5인격에서 고이남매로 활동하고 있는 한 유저입니다 생존자는 4명,감시자는 1명으로 진행되는 게임이고 생존자는 해독기 5개를 다 돌려 탈출하는 게임입니다 감시자는 그걸 막기위해 추격하는 사람입니다 근데 생존자로 플레이할때 감시자를 보면 튕겨져 나가고,(전 그런적 1번 있음)랙이랑 버그가 살짝 납니다 끼었을때 끼임탈출도 할수 있어서 좋은데 랙이 조금 납니다 그래도 전 제5인격을 즐겨하는 한 유저란거 이런말 듣고 상처받는건 아닌지..생각이 듭니다 하지만 전 너무 재밌어서 하루도 빠진적이 없습니다!! 전 넷이즈를 믿어요! 업데이트 하면 랙,또는 버그가 안날 것이라고 믿습니다!! 글구 랭킹전을 했는데 티어가 안 오르는건 무슨 이유..죠??아무튼 이것만 고쳐주시면 제5인격이 더 좋은 게임으로 태어날수 있다고 생각합니다!! 저의 긴~리뷰 들어주셔서 감사해요!! 앗!그리고 제5인격은 제가 즐겨하는 게임입니다 그럼 아디오-스🙋‍♀️❤"
Identity V -제5인격,"게임이 이상하네요 게임을 플레이 하는 도중 앱이 스스로 닫히는건 물론이고 화면 돌리는 렉이 너무 심해졌어요 뚝뚝 끊기며 잘 안 돌아가고 랭킹전할때도 게임이 다운 되거나 뒤를 보면서 달려야하는 상황에 화면이 안 돌아가고 이러니 어처구니가 없습니다 새로 구매한지 오래된 폰도 아님에도, 와이파이, 데이터 모두 다 정상적임에도 이유를 알 수 없는 핑에 게임 재접속이 뜨는 것도 종종 있습니다 고쳐주세요 + 매칭이 이상해요 오인격 오래했고 생존자만 많이 한터라 감시자는 아직 1티어입니다. 일반게임을 많이 돌려도 거기서 거기구요 그런데 자꾸 4티어 3티어 생존자들이랑 매칭이 되니 게임이 되질 않고 있습니다"
Identity V -제5인격,저도 튕긴적이 딱 한번 있긴 했는데요. 그것 말고도 문제가 조금 남아 있습니다. 그래픽과 화질을 조금만 올려도 렉이 걸리고 게임 준비 화면에 사람들이 들어오면 한참 동안 렉이 걸리는 현상이 있습니다. 또한 로딩도 오래 걸립니다. 수익을 내는건 좋지만 최적화에 대해 불만이 쏟아지는데도 신경쓰지 않는 것은 옳지 못하다고 생각합니다. 최적화 부분을 더 발전시켜 주신다면 많은 유저들에게 사랑받는 게임으로 남을 것 같습니다. 더더욱 분발해주세요
Identity V -제5인격,a51 기종의 폰을 사용중인데 2월 26일까지 세밀로도 잘 돌아가던 게임이 아예 열리질 않습니다. 열리는가 하더니 바로 닫혀버리길 반복하여 지웠다 다시 깔아보니 기본 용량인 2.6기가? 그 파일도 다운로드 되지 않으면서 다운이 끝났다고 뜨고 열어보면 이전과 같이 닫혀버립니다. 온격이 깔려있지 않은 상태에서 26.5기가의 용량이 남아있는 폰이고 안드로이드 버전 11 One UI 버전 3.1 입니다. 다만 안드로이드 버전 9 One UI 버전 1.0 의 폰에서도 다운로드 되고 실행이 되는걸 보아 소프트웨어의 문제는 아닌 것 같지만 혹시 몰라 덧붙였어요. 같이 게임 하고 싶은 지인분이 있어요. 부디 이 문제를 해결 할 수 있게 도와주세요.
Identity V -제5인격,너무 재밌습니다만.. 이거 관리를 너무 못하는거 아닌가요? 생존자와 감시자의 극과 극의 밸런스를 놔두질 않나 핑이 너무 튀고 한 5판중에 2번 이상은 튕깁니다 원래 모든 게임은 렉이 있기 마련이죠 그런데 이건 너무 심하잖아요..ㅋㅋㅋㅋ 네트워크 5칸 맞고요 저장공간 너무 널널하고요 폰도 새폰 입니다 ^...
Identity V -제5인격,"솔직히 이만한 모바일겜 없기는 합니다..삭제해도 어느순간 다시 하고 있고.. 한 판에 5명이 하는 게임인데 4명은 생존자,1명은 감시자가 되어 감시자가 다른 4명 때려잡으면 됩니다 무과금으로 모든 캐릭 쓸 수 있고, 현질은 그냥 코디에만 영향 줘요. 철저하게 실력으로만 하는 갓겜 심지어 무과금으로도 예쁜 옷들 뽑을 수 있고, 이벤트로 이런저런 재화들도 자주 줍니다. 캐릭터들도 공포겜이라는 컨셉과 다르게 아기자기하고 예쁜 애들 많습니다. 캐릭터들의 선택폭도 매우 넓으며 꾸준히 하기만 하면 과금 전혀 없이 모든 캐릭터 다 얻을 수 있습니다 나온 지 좀 되었고 광고를 거의 안 해서 신규유저 유입은 적습니다. 그래서 낮은 랭크에도 고인물들의 부계가 심심찮게 보입니다. 또한 조합이라든지 게임운영이라든지 정도는 미리 공부를 해둬야 욕을 안 먹습니다(유튜브 보는 거 추천) 프롤로그가 길어서 뉴비 영입 실패했었는데 요즘엔 프롤로그 중단 기능도 생겼다고는 하네요. 굿"
Identity V -제5인격,"어렸을땐 정말 무서워서 2~3번 하다가 지웠는데 이제 성인되고 다시 하니깐 안 무섭네요 연령나이가 낮아서 다양한 어린이들이 즐길수도 있지만, 아이들의 나이가 어린 만큼 사운드나 캐릭터의 모습 등으로 충격을 받을 수 있으니깐 연령 나이를 올리는 방안도 검토해주세요. 실제로 제가 그랬거든요ㅠㅠ"
Identity V -제5인격,안녕하세요 제 5인격을 약 3달정도하고 있는 유저입시다. 이 게임은 정말 재밌습니다! 근데 움직일 때 잘 움직일 수 없어서 어그로끌고 있는 상황에 기절 해버리는 이 아름다운 상황들... 움직이고 싶어서 10초 동안 많이 움직일 수 없네요...하하 그리고 생존자 단서가 3568이나 필요해서 2~3주가 걸리고 맙니다.결론:너무 오래 걸린다. 그리고 캐릭터를 기다리고 있어서 캐릭터 많이 만들어 주시기 바랍니다. 이 게임은 재미있으니 추격전을 좋아하시거나 캐릭터를 모으거나 친구와 함께 하시고싶은 분은 정말 강추! 이상입니다.
Identity V -제5인격,"저는 이 게임을 처음 출시한 후 바로 깔고 1년정도 했다가 1년후에 다시 복귀한 유저 입니다. 일단 장점을 간략하게 말하자면 컨텐츠가 많아서 좋고 적당한 플레이시간도 좋습니다. 하지만 저는 보완할 점을 구체적으로 말하고 싶어요. 1.렉이 걸릴 때가 많아요. 분명 와이파이는 잘 되고 휴대폰의 문제도 없는데 렉이 상당히 많이 걸립니다. 제 생각에는 서버를 아시아서버, 유럽서버 이런식으로 나누지말고 한국서버, 중국서버 이런 식으로 나누는게 좋을 거 같아요. 만약 이렇게 못한다면 업데이트 할 때 새로운 걸 많이 넣으려 하지 말고 새로운 걸 조금씩 넣으면서 오류 같은 걸 많이 잡는 게 좋다고 생각합니다. 2.생존자와 감시자 밸런스가 너무 안 맞아요. 저의 승률만 봐도 생존자 승률이 17%고 감시자 승률이 70%입니다. 감시자 너프가 필요할 거 같습니다. 이 밖에도 고칠점이 많지만 가장 큰 문제점이 이 둘 이라고 생각합니다. 고쳐주었으면 좋겠습니다."
Identity V -제5인격,현질 유도 1도 없고 벨런스가 한 쪽에 기울어지긴 했지만 실력만 있으면 최7까지 티어 올리는건 쉬움 네크워크도 대부분 각자 문제고 모바일 게임 중에서는 따라올 게임이 없을 정도로 퀄리티도 좋음 다만 게임 허들이 높아 뉴비 유입이 적음 티어가 높아서인지 랭겜 큐가 늦을 때는 1시간 가까이 후에 잡히기도함 가끔 서버 핑 관리가 잘 되지 않은 것이 아쉬움
Identity V -제5인격,"""소원을 이뤄주는 새해 등불""이벤트 중 ""어서오세요손님"" 클릭>설치장소 클릭>설치부품확인 클릭을 하면 제일 최근에 개봉된 미션인 ""팀으로 대전 완료하기 2회(빠른대전,랭킹전,연합사냥모드 한정,연역 점수 2000점 이상 달성 필요) 라는데 이게 무슨뜻이죠? 빠른대전 눌러서 게임 두판 했는데도 미완료네요. 그애서 팀모집에서 팀에들어가 연합사냥모드도 2번했는데 안되네요.어떻게 미션을 완료하라는거죠?"
Identity V -제5인격,게임 접속이 안돼요 작년 9월쯤부터 로비화면에서 더 들어갈수가 없어요 로비화면에서 로딩화면까지는 넘어가는데 로딩화면에서 화면이 검은색으로 바뀌더니 게임에서 튕겨요 앱을 지웠다 깔아보고 클라이언트 복구도 해보고 계정도 바꿔보고 했는데 안돼요 그래서 그때 이후로 게임을 삭제하고 몇달간 접었었는데 다시 하려해도 안돼요 게임을 할수있는 방법이 없어요 혹시 제가 사용하는 기기에 문제가 있나싶어서 제5인격말고 다른게임도 깔아서 해봤는데 다른게임은 잘돼요 이 게임에 문제가 있는것같아요.. 도와주세요
Identity V -제5인격,"0점은 없나요? 도대체 핑은 언제쯤 고쳐요? 몇년째 핑튀고 게임안되고 랭킹전이면 게임탓인데도 그 책임은 오롯이 플레이어가 지고.. 몇번을 건의해도 사용자 네트워크나 화질탓만 앵무새처럼 반복하는데 사실 서버탓아니예요? 유독 이 게임만 핑튀고 와이파이 데이터로 바꾸라해서 바꾸고 화질바꾸라해서 바꿔도 전혀달라지는게 없잖아요, 핑 튀는거 유명한데 알면 해결하던가.. 처음부터 하지마세요. 정말화나는 일 많습니다"
Identity V -제5인격,"한동안 안하다가 다시 시작하게 됐는데 업데이트가 필요하다 해서 했더니 계정이 날라간건지,,아예 처음부터 다시 시작하게 되었네요,,캐릭터들도 꽤 모았었고 그랬는데,,오랜만에 해서 재미는 있지만 예전처럼 다시 쌓아가려니 손이 잘 안갈 것 같아요,,계정 복구는 안되는건가요,,;;;저장하라는 문구가 있는데 저장할 수 있게 해놓지도 않고 그냥 업데이트로 넘어가니,,"
Identity V -제5인격,"정말 좋아하던 게임이고 초5부터 중3까지 재밌게 하던 유저인데요, 요즘들어 자꾸 튕깁니다. 꽤 여러번 튕겨요. 아무래도 랭킹전이나 다른 게임을 할 때 튕기면 큰 타격이 생기는 게임인지라 너무 짜증이 나네요. 별 2개 깎아놨고 해결된 거 같으면 다시 올리려고요"
Identity V -제5인격,"최근 렉이 너무 심해요..재미는 있는데 핑이 좋으면 120~180이고요..안 좋을땐 700,800이 넘을때도 많아요..서버 재접속도 엄청 뜨고요,잠깐 톡보내고 와도 재시작입니다..같이 하는 지인분들께 너무 죄송하네요,렉 문제가 최근 심해졌는데 고쳐주세요ㅠㅠ참고로 안드로이드고요,저장공간 엄청 많아요"
Identity V -제5인격,"게임이 안 들어가져요 게임이라도 들어가지면 뭐라도 해보겠는데 아무것도 되지 않아 플레이를 할 수가 없네요 개인적으로 이 게임 거의 3년차인데 (1주년, 2주년 이벤트 클리어) 점점 게임이 아쉬워지네요 특히 요즘 신캐들 능력이 너무 괴랄합니다 + 감시자 스킨이 너무 많은데 선지자 같은 캐릭터의 윤곽을 보는 스킬로 구별이 점점 힘들어집니다. 진짜 중요한 건데 어떻게든 억까판이 나옵니다 감시자로 하면 생존자가 단합을 너무 잘하고 해독기가 녹아서 대부분 무승부가 나옵니다. 그렇다고 생존자로 하기엔 생존자가 단합을 너무 못하고 해독기가 얼고, 감시자가 너무 잘해서 무승부 조차도 힘듭니다. 특히 생존자 팀 밸런스가 어려운게 감시자는 저 혼자라 제가 잘만하면 무승부까진 만들 수 있지만 생존자는 절대 불가입니다. 어그로, 구출, 해독, 탈출을 모두 저 혼자 담당할 수 없기 때문입니다. (요즘 고티어에서 내려온 부계정도 한 몫합니다 ㅠㅠ)"
Identity V -제5인격,"진짜 화질도 낮추고 다 하고 핸드폰도 바꾼지 얼마 안됐고 와이파이 상태도 괜찮은데 계속 렉 걸리고 게임 자체를 할 수가 없어요... 랭킹전도 그냥 감시자 만나면 튕겨서 어찌할 도리도 없고 나갔다 들어와도 그대로, 화면은 멈춰서 캐릭터는 계속 달리고 있고... 진짜 노답이에요"
Identity V -제5인격,"개인적으로 정말 좋아하는 게임입니다. 용량을 많이 잡아먹긴 하지만, 그래도 재미있어서 계속 즐기고 있었습니다. 일단 장점은 캐릭터들도 너무 귀엽고..다양한 콜라보와 스킨, 악세사리 등을 낄 수 있다는 장점이 있습니다. 단점으로는 핑이 많이 터집니다. 인터넷 연결 상태도 좋은데 핑이 터질 때가 있습니다. 제가 이상한 건가요? 그리고 현질유도가 심하다 해야 할까요..콜라보만 하면 뭐합니까 뽑을 수가 없는데 그리고 또 진입장벽이 정말 높습니다..최근 업데이트들로 인해 더더욱 높아진것 같아요 개인적으로 좋아하는 게임이지만, 이러한 요소들로 인해 조금 쉽게 질리는것 같아요"
Identity V -제5인격,앱 업데이트를 했는데 앱이 실행만 하려 그러면 자동으로 꺼집니다 폰도 리부팅 해봤는데 앱실행이 원래 안되는 기종도 있는건가요...? 앱을 오랜만에 이용해서 업데이트의 문제인건가
Identity V -제5인격,아니 저기요 소설가라는 사람은 황금스킨을 얼마나가지고 싶으면 하라는 해독은 안하고 황금스킨이랑 캐릭터나 바꾸고있는 거죠!! 그리고 아니 팀 상태무엇 승률이 그래도 30%는 되야지 게임을 하든거하지 그리고 이제는 죄송합니다. 핑만찍으면 머리가 아픈거같아요. 조금더 좋은게임되기위해서는 이러한 문제를 고쳐주세요. 제발 부탁드립니다.
Identity V -제5인격,안녕하세요! 빡겜하다 멘탈 터져서 즐겜러로 진화 하고 있습니다!^^ 감시자 하고 핑 300은 기본! 물론 생존자 할때도 입니다 !^^ 지금은 빡겜하다 멘탈 터져서 핸드폰 액정 깨진것만 4개 고요^^정수는 확률이 더럽게 안좋기 때문에 무작위 고요! 꽁뽑은 쓰레기통에 버린건지 저세상에 간건지 드럽게 안좋습니다 그리고 꼽핑이랑 감만휴 핑은 다시 만들어 주세요~!!
Identity V -제5인격,혹시 뉴비분들 보실까봐 적습니다. 와이파이 쓰시면 잔렉 심해서 감시자로 평타가 느리게 나가고 이동속도도 줄어듭니다. 그리고 끊기는건 고프레임 모드하셔야 없어져요. 화질은 성능해주시면 되고요. 데이터 못쓰시면 생존자 위주로 하시면 됩니다. 팅기는건 발열 때문이라 케이스 빼고 충전기 빼고 해주시면 됩니다.
Identity V -제5인격,"장점 : 1) 1판에 15분 정도 2) 다양한 직업, 맵과 모드 3) 친플 했을때에 재미 단점 : 1) 감시자 때 무조건 생존자가 맞아야 하는 구간에서 자꾸 안 맞음 (특히 창틀, 판자 넘어갈때) 2) 생존자 승률이 너무 낮음 3) 매칭; 팀원과 상대팀 실력이 너무 극과 극 4) 와이파이, 네트워크 좋은 곳에서도 핑 낮음"
Identity V -제5인격,"현질 유도..?는 딱히 없습니다.모든 것은 선택이고,게임에 직접적으로 영향이 가지 않습니다. 핑 문제는 저사양 폰이라면 꽤 있긴 합니다만 화질과 정밀도를 최소로 하면 그럭저럭 돌아갑니다. 밸런스는 확실히 생존자 쪽이 좀 더 편하게 느껴지는 편입니다. 트롤링 문제는 모든 온라인 게임이 다 가지고 있는 문제점이니.. 다만 진입장벽이 좀 있습니다. 혹시라도 입문하려는 유저가 있다면 유튜브(개미님 추천합니다)와 나무위키를 참조하시면 플레이에 도움이 되시리라 생각합니다.즐거운 겜 하시고 진다고 너무 스트레스 받지 않으시면 됩니다."
Identity V -제5인격,게임성 자체는 좋음. 그러나 사전예약 때부터 한 유저로서 본 문제점 1. 극악의 매칭 시간. 고티어 갈수록 매칭하는데 30분은 기본으로 걸림 2. 잔렉(서버렉). 게임 특성상 0.1초가 중요한데 렉으로 게임이 터져버리는 상황 자주 발생 3. 한국유저 방치. 제5인격 한국시장이 별로 넓지 않다 보니 한국지역은 별로 안 챙겨줌. 4. 뉴비 유입 어려움. 튜토리얼은 게임의 오리엔테이션이라기보다는 스토리의 기반이라 도움 안됨. 캐릭터마다 특성이 다 다르고 다양한 숨은 특성도 많은데 이 사용법을 유저가 직접 연구해야 함. 응용법은 몰라도 사용법을 제대로 안 알려준단건 문제 있음. ※참고: 숨바꼭질의 개념이라기보단 술래잡기임. 생존자가 감시자에게 들키더라도 기절 먹이거나 동선을 짜서 거리를 벌릴 수 있음..감시자도 얻어맞을 수 있는..더이상 공포게임이 아님..
Identity V -제5인격,공장장b랭크 입니다. 아니 해독기가 너무 빠르다고 생각합니다. 아니면 해독가속을 없에야 합니다. 후반으로 갈수록 감시자는 불리해져가고 만류에 의지를 해야하는데 초반에는 그냥 아무것도 할 수 없습니다 그냥 첫 사냥을 매우 빠르게 하고 날린다음에 해독견제를 하면서 운영을 해야하는데 첫 사냥을 하면 해독기가 2~3개가 터지고 두 번째로 앉았을때는 해독기가 1개가 남아있습니다. 그리고 구출을 오면 아드각이고 출구운영을 해도 3~4명이 탈출하거나 운이좋으면 2명이 탈출합니다 고티어로 갈수록 '디코팟'으로 생존자들이 소통을 하자 감시자들은 매우 불리해지고 해독속도는 매우 빠릅니다 그러므로 감시자가 불리한데 생존자에는 그냥 사기인 캐릭터가 많지만 감시자는 전부 '잘'해야 좋습니다. 하지만 잘 해도 해독기 때문에 이기질 못합니다 그래서 결론은 해독가속울 없에거나 생존자 전체의 해독속도를 10~30%정도 낮춰야 한다고 생각합니다.
Identity V -제5인격,다 좋은데요 ㅠ 혹시 매칭 일반모드 할때 AI전 좀 없애주시면 안됄까요? 자꾸 패배 2번 할때마다 계속 떠가지고 할때마다 처음엔 신기 했는데 갈수록 이게 2번 패배할때 마다 자꾸 뜨니깐 너무 지루해요.. 어떨때는 AI전 이 두번연속 걸리고 진짜 그럴때 마다.. 너무; AI전 만 뜨면 나가는 편 인데 아니면 패배 3-4? 연속 으로 하면 나오는걸로 바꿔 주시는 것도 괜찮을거 같아요 ㅠ 부탁 드릴게요!
Identity V -제5인격,중독성 있고 노가다하면 원하는것도 얻을수있고 생각도 많이 해야되고 유튜브에 볼거리도 많음 캐릭터 컨셉도 잘 내고. 근데 게임이 너무 불친절함 아무래도 원래 있던 게임 들고온것도 있고 다양한것 같아서 그런 것 같은데 몇 초 차이로 승패가 갈리는 게임은 짜잘한걸 알고 있는걸로 승패가 갈리기도 함 매뉴얼을 만들어주면 공부도 하고 좋을듯
Identity V -제5인격,"친구와 같이 하기 좋아요. 또한 타로, 블랙잭, 일겜, 랭킹전, 악몽의 그림자, 연합사냥까지 여러가지 컨텐츠들로 가득하여 계속되는 반복에 게임을 쉽게 질리는 분들에게 좋을것 같아요. 새로운 캐릭터 또한 계속해서 나오고 스토리 짱짱한 이벤트 또한 계속 나오고요. 무과금을 하지 않아도 캐릭터는 대부분 다 살 수 있고 스킨 몇몇 빼고 무과금으로 얻을 수 있는 게 많기에 무과금 유저에게 좋아요. 하지만 최근에 한국서버에서 글로버 서버로 옮긴이후 핑이 더욱 뛰어서 겜하는데 불편한것 같아요. 게임 특성상 핑 한번 뛰면 게임이 망할 수 있기에 매우 민감한 부분이라고 생각해요. 핑 문제는 옜날 부터 쭉 있었기에 폰이 별로 좋지 않은 분들은 모바일 말고 컴으로 하시는걸 추천해요."
Identity V -제5인격,갑자기 게임 잘하고 있는데 튕겨져서 팀원들에게 민폐를 끼치고 심지어 게임이 자꾸 안들어가지네요^_^ 하도 랙이 심해서 데이터를 키면서 꼬박꼬박 데이터요금 내는데도 불구하고 랙은 점점 더 심해지네요... 아무리 그래도 튕길정도 까지는 아닌데 도대체 왜자꾸 튕기는지... 아예 게임 서버 내에서 한국서버 중국서버 일본서버 각각 나눠서 플레이 해줬으면 좋겠네요... 그리고 답변은 읽은지는 모르겠지만 새로운 캐릭터이 자꾸 생겨서 그런지 버그도 더 늘어나더라구요... 그냥 있는것도 많은데 뭘 자꾸 추가하는지... 예전에 한번 접었던 이유도 이것 때문인데 그만 만드셨으면 합니다... 그냥 스킨만 만들어주세요
Identity V -제5인격,장점 -오로지 실력과 반사신경과 손과 뇌지컬으로 승부하는 피지컬게임이라 능력치 현질유도가 1도 없음 -광고가 1도 없음 -그래픽이 나름 고퀄 -이벤트나 업데이트가 주기적으로 빠르게 이루어짐 -대다수 버그는 빠르게 해결되는 편 -스킨룩덕용 현질은 선택사항이긴 한데 천장이 있음 단점 -용량이 미쳐날뜀 -핑 튀는건 본인 와이파이 문제긴 한데 요즘 가끔 서버자체 연결이 원활하지 않을 때도 있는 것 같음 -재화가 싼 편은 아니여서 현질 규모가 큰 편임 -스킨같은 그래픽이 고퀄이여서 어느정도 좋은 폰을 안쓰면 렉이 조짐 -재화 수급이 약간 짠 감이 있음 광고나 현질유도가 없고 업데이트가 빨라서 좋긴 한데 용량이랑 서버연결문제 좀 해결해주면 좋을 듯. 뭐 현질규모 큰건 광고없고 게임 잘 돌아가게 하는 유지비 정도라고 생각하면...
Identity V -제5인격,"옛날에는 제5인격 재미있어서 정말 열심히 했는데 점점 갈수록 게임이 산으로 가는 것 같네요; 일단 렉이랑 버그는 기본이고요 밸런스도 굉장히 붕괴되어 있어서 게임을 즐기면서 할 수가 없네요. 초창기에는 정말 재미있었는데 게임이 갈수록 이상한 캐릭터들이 많이 나오는 것같네요. 특히 조각가, 봉봉, 나이아스는 요즘 개날먹캐로 불리고 있고요. 요즘 게임을 하다보면 연속으로 계속 나이아스만 만나게 되는데 그 이유가 개 날먹캐더라고요.. 9시로 겨우 거리벌리면 무기(?) 같은 걸 던져서 더 빠르게 와서 소용이 없더라고요^.^ 증말 나이아스 볼 때마다 역겹습니다. 생존자에서도 날먹캐도 좀 많은 것같아요. 제가 감시자 하다가 샤먼이나 죄수만나면 욕나올 것같아요. 제발 밸런스만 잘 맞춰주시면 게임 정말 열심히 할 자신 있습니다."
Identity V -제5인격,"게임 자체는 재밌지만, 새로운 유저가 유입되기엔 캐릭터 스킬이 복잡합니다. 부계로 뉴비를 양학하는 등 뉴비를 위한 튜토리얼이나 더 쉽게 접할 수 있는 운영 방식 공략 등 더 많아져야 합니다. 튜토리얼도 간단한 건 글/그림으로 설명하고 운영 등은 튜토리얼로 직접 시뮬레이션하게 하는 것이 좋겠습니다."
Identity V -제5인격,제5인격이 넘 자주 튕기네요 무슨 겜중에 튕셔가지고 팀원한테 미안해지는게 한두번이 아닙니다. 가끔씩 재접속 창이뜨고 핑 넘 튕길때도 있어 겜할때마다 너무 불편해서 제대로 게임을 할 수가 없네요..... 요즘에는 감시자들만 왠지 너무 좋게만 만들고 생존자는 그냥 평범하게 만들고 계다가 게임 용량을 넘 많이 차지 하는데 이와중에 핑도 튀고 게임도 튕기고 재접창도 뜨고 용량이 넘 아깝네요 와이파이나 데이터 둘다 해도 제대로 안돼 팀원들에게도 미안하고 겜을 제대로 못하네요 이거 읽는 사람은 절때 까는거 추천들이지 않습니다. 뉴비들이 하기에는 진입 장벽이 넘 높고 고티어들이 자꾸 부계정을 만들어 첫뉴비들이 하기에는 넘 힘들어요. 저는 이게임 추천 안합니다
Identity V -제5인격,"기가바이트 많이 잡아먹는 것만 뺀다면.. 정말로 재밌고 나쁘지 않은 게임인데, 그 잡아먹는 용량이 너무 크고.. 그건 뭐 어쩔 수 없습니다만 또 다른 문제점은, 현재는 덜해졌지만 국가차별,편애가 심해요. 중섭 일섭만 콜라보랑 보상 잔뜩 퍼줬었고 말이죠.. 아무튼, 강추급은 아니고 그냥 용량 10기가 이상이신 분들께는 한 번 추천드릴수 있는 게임이에요. +저는 안그래도 저장공간도 없는데 게스트로 시작했어서 이런 계정연동 시스템 때문에 구글로 연동도 못하고 계정도 지우지도 못하는 상황이네요.."
Identity V -제5인격,게임 초기 때 부터 플레이 했었던 유저입니다. 기본적인 게임자체도 재밌지만 현질 유도도 없고 이벤트도 많이 해서 좋습니다. 개인적으로 스토리 보는 것을 좋아해서 이벤트 스토리 하나하나 다 마음에 듭니다! 정말 좋아하는 게임이지만 이번 업데이트로 모든 앱을 지워도 공간이 남질 않아서 플레이를 못 하고 있죠ㅠㅠ 저장공간이 아주많이 필요한 게임이지만 그만큼 재미는 있습니다 항상 응원합니다.（*´▽｀*）
Identity V -제5인격,"확실히 이 게임만큼 오래하고 질리지 않고 재미있는 게임은 찾기 힘들다. 그러나 핑과 렉 문제는 확실히 고쳐야하는 문제이고, 새로운 정수 마다 신캐가 계속 나오니 유저 입장에서도 적응하기가 힘들다. 2년된 유저도 버거운데 이러니 아예 뉴비들은 손대기조차 꺼려지는것.. 신캐 그만내고 밸런스나 맞춰줬으면 좋겠음"
Identity V -제5인격,게임 자체는 중독성 있고 컨텐츠도 많아 그냥 즐기기에는 문제가 없는데 와이파이 옆에서 플레이를 해도 중간에 한번씩은 꼭 핑이 800을 넘어요^^ 그리고 애초에 4대1이라는 비대칭 게임인데 감시자를 해서 벌레컷으로 생존자를 잡아도 그 생존자를 앉히면 해독기가 2개네요....?ㅋㅋ 혈압 오르기 싫으시면 그냥 재미로 플레이 하시는것으로 만족하시길 바래요 뉴비분들 환영합니다 ㅎㅎ
Identity V -제5인격,제5인격 초창기부터 플래이 한 감시자 유저입니다. 제 실력이 부족하고 전보다 더 줄은 것도 맞긴 합니다만 요즘 감시자로 이기기가 너무 어려운 것 같습니다. 약간의 밸런스 조절이 필요한 것 같습니다. 게임 잘 즐기고 있는데 감시자로 요즘 할 맛이 안나는 것 같아요ㅠㅠ
Identity V -제5인격,"재밌어요. 재밌는데 왜 컴퓨터 버전이 안 들어가지나요? 컴터에서 잘 하고 있는데 저번주부터 재접속만 뜨면서 안 들어가지네요 클라이언트 복구, 컴퓨터 재시작, 지웠다 다시 깔기 다 해봤는데 안돼요 도대체가 게임 관리를 어떻게 하시는건지? 재밌어봤자 안 들어가지면 그만인데"
Identity V -제5인격,"진짜 초기부터 했던 사람으로써 렉이 너무 심한 게임 업댓하면 더더욱 심해지고...그건 다른 사람들도 그런지라 이해하겠지만 점점 핑이 심해지는 게임... 코난 콜라보 때까지 기다리려고 했으나 핑이 너무 심해서 겜이 안 돌아감 그래서 접음 어짜피 뉴비 장벽 높은 고인물겜 됬는데 하지마세요 다시 시작했습니다... 하지만 왜 내가 접었는지 다시한번 더 이해하는 게임이었어요 내 원래계정은 분명 연동했는데 없어져 있었으며, 화면은 멀미가 나고 핑은 너무 심해 내가 어디로 가고있는지도 모르겠고 감시자 얼굴이 갑자기 나오고 하... 진짜 하지마세요"
Identity V -제5인격,"게임성 ☆☆☆☆/ 컨텐츠 ☆☆☆/ 스토리 ???/ 서버 최적화 ☆☆ 사전예약 때부터 한 고인물인데 실력은 고인물이 아닌 유저입니다. 먼저 이 게임은 비대칭 서바이벌 게임이라 할 수 있습니다. 데바데와 같은 형식으로 4명의 생존자가 1명의 감시자에게서 탈출하는 형식의 게임입니다. 어느정도 해오다보면 이게 공포 게임이 맞나 싶습니다. 막말로 유저들은 씹덕 게임이라고도 하죠ㅋ그리고 또 튜토리얼을 진행하다보면 스토리가 나오지만 튜토리얼을 끝마친 후에는 기본 캐릭터 스토리밖에 감상할 수 없습니다. 그 말인 즉슨 게임의 컨셉은 잘 잡았지만 개발진이 너무 게임에만 집중하다보니 스토리는 이도저도 아니게 붕 떠버린 상태라는 겁니다. 넷이즈에게 칭찬해주고 싶은 건 과금을 할 때 게임에 직접적인 영향을 미치지 않는다는 점. 덕분에 무과금도 즐겁게 게임을 즐길 수 있죠. 그 점이 국산 게임과의 차이점 입니다. 그 외에도 매칭 문제, 서버 문제, 트롤러 등등 문제가 많지만 재밌고 할만한 게임입니다"
Identity V -제5인격,일겜.연합 이런건 잘돌아가는데 랭전.감랭만 들어가면 공격이 멈추는부분.핑뛰는 부분. 소설가 체인지 걸릴때 5초 멈추는 부분.이전부터 계속 문의넣어도 관련부서에 전달하겠다는 똑같은대답. 내가 그만두고 탈퇴하면 된다는 생각에 이제 그만하렵니다. 넷이즈는 역시 걸러야하는 게임이란걸 뼈저리게 느낍니다 고생하세요
Identity V -제5인격,다른건 다 좋은데 공포의 일격이 너무 좀 그래요. 솔직히 광기의 의자에서 구할때 만큼은 공포의 일격이 없으면 좋겠어요. 감시자들이 이런걸 이용해서 생존자들을 잡을때면 생존자는 재미없고 되게 하기 싫어져요. 다 재밌는데 이게 다 망치고있어요. 밸런스를 망치는 부분 중 하나라고 생각합니다. 패치해 주시길 바랍니다.
Identity V -제5인격,장점도 있고 쓰레기 모바일 게임이 넘쳐나는 시기에 할만하고 나쁘지 않은 게임이지만 운영이 아쉽습니다. 특히 랭킹전 관련이나 핑이 자주 튀는 문제들을 우선 해결을 해주시든 관심을 가져주셨으면 좋겠습니다.
Identity V -제5인격,왜 제5인격을 깔았는데 안들어가지죠? 빨리 복구해주시길 바랍니다 제 휴대폰 기종은 안드로이드 a42 인데 오후 4시 부터 제5인격에 들어가면 계속해서 나와지는 현상이 반복되어 지웠다가 깔거나 휴대전화 전원을 껐다가 켜도 복구가 되지 않았습니다. 어서 이 문제를 고쳐주시면 감사하겠습니다.(그래도 안되는데 게임의 상태를 확인해주실 수 있나요?)
Identity V -제5인격,계정인계는 상상도 못할 문제점이며 초반부터 끊이지 않던 밸런스 문제는 전혀 해결을 못한다 게임하다 이길 때도 있고 질 때도 있지만 이 게임은 초반 몇 초가 지나면 이기는 게임인지 지는 게임인지 가늠이 된다 실력과 무관하게 잘되는 판은 엄청 수월하게 되고 안되는 판은 그냥 화가 날 정도로 안된다 이 게임을 삭제했다가 재설치하기를 몇 번 반복했지만 역시 할 때마다 화가 나서 이번에도 삭제한다
Identity V -제5인격,게임은 정말정말 재밌고 또 플레이스토어의 게임에선 볼 수 없는 색다른 게임이지만 저도 처음에 게임을 할때 이해하기 복잡해서 1년 동안 하고 있더니 이제야 이해가 다 되네요. 이렇게 시간이 오래 걸려서 새로운 유저분들이 하시기엔 복잡해요 ㅜㅜ 그래도 복잡한거 빼면 정말 재밌는 게임이기도 하고 복잡한게 게임에 지장은 없으니 추천드립니다
Identity V -제5인격,겜 자체는 굉장히 잘 만들어진게임이에요 근데 핑 문제 말도 안되는버그 테러등 문제도 많습니다. 그리고 아주 예전부터 문제였던 밸런스문제 아무리 캐릭터가 손에 맞으면 사기라고 하지만 승률보고 리퍼나 쓰레기캐릭을 버프를 안시켜준다는거죠 그리고 뚜벅이 자체로는 문제는 없지만 요즘 기동성있는캐들이 너무 많아서 뚜벅이로 잡기힘들어요 또 문이 너무 따져서 뚜벅이는 텔 아니면 다 따져요 그래서 밸런스문제 서버관리등만 잘하면 좋은겜 될꺼같아요.
Identity V -제5인격,전에 쓰던 계정이 사라졌어요. 쓸데없이 업데이트 하래서 했더니 쓰던계정 아이디 기억해두래서 볼려고 들어가고싶어도 버튼이 종료 아니면 업데이트하기 이렇게 해놓고 뭔 아이디를 기억하라는건지;; 보지도 못하게 해놓고 쓸데없는 업데이트 강제로 시켜놓고 쓰던 계정은 온데간데 없어요. 일을 왜 이딴식으로 하는거죠
Identity V -제5인격,친구가 소개해준 게임인데 의외로 재미있어서 계속하고 있는데요. 문제점이 있다면 렉이 있다는 것과 분명 와이파이는 빵빵한데 앞으로 못가는 상황이 자주 있습니다. 특히 감시자한테 쫒기고 있는데 신호연결이 안됀다고떠서 짜증나거든요 그래서 이건만 좀 고쳐주시면 감사하겠습니다.
Identity V -제5인격,"솔직히 연합사냥이나 윌 삼형제 감시자에 대한 의견이 많습니다. 연합사냥은 좀 더 감시자에게 많은 혜택이 있어야 합니다. 그리고 윌 삼형제의 스킬이 많은 조정이 필요합니다. 그리고 감시자들 버프도 필요하며, 랭킹전 모드에서 생존자들 끼리 더 많은 소통 수단도 필요하며 생존자들 매칭에서 팀원 제외 횟수도 늘려주세요. 그리고 꽤나 자주 핑이 999+가 됩니다, 또한 랭킹전 모드에서 일부러 게임을 망치는 이들이 많습니다. 많은 조정 부탁드립니다. 솛짃히 좟뫙겜임. 잀볺읺 샊이들하고 중굯읺 쇆이들 좟도 못함. 십바 진짜;;"
Identity V -제5인격,"제 5 인격을 아주 재미있게 플레이 하는 한 유저 입니다. 제 5 인격은 캐릭터와 능력들이 다양하고, 아주 재미가 있는데요, 그와 맞는 버그들이 있는것도 당연합니다. 첫째 - '광기의 의자' 플레이어가 감시자에게 잡혀 광기의 의자에 앉는것은 어떻게 보면 당연합니다. 하지만 이 광기의 의자에도 버그가 있는것이 당연합니다. 광기의 의자에 앉은 플레이어를 구출할때, 구출이 안되는 버그가 있습니다. 그래서 불편을 가지고 있습니다. 이 버그, 빠른 패치를 바랍니다 둘째 - '최후의 발악? 공포의 일격!' 감시자가 생존자를 찾아 때리는것은 이 게임에서 당연한 것 입니다. 저는 한가롭게 게임을 하였습니다. 하지만 감시자에게 잡혔을때 최후의 발악이 나와야 하는데 공포의 일격을 맞았습니다. 이 버그는 다른 사람들이 모르는 것 같지만 분명 전 그랬습니다. 이 버그도 빠른 패치를 권합니다. 450자 정도 되는 글 읽어주셔서 감사합니다. ☺"
Identity V -제5인격,게임이 자주 끊기고 게임을 하던 중 갑자기 강제 종료되어서 다시 재접속하여 들어간 적이 있습니다(다른 게임 플레이어들에게 중간탈주로 신고받았습니다^^게임은 진 상태입니다) 가끔 게임 도중 화면이 터치가 안되며 게임속 인물이 움직이지 않는 버그에 서비스센터나 문제피드백을 들어갔더니 AI의 정해진 응답만 듣고 해결이 안되네요^^ 재미는 있지만 뒷목도 잡게 되는 그런 상태입니다 문제해결 바랍니다
Identity V -제5인격,"글섭으로 계정이동한 뒤로는 발열이 심하고, 핑이 자주 튕겨서 재접속을 번번히 하여 불편합니다. 또 캐릭터 벨렌스가 맞지 않아서 어렵게 느껴질때도 많구요. 처음 하시는 분들에게는 진입장벽이 높은 게임인거 같아요."
Identity V -제5인격,"재미있고 좋은데 핑이 많이 튀기더라고요..일겜은 상관없지만 랭킹전 같이 중요한 판에서 핑이 터지면 판이 뒤집히는데 핑관리를 좀더 해주셨음해요! 그리고 과금하는거에서 메아리가 너무 비싼것같아요.. 스킨,악세사리 보석 가격을려주시던가 메아리 가격을 조금 내려주시는것도 나쁘지 않을것같아욕(개인적인 생각입니다^^)"
Identity V -제5인격,"정말 재밌게 플레이 하고 있는 유저입니다. 핑문제도 있습니다만, 예전 한섭에 비해서 많이 터지는거 같군요. 또한 진입장벽이 너무 높고 캐릭터만 너무 내서 공략하기 너무 어렵습니다. 또한 스킨이나 집같은게 가격이 너무 비쌉니다. 핑문제는 기기문제도 포함인거같은데 전 그렇게 심하진않더라구요."
Identity V -제5인격,"이게임 2년 넘게한 고인물입니다. 스킨욕심 없으면 무과금유저도 충분히 즐길수 있는 게임. 롤처럼 돈쓸일이 스킨뿐인 게임입니다. 캐릭터는 게임 열심히 하면 충분히 원하는거 다 살 수 있어요 계속져서 현타와도 이게임에 돌아오게되는 매력적인 게임입니다. 게임핑이 잘튀는데 솔직히 와이파이 구진거 쓸 때 그렇게 됩니다 랭전일때만 데이터 쓰면됨 친구랑 하기 좋고, 생 감유저 자유롭게 다할 수 있어요 커스텀게임에서 다양한 미니게임들 유저들끼리 전챗에서 모아서 하는 것도 재밌고요. 게임 내 자유도가 나름 높은 편인 것 같아요. 뉴비분들 초반에 조작이 좀 어려울 수 있는데 금방 적응되니 너무 겁먹지말고 오래 같이해요 ... 어서 깔아요^-^♡"
Identity V -제5인격,"멀티게임도 되서 친구들이랑 하기 아주 좋습니다 물론 혼자 할 때도 재밌고요. 진짜 할 것 없고 심심하면 이 게임 강추합니다.👍👍 캐릭터들도 다양하고, 스킨도 여러가지로 많고 악세사리, 액션, 스티커 등도 있고 집도 커스텀할 수 있더라고요. 다시 한번 강추👍👍"
Identity V -제5인격,"메아리같은 경우는 현질아이템인데 , 메아리로만 파는 스킨같은 경우는 무과금러는 살 수가 없다. 현질빼고는 얻을 수가 없고 , 그렇다고 스킨 가격이 싼것도 아님 .. 황스같은 경우는 굉장히 비싸서 못산다. 출석 이벤트로 해서 조금씩 뿌리던지,이벤트로 뿌리던지 그래야한다.. 게임성 너무 좋고 재밌는 게임인데 이 점은 좀 개선해주었으면"
Identity V -제5인격,"재미는 확실하다. 각 생,살인마의 개성들도 뛰어나서 골라서 하는 재미도 있고 새로운 캐릭터들도 자주 나와서 아주 좋다. 다만 단점이 있다면 조금 심한 핑차이 그리고 캐릭터들의 가격들이 비싸다 현질로 구매하려면 생존자는 약 12000원 살인마는 약 18000원이 필요하다. 그리고 약 3년이 다된 게임이다보니 고인물들이 심각하게 많아서 뉴비들이 가벼운마인드로 시작하면 다칠수도 있을것이다"
Identity V -제5인격,안녕하세요. 저는 15세 잼민인데 이 게임을 한지는 4년이 됬어요. 그러다가 1년동안 공부하느라 오랜만에 다시 접속했는데 솔직히 1년 안한거면 뉴비나 다를게 아니라 클릭 한번 잘못해서 계정까지 초기화 되서 이왕 이렇게 된거 다시 시작해보자 하며 했는데.. 아니 ㅁ친 서로 구하고 치료하고 때려눕히며 탈출하거나 죽던 뉴비겜이 1년 접속 안했다고 생존자가 날아다니거나 해독기 2개를 돌리고 땅에서 이동하며 감시자는 해독하다 왠 조각상이 출몰하다가 카트라이더까지 나오다가 슈팅게임이 되더니 닭둘기까지 나올 수가 있나요;; 1년 접속 못했다고 진입 장벽이 저렇게나 높아집니까... 이대로 가다가는 신규 유저가 안나올 것 같은데 그래서 결론은 {신규 캐릭터 좀 미루다가 출시해주세요} 게다가 버그도 많아서 조금 힘들네요. 하지만 게임이 재미있는 건 사실입니다. 다행히 제 실력이 녹슬진 않았는지 감시자의 인성을 행복하게 해주더라고요(???)
Identity V -제5인격,"처음 시작해보시거나 한 지 얼마 안되신 분들 주목!! 이 게임은 초반엔 감시자에게 쫓긴다는 압박감 때문에 무서워서 많이 시작했다가 바로 삭제하는데요..ㅠㅠㅠ 제5인격은 공포게임이긴 하지만, 실제로 익숙해지면 공포게임 느낌이 전혀 없는 게임이기 때문에 찬찬히 적응해보시고 유튜브에 제5인격 뉴비 가이드 치시면 뉴비 가이드, 생존자 가이드, 감시자 가이드가 올라와있는데 이것 만큼은 꼭 보시는 거 추천드립니다! ㅠㅠ 그리고 제5인격 공식 카페에 자신이 뉴비인데 감시자가 너무 무섭다 혹은 시작한 지 얼마 안됐는데 이거 어떻게 하는 거임? 같은 글을 올리시면 한 지 좀 되신 분들이 몇 안되는 접지 않은 뉴비에 감각해서 찾아가서 친절히 알려드릴거에요!!! 그러니 절대 접지 말아주세요..!!! 게임 자체는 정말 짜증나는데 재밌고 중독성 있어서 모두가 접는다 접는다 해놓고 계속 하거나 다시 돌아올 정도입니다 캐릭터와 스킨들도 공포게임이 맞나 싶을 정도로 아름다울 때도 있습니다 (・о・)"
Identity V -제5인격,네.. 뭐 게임 안켜지는건 가끔 그러구요 튕기는 것도 타게임에 비해 자주 튕기는 편입니다... 가장 중요하게 게임서버 관리를 전혀 안하는 것 같구요 유저들 취급이..ㅋ 놀라운 수준입니다~! 게임 자체 핑도 기본 300으로 튈 때도 많구요~ 와파 빵빵해도 800넘게 튕기는게 다반사입니다~ 데이터도 마찬가지이구요~~ 이런 게임인데도 오인격만의 매력은 많아서 또 과금을 하게 되네요^^;; 저 같이 되시지마시구 그냥 시작하지 마시거나 다들 능상하세요 ;)
Identity V -제5인격,"공포게임 아닌 공포게임 그래도 뉴비 때는 엄청 무서워했던 기억이 있읍니다,,, 이렇게 빠져서 오래 하는 게임이 이게 처음같아요 너무 재밌어요!! 작은(?)문제가 있다면 핑이 잘튀는 것,,, 가끔 평타판정이 이상한 것,,,"
Identity V -제5인격,안녕하세요 저는 제5인격을 2019년에서 2020 년까지 재밌게 플레이한 유저라고 해요 탈도 많도 말도 많고 논란이나 사건사고가 많았던 제5인격 정말 전세계 유저들과 재밌게 게임 하고 그런 여러가지 추억도 많고 쌓이고 그랬는데 갑자기 거기에 흥미를 잃어버리고 완전히 접고 다른걸로 갈아 탔던거 같아요 왜냐면 제5인격 은 미세하지만 사람들 눈에 보이지 않는 단점 과 여러모로 문제점 이 많았어요 그중에 답답한 매칭시스템 감시자의 승률조작 및 판정 그리고 점점더 초심 과 재미를 잃어 가는 제5인격 그래서 정말 서운했어요 지금도 그렇구요
Identity V -제5인격,렉이 다수 걸리는 점을 제외하면 게임은 재밌습니다. 갑자기 한섭이 종료된다길래 인계코드와 비밀 번호를 받고 그 장면을 캡쳐해서 글섭에 다시 입력하는데 자꾸 틀린 정보라 하네요:; 글자 하나 틀리지 않고 올바르게 입력했는데 왜 자꾸 틀렸다고 하면서 계정 연동이 왜 안된다는지 궁금합니다..
Identity V -제5인격,안녕하세요 이게임을 2017년 부터 2019년까지 하고 잠시 접었더니 계정이 모두 없어졌더라고요 그래서 처음 부터 끝까지 또 긴 튜토리얼을 들어야 합니다 의사 스킨을 다 얻으려고 노력하며 한정판 빼고 거의 다 가지고 있었는데 다 사라지고 다시 튜토리얼을 들어야 하는 불편함을 가지고 있습니다. 그것에 대해 빠른 시간내에 고쳐 주세요. 그리고 게임에서 스릴감을 가지고 게임하는게 재밌더라구요😊
Identity V -제5인격,게임은 재밌는데...하.. 이번 업뎃하고 나서부터 핑 엄청 올라가서 렉 장난 아니에요... 진짜 렉 걸려서 자꾸 감시자한테 지렁이 컷 당할 때 핸드폰 던지고 싶어져요.. 인터넷 연결 엄청 잘되고 그 어떤 게임도 이렇게 렉 걸리질 않는데... 저뿐만 아니라 다른 분들도 업뎃 후 렉 심해졌다는거 보니까 빠른 조치가 필요한 것 같습니다...ㅠ
Identity V -제5인격,"온격 3년동안 하면서 리뷰를 지금남기네요 네 걍 갓겜이고요,, 심장쫄리고 ,, 스킨도 너무 독특하고 근데 렉이 좀 걸리는 문제가 있지만 그건아마 와이파이 속도,프레임드랍,폰 기종(?),발열(좀 오래해갖고 폰이 드럽게 뜨거워짐) 등등 때문일것같네요~ 근데 보상이 좀 짜요 좀더내놔줘요 넷이즈"
Identity V -제5인격,공포겜 같아서 처음에는 무서웠는데 지인 추천으로 다운 받으니까 전혀 안 무섭고 재밌음 ㅋㅋㅋㅋ 캐릭터도 너무 귀엽고 유저들도 귀여움! 진입장벽이 조금 높은거 같긴 하다만.. 게임 설치하고 며칠동안은 다들 푹 빠져서 하더라구용
Identity V -제5인격,"처음하는 사람에게는 재밌는 게임인데 하다가보면 질리게되는 같은 게임방식, 초반에 똑같은 캐릭터들로만 하다보니 지루해질수 밖에 없다. 상대가 어떤캐릭터인지도 모르고 당할때가 많다. 게임을 처음 하는 사람에겐 설명이 너무 불친절하고 또한 많다. 소통할수 있는것 한계라 답답할때도 있다"
Identity V -제5인격,"다른건 다 좋은데 렉이 너무 심하네요. 정말 너무한거 아닌가요? 네트워크 환경 좋은곳에서도 해도 계속 프레임이 낮다고 하면서 1000ms 정도 올라가서 계속 재접속되네요. 제발 좀 고쳐주세요. 렉만 고치면 진짜로 완벽한 게임이 될 것 같네요. 부탁드립니다. 그리고 예전 계정을 연동하는 것 말인데요. 서비스센터에서 해석이 이상하게 되었있고요, 하라는 대로 해도 복구가 안되네요. 1년 넘게 한 사람으로서 한정판도 많이 모으고 캐릭터들도 많이 샀는데 정말 슬프네요. 이것또한 고쳐주시면 정말로 감사하겠습니다. 이상입니다."
Identity V -제5인격,적당히 해야지... 게임 자체가 감시자랑 판자를 사이에 두고 심리전하고 도망치는 게임인데 캐릭터들을 너무 말도 안되게 만드는데 뭐 할 수 있는게 있냐고... 공속 빠르고 이속 빠르고 그렇다고 조작 난이도가 엄청 높은것도 아니고 패치랍시고 별 쓸모없는거나 만들고 유저 떨어지니까 매칭은 또 답이 없고ㅋ 밸런스 패치? 기대도 안함...ㅋㅋ
Identity V -제5인격,"서비스센터 해석도 진짜 이상하고 하라는데로 했는데도 계정이 초기화된게 고쳐지지도 않습니다. 정말 1주년부터 함께했었고 평소 좋아하는 용병 캐릭터도 정말 힘들게 모아 진기한 스킨을 거진 다 모았었고, 잦은 랙과 버그, 처음과는 다르게 바뀐 분위기 때문에 잘 들어가지 않아 캐릭터 아이디와 연동을 하지 못하였습니다 저말고 다른 피해자분들도 많습니다. 이 부분 수정 부탁해요.."
Identity V -제5인격,제가 지금까지 해온 게임중에 1첫번째 ? 2번째 정도로 재밌던 게임이에요 제가 한 6개월 정도 하던 게임 계정이 날라가서 아쉬우지만 1년 전부처 게임계정을 새로 파서 열심히 해서 전에 보다 더더욱 계정이 화려 해졌기에♥♥♥ 저는 매우 만족합니다 그리고 이제 이게임에 장점 부처 말해보자면 뭐 현질을 안해도 재밌게 많은 캐릭터를 쓸수 있어서 재밌고 관련 영상이 너무 재밌기에 한번쯤은 하는 것을 추천합니다~~~♥♥♥
Identity V -제5인격,진입장벽이 지나치게 높다는 것만 빼면 괜찮아요. 발열이랑 배터리소모가 심하긴 한데 그래픽이나 게임성 생각하면 충분히 감안할 정도고요. 과금유도는 아예 없고 모바겜치고 잘 만든 것 같아요. 데바데 모바일 구현 깔끔하게 잘 해온듯
Identity V -제5인격,"진짜 개 노답겜. 복귀하신분들 다 계정 날리고.. 게임 밸런스문제... 그리고 공짜로 주는 캐릭터들하고 직접 사야하는 캐릭터의 차이가 큼. 근데 캐릭터 가격이 엄청남.. 캐릭 하나에 돈으로 10000원 높고, 기억조각으론 4508개 쯤이 필요함.. 심지어 한판마다 주는 기억조각이 1~5개인데 이걸로 어케모음...(근데 거의 안줌) 이벤트 노가다 해봤자 1000개 모으기도 어려워서 무과금분들은 즐길수가 없음. 나도 한때는 무과금으로 노가다 할려했는데 지금은 15만원정도 지름... 절대 하지마시구요 이거할바엔 ㄹㅇ 크롬 공룡겜 합니다.."
Identity V -제5인격,이 겜 솔직히 현질유도나 핑문제는 전혀 상관없다고 생각하는데... 애초에 유일한 현질의 목적인 캐릭터 스킨은 딱히 강제도 아닐뿐더러 없어도 게임에 전혀 지장이 안감. 이게 왜 현질유도라고 하는지 이해가 안가긴한데.. 그리고 핑문제도 중섭이 아닌이상 단순히 개인차가 더 많음; 근데 문제는 몇년째 게임 밸런스가 전혀 안맞고 있다는거... 저티랑 고티간의 격차가 매우 심하고 저티고티 따로 밸런스 패치를 해도 달라지는게 없음. 오히려 격차만 더 심해질 뿐이지... 진짜 밸런스만 조금 더 맞았다면 괜찮았을 게임 ㅠ
Identity V -제5인격,"안녕하세요. 제5인격을 정말 잘 즐기고 있는 유저입니다. 다름이 아니라 문제점이 한두개가 아니여서 작성하는글인만큼, 잘 읽어주시길 바랍니다. 우선 ""생존자 - 장난감 상인""의 버그를 발견한 것 같습니다. ""감시자-우산의 영혼""에서 ""범무구""가 쓰는 스킬중 탕백이 있는데, 장난감상인이 발판을 설치하는중에 탕백에 걸리게 되면 발판이 캔슬되고 설치도 되지않고 수만 줄어드는, 즉 증발이 된다는 겁니다. 좀 옛날 일이라 수정이 되었는지는 모르겠습니다. 그리고 두번째는 핑이 너무 심하다는 겁니다. 특히 감시자와 함께 있을때는 더더욱 말입니다. 치료,해독같이 중간마다 나타나는 교정도 터치가 씹혀서 틀리거나 분명히 교정을 맞추었는데도 어이없게 틀리는 경우가 발생합니다. 또한 최근에 출시된 신규 캐릭터 ""생존자 - 심리학자,환자""의 영향이 너무 커, 잡기 어렵다는것입니다. 또한 조각가도 그에 맞는 너프를 해주시면 감사하겠습니다. 긴 글 읽어주셔서 감사합니다."
Identity V -제5인격,2년넘게 사용한 유저인데 계정연동이 안되네요. 생존자 레벨 만렙이었는데 다시 키우고 캐릭터들도 다시 모으려니 막막합니다. 전의 앱에서 계정연동되게 도와드리면 계속 플레이할 것 같아요.
Identity V -제5인격,게임 잘하고 있다가 바빠서1년 정도 못들어 왔는데 새로 깔으라고해서 새로 깔았는데 힘들게 모은 생존자 캐릭터와 감시자 캐릭터가 싹 사라졌네요 장식까지...내가 사놧던 주사위랑.. 영감이랑 다이아랑 퍼즐이랑.. 모두가 사라졋네요.. 너무 한거 아닙니까... 이거 다시 되돌릴 수 없나요?.. 안된다면 그냥 지우려구요.. 현질도 조금 보태서 힘들게 모은것들인데.. 충격이에요..
Identity V -제5인격,오랜만에 깔았는데 보자마자 욕 할뻔 했네요..... 3년동안 써온 계정은 연동을 해봐도 다 사라져있고... 힘들게 돈모아서 캐릭터들이랑 스킨 샀는데 그것도 사라지고..... 즐거운 마음으로 들어갔는데 너무 허무하고 화나네요 계정 복구를 해주던가... 별점이 왜 이렇게 낮아졌나 했는데 바로 이해됐고요.. 업데이트 정말 이상하게 됐네요.. 게임 이름 바뀔때부터 불길했습니다 별 1개도 아까워요......ㅡㅡ
Identity V -제5인격,"그냥 다인큐 파티 장려게임 그 이상도 이하도 아닌 망겜. 기본적으로 4인큐+디코 시스템으로 이루어지는 대회 기준 패치와 더불어 생존자 자체를 4인큐 디코에 맞춰서 패치하는 것이 너무 극혐스러운 단점이며,갈수록 4인큐 시스템을 매우 심하게 장려하고 있음.다른 게임으로 치면 과금 유도=5인격은 다인큐 유도. 솔랭하는 사람은 그냥 게임 접으라는 수준ㅋㅋ생존자를 다인큐 디코에 맞춰 패치하니 감시자 상향패치 계속되고 다인큐빨물티어양산되어 생존자 솔랭으로 하려면 요즘은 그냥 벽이 느껴지는 수준이다 이게임은 그냥 다인큐 안하는게 바보임 그에 비해서 파티 찾기도 쉽지 않은 편이고 일본인들은 한국인 안받아주고다인큐 안되는 78티구간 가도 죄다 다인큐 디코로 별 빨고 올라왔는지 중고해독기도 못찾는 78티가 너무많고 매칭 자체도 개판임 그냥 다인큐 파티 결성해서 디코켜는 재미로 할 거 아니면 하지마세요 이게임 3년차에 쭉 고티어있으며 게임이해도 높은 나도 이게임 솔랭하려면 이제 버거워서 그만하게될거같음"
Identity V -제5인격,안녕하세요 현재 게임을 2년정도한 복귀유저입니다.요즘 게임서버이 뭔문제가 생겼나요? 하루에 한번은꼭 게임도중 게인이 나가져 다시들어가보면 의자에 묶여있거나 기절해있습니다 다른 상황들도많고요 이게 생존자 할때만 이러는게 아니라 감시자 할때도이럽니다 게임이 나가져서 들어가고 게임 끝나고 난뒤 저는 욕먹어야합니다 이문제로 행위점수도 깎였고 피해가 심각합니다 승급전도 망쳐버렸고요 최대한빨리 이문제가 해결 되길바랍니다
Identity V -제5인격,아주아주 재밌는 겜이고요 제 인생에서 이것만한 게임 또 만날 수 있나 생각들 정도로 저한테 맞는 게임입니다 항상 몇일안가서 게임에 질리는데 이건 2년째하고있습니다 다만 외국게임이라 홍보가 제대로 안 되어 유저가 많이 유입되지않는것이 걱정이고 잼민이들 같은 유저들이 별점 테러 등등을 하여 겜의 인식이 좀 별로라는 점이 걱정되네요 게임 정말재밌습니다 앞으로도 오래오래 섭종하지않았으면 하네요
Identity V -제5인격,아니 제 5 인격 재미있게 하고 있는데 감시자도 렉 걸려 와이파이가 빨간불이 들어와 안돼고 있지 생존자도 똑같이 안돼고 있지 이거 게임 하라는 건지 말라는 건지 알수가 없어요 이거 하나 하자고 와이파이 갈라야 하는 것도 아니고 그것도 내가 좋은 폰을 쓰고 있는데 다른 게임 다 괜찮은데 얘만 그래요 업데이트 하니깐 더 렉 걸려요 업데이트 하실거면 렉 이라도 처리 해주세요 게임을 못 하겠어요 부탁 드립니다!!!!
Identity V -제5인격,"게임 정말 재밌습니다 이 게임이 더 잘 될거라 믿어 의심치 않아요 그런데 저장공간을 심각하게 차지합니다 공식카페 가봐도 저장공간 얘기 많이 나오고요 게임 최적화라도 좀 해주세요 카카오0,인☆보다 용량이 높습니다.그리고 핑문제는 너무 좋아졌고요! 앞으로 꾸준히 고쳐나가시면 더 잘 될거같습니다 오늘 하루 수고하시고 안녕히 주무세요"
Identity V -제5인격,터치위치 변경도 좀 만들어주시죠 터치가 다 우측으로 넘어가있어서 겜을 못하네 간격조절만 있고
Identity V -제5인격,이 겜이 망겜인 이유^^ 3년 이상 이 게임 하는데 빡치는 일밖에 없어요~~;; 1. 매칭 이제 막 시작한 초보들이랑 하게 해줌~ 내가 아무리 잘해도 그판 망함!^^ 2. 현질 유도 정말 심하고 뽑기 운 현저히 낮음^^ 3. 게임 도중 갑자기 튕김~ 기가 와이파이에 좋은 기종 핸드폰을 써도 똑같음~^^ 4. 창틀을 넘어도 감시자한테 맞는 거지같은 판정~ 판정 정말 개엉망!👎 5. 고의로 트롤짓한 유저 신고 제대로 되지도 않음~ 결론: 유저들이 줄어들고 있다~! 여기다 리뷰를 남겨도 진부한 답변만 줄줄~ 막상 고쳐지는 건 절대 없음! 캐 만들거면 제대로 만들지 맨날 너프시키고 상향시키고 이랬다저랬다~ 역시 쭝궈게임!
Identity V -제5인격,"정말 재미있게한 유저입니다 이게임하면 맨날 하게 됩니다. 저가 가지고싶은 한정캐 뽑고싶었지만 다시 정수복귀 꼭 해주시면 감사합니다 포워드 정수 복귀하면 제지갑을 털겁니다 꼭 복귀하면 좋겠습니다 그리고 스킨 교환 같은거 넣어주면 대단한게임이 됄것같습니다 그럼전 이겜만 할거고 돈도 지르면서, 할겁니다"
Identity V -제5인격,업데이트인지 뭐인지 자꾸 리소스 다운로드할때마다 저장용량은 넘쳐나는데 다운로드는 안되고 클라이언트 복구해도 안되고 뭐하자는거죠?
Identity V -제5인격,"오랜만에 게임을 하려했더니 해킹을 당한것같습니다. 제 계정은 맞는데 닉네임이 달라져있고 아이템들도 전부 사라진 상태에요;; 저는 제 아이템 복구와 닉네임복구, 보안 강화를 원합니다. 빠른 답변 부탁드립니다. 제 원래 닉네임은 레오리사 였습니다. 하지만 지금은 중국삔찐 으로 되어있습니다. 제발 제 계정을 복구해주세요."
Identity V -제5인격,4주년 공군 스킨 퀄리티나 특징들이 공군 A티어 스킨들에 비해 차이가 크지 않은 것 같네요...4주년인데 S티어 스킨들이 곤학/나이아스 A티어 스킨보다 못하다는 여론이 많아요..죄수 수정궁 황스처럼 스킬 모션을 독특하게 하거나 스킨 이펙트가 더 화려하게 해줬으면 좋겠어요..나름 재미있게 하는 게임이라 4주년 스킨 기대했는데 많이 아쉽습니다ㅠㅠ
Identity V -제5인격,ㅠㅠ 너무 재미있어요 초딩인데 3년이나 했어요 근데 황스 저 한테 주시면 좋겠어요 3년 했는데 황스 무조건 주는 것만1개 얻고 그리고 저 닉네임(즐겜러90) 이니깐 황스좀 뽑기 에서 얻게해주세요
Identity V -제5인격,매칭 시스템 고장났나봐요 ㅎㅎ 일반게임 감시자로 하면 생존자는 6~7티어 되는 사람이랑 매칭해서 1명 잡으면 다행인 상황이 되네요ㅋㅋㅋ 또 생존자로하면 무슨 감시자가 7티어는 되는것처럼 해독기 반도 안돌렸는데 한명 잡고 이미 게임 터져버리네요 신규캐릭터 발명하기 전에 매칭시스템 좀 해결해야 게임 할 수 있겠어요^^ 감시자는 고인물만 하라는 뜻이 있는건가요??? 그럼 생존자 매칭 시간도 좀 해결해주세요 ㅎㅎ
Identity V -제5인격,제가 곡예사 생일이라서 좋아요 4번 눌러야하는데 끝나자마자 튕겨져서 짜증나게 3명밖에 안눌러서 또 억지로 한판했네요... 튕기는건 제 문제일수도있는데 종종 좋아요4번땜에 자꾸 까먹고 끝날때도 있고 좋아요 억지로 주는것도 좀 아닌것같네요... 좋아요 4번 주기 미션은 없애줬으면 합니다.
Identity V -제5인격,지멋대로 게임하는도중에 튕기는 등 짜증나는 문제점이 많은 게임입니다.. 또한 현질할 때 살 수 있는 게임재화가 조금씩 비싸지는것도 짜증나네여..
Identity V -제5인격,망할 핑은 대체 언제 고쳐짐???? 몇년이 되가는 게임인데 이걸 해결을 못하네 실력을 쌓는 게임인데 그걸 모두 핑이 망쳐버리면 게임을 어떻게 하라는거임? 핑이 200만 가도 게임 캐릭터가 버벅거리는데 랭겜에서는 얼마나 중요한데 이러는거지 한심해서 복귀한 내가 이상하네요. 접고 떠납니다 ㅂㅂ
Identity V -제5인격,제가 아이폰에서 플레이하던 계정을 테블릿에서 크게 하고 싶어서 계정을 변경하려는데 계정을 변경하려면 확인을 입력하라길래 확인을 입력했는데 아무것도 안 되네요. 그렇다고 로그아웃이 되는 것도 아니고... 정말 재밌게 플레이하고 있는 게임이지만 조금 아쉬웠어요.
Identity V -제5인격,재미는 있는데 튕기는 것좀 어떻게 해주세요 용량은 충분하거든요.. 특히 아니면 랭전할 때 튕기면 지장이 크게 가는데 그때 지면 이해점수라도 보호해주세요 쫓기거나 결정적인 순간에 튕겨요..
Identity V -제5인격,"게임 재밌어요! 근데 현질 가격이 조금많이 비싼 점, 밸런스가 좀 별로인 것만 빼면 좋아요! 게임 퀄리티도 전채적으로 좋고 모드도 다양합니다"
Identity V -제5인격,"테블릿은.되는데 폰은 초기화 몇 번,다시 지웟다 깔아도.똑같은 그냥,접는게 나을 듯 싶네요"
Identity V -제5인격,"지금 게임 내에서 설정할 수 있는 화질 종류가 성능, 원할, 세밀 총 3가지가 있는데 혹시 성능보다 더 하위인 화질은 업데이트 하실 생각 없으신가요? 폰의 성능이 안 좋은 유저도 즐길 수 있었으면 좋겠어요"
Identity V -제5인격,"너무 재밌어요.만날 이 겜만해요.그리고 생존자,감시자의 스킬이 캐릭터마다 달라서 각자의 개성이 있고요. 블랙잭 등등의 다양한 모드가 있어서 더 재밌어요. 제5인격 최고!"
Identity V -제5인격,오랜만에 복귀하려는데 계정연동을 해도 자꾸새로 닉네임을 만들라고 하는데 이전데이터는 전부 날아간건가요?
Identity V -제5인격,하유 이 게임 별 하나도 주기 싫었는데 어쩔 수 없이 주네요 계정을 몇개나 잃어 버렸는지 모르겠네요 ㅋㅋ 짜증나 로그인 했던 계정으로 하면 다른 이상한 계정이나 나오고 처음 보는 계정만 나오고 원래 계정은 왜 안주는대요?? 이유좀 ㅋ 잃어 버린 계정만 해도 4새 이상은 되는대 ㅋ
Identity V -제5인격,사용자의 의견 반영이 전혀없으며 렉이 너무 심함에도 불구하고 고쳐지는 현상이 1도 없음. 캐릭터가 마음대로 움직이며 벽이 비비는데도 고쳐짐도 없어서 너무 답답함.
Identity V -제5인격,솔직히 이게 데바데 모바일 버전이라는게 수치스럽습니다. 이번에 계정 초기화도 그렇고 자꾸 감시자를 올려치기 해서 출시하는데 균형을 맞추고 싶으시긴 합니까? 보여주기 식으로 하는 생존자 출시도 구리고. 옛정으로 아직까지 남아있다지만 곧 떠날것 같습니다. 추억의 게임이 이렇게 몰락하게 되어 아쉽게 됐습니다.
Identity V -제5인격,"일단 요새 생존자 진영 대기 시간이 너무 긴건 말할 것도 없구요. 이젠 뭐 감시자랑 스치기만 해도 죽더라구요? 그럴거면 판자랑 창문 틀은 왜 만든 건지 전혀 모르겠구요. 어차피 장거리 공격하면 뭘 하든 맞아 뒤지는데. 아, 샤먼 캐릭터의 문도, 그걸 감시자가 따라 놀 수 있게 만들면 ㅋㅋ 그건 뭐 캐릭터 고유 능력 없애는 거랑 다름없지 않나요? ㅋㅋ 장거리 공격에 패널티라도 두시던가요. 진짜 벨붕 미쳤네요. 새로운 스킨 내실 시간에 밸런스 조절이나 제대로 해주세요;; 자꾸 렉 걸리는 것도 짜증납니다."
Identity V -제5인격,제5인격 재밌게 플레이하고 있는 사람입니다! 그런데 저번부터 이벤트창에만 들어가면 게임이 튕기는 현상이 계속되고있습니다ㅠ 와이파이도 잘 터지고 업데이트도 다 했는데 왜이러는건지 잘 모르겠네요ㅠ 해결 부탁드립니다.
Identity V -제5인격,다 좋아요. 감시자 생존자 둘다 재밌고 전략이랑 동선 잘짜서 그걸 이뤄냈을때 짜릿하고 다 좋은데 데이터를 썼는데도 렉이 걸리는건 무슨 경우일까요....? 렉때문에 게임을 제대로 못하겠어요. 그것만 아니면 참 다 좋은 게임인데...
Identity V -제5인격,쩝..재밌긴한데 게임도 최적화로 맞추고 다 했는뎅 하루에 한번꼴로 튕기고 길드에서도 요즘 많이 튕긴다고 난리났고 그런데 내가 고의로 게임을 나간것도 아닌데 행위점수를 감점 시키면 저는 뭐 어떻게 해야하죠..
Identity V -제5인격,연합사냥하는데 들어가지지가 않아서 다시 들어갈려고 하는데 나간걸로 처리됐네요 랙이 심한건 문제가 있는거 아닌가요 게임이 왜 이런가요 이게 1~2번이면 좋은데 계속 이러니 기분이 되게 안좋네요.근데 행위점수 까는건 아니지 않나요 저도 하고 싶었는데 행위점수까지 까니 할 맛이 안나네요 오랜만에 복귀했는데 기분 안좋은 상태에서 시작해서 너무 짜증나네요 이런일이 없길 바랍니다
Identity V -제5인격,"요새 넷이즈가 일 하고있긴 하는구나 하고 느껴지지만.. 나이아스라는 빌어쳐먹을 캐릭터가 나오면서 생존자 전부 넘어가거나 나가거나, 적어도 난 기계공이 있으니까 하긴 하지만, 나이아스라는 캐릭터를 오히려 버프해주니까 하기가 힘듭니다, 이 캐릭터를 없애주거나. 아니면 너프를 해주거나... 천상계 감시자들도 힘들다는 것을 알지만, 그건 본인 피지컬이 문제라고 생각합니다. 작살마녀를 싹둑 해주세요... 개발자님, 당신들이 걸어가는 그 길은 뉴비들 죽이는 길입니다."
Identity V -제5인격,한때는 재미있게 했는데 갑자기 원래 하던 제5인격이 다른 게임으로 되었다고 해서 이걸 깔고 해봤는데 제 계정이 날라가 있더라고요 캐릭터도 많이 모았고 재미있게 했는데 한순간에 없어 지니까 좀 그래요 빨리 점검해주시거나 계정날라간 사람들에 대한 조취좀 취해주세요 재미있게 했는데 이 버전 나오고 점점 인기도 떨어지잖아요
Identity V -제5인격,겜 출시되고부터 정말 재밌게 플레이하고 있는데 제발 핑 문제 좀 고쳐주세요 요즘 자꾸만 핑이 600대를 넘어가서 제 캐릭터가 제자리 걸음만 하고 있어요 그러다 핑이 정상으로 돌아오면 감시자한테 다운되어 있구요 이것 때문에 같이 게임하는 팀원들한테 너무 미안해집니다 승률에도 문제가 생기고요 그리고 오늘은 게임이 자동으로 종료돼서 무승부 나올 수 있던 판이 패배로 끝났네요 와이파이로 하다가 데이터로도 바꿔보지만 소용이 없습니다 제발 핑 좀 고쳐주세요
Identity V -제5인격,요즘은 핑이 다시 안정되긴 했는데 자꾸 프레임 드랍이 됐다고 화질 낮추라고 왼쪽에서 알림이 떠요. 플레이하는데 아무 문제 없으니 그 알림 좀 안 뜨게 했으면 좋겠어요.
Identity V -제5인격,"유튜버 개미님을 통해서 알게 되었는데, 공포 분위기도 좋고 캐릭터 능력치도 다양해서 즐길거리가 많아서 좋네요.그리고 캐릭터마다 각자 자신의 스토리가 있다는 점에서 좋은 게임이라고 생각됩니다!"
Identity V -제5인격,"게임은 일단 재밌고요. 캐릭터와 스킨이 많아서좋고, 새로운 이벤트등으로 항상 새로워서 좋고 스토리도 좀 좋고 전 전체적으론 마음에드네요."
Identity V -제5인격,안녕하세요 예전에 많이 플래이 했다가 삭제하고 이번에 다시 깐 유저 입니다 그래서 계정을 찾으러고 하는데 안되더라구요ㅜㅜ 예전 닉네임은 뜨는거 같긴 한데.. 초기화..? 된걸까요.. 아이템도 많고 캐릭터들도 많았어서요..ㅜㅠ 이거 어떻게 복구..안될까요?
Identity V -제5인격,게임 도중 핑이 너무 심하게 튀어서 못하겠습니다. 이외에 불편한 점은 없는데 이 문제가 너무 심각해서 게임이 불가한 수준입니다. 하루 빨리 업데이트 부탁드려요.
Identity V -제5인격,"한동안 안 하다가 들어가서 업뎃했더니 제 계정이 어디간거죠? 분실찾기하니까 오류만 뜨고 해결도 안 되고, 임시로 지정해준 아이디번호는 제가 어떻게 안다고 계정 찾아지지도 않고 업뎃을 할 거면 복원도 해주시든가요. 그동안 캐릭터들 반이상 모아놨는데 튜토리얼도 다시 해야되나요; 진짜 오랜만에 즐기려고 들어왔다가 화나서 지울판이에요ㅋㅋㅋ"
Identity V -제5인격,아니 잡혔는데 또잡히는건 아니죠 진짜 그리고 감시자하고 생존자의 속도가 너무차이나잖아요 그리고 감시자가 어디서 오는지도 알려줬으면 좋겠습니다. 그리고 잡혔는데 또 잡히는거 어떻게 해주세요 진짜 부탁드립니다. 진짜 저 진짜 이게임이 재미있는건 좋지만 잡혔는데 또잡히는거 하고 투명특수능력좀 어떻게 해주세요 부탁 또 부탁드립니다. 그리고 공포의 일격원래 두번뜨는게 맞나요? 저 정원사했는데 공장장한테 공포의 일격이 두번떴가든요?
Identity V -제5인격,일단 리뷰는 다시 남길게요 렉은 자기 폰문제일수도 있는데 핑만큼은 고쳐졌으면 좋겠어요 그리고 튕기는현상도 많이 일어나네요 스킨만 많이 내주시기보단 서버관리에도 신경을 쓰셨으면 좋겠어요 그래도 재밌고 시간때울때 하기 좋은게임
Identity V -제5인격,제가 제5인격을 1년인가 했는데 다시할려고 해서 1년만에 들어갔는데 업데이트 하라해서 했는데 계정이 날라 갔더라구여 그래서 다시 로그인 해도 다른계정이 만들어지고 그래서 너무 속상합니다 전 그 계정에 많은 돈을 투자 했죠... 근데 계정이 날라가서 너무 속상해요 그래서 복구좀 해줬으면 좋겠어요....
Identity V -제5인격,게임은 좋습니다 그런데 오랜만에 게임을 다시 설치하고 들어가 보니 아이디가 사라졌습니다 전에 쓰던 닉네임 마지막 플레이시간 스크린샷 등 남아있는데 아이디를 몰라서 문의제기도 하지 못 해서 힘듭니다 애지중지 열심히 키우던 계정인데 제발 복구 부탁드리겠습니다
Identity V -제5인격,다들 계정 복구가 안되었다는 얘기가 많은데 클라이언트 복구는 눌러보시고 하는건지 궁금하네요. 저도 지웠었다가 오랜만에 깔았는데 클라이언트 복구 누르니 예전 계정 모두 나오던데요. 자기들이 복구를 안해놓고서는 짜증나하고 어이없어하고 별점테러까지 하는건 정말 아닌 것 같아요.
Identity V -제5인격,핑이 높아 질때가 많아요.. 네트워크 연결은 아주 양호 한데 말입니다. 게임플레이 할 때 방해가 조금 됩니다.. 그것 말고는 다좋아요!
Identity V -제5인격,"ㅋㅋㅋ간만에 들어갔는데 계정초기화됐네ㅋㅋㅋㅋㅋㅋㅋㅋ 데이터, 서버관리 못하는건알았지만 이정도일줄은 상상도못함 ㅋㅋㅋㅋㅋ 세상어느게임사가 퍼블리싱계약해제됐다고 유저 db를폭파시키냐ㅋㅋㅋㅋㅋ 수준진짜알만하다 넷이즈붙으면 이제 상종도안한다 다시는 내눈에 띄지않도록"
Identity V -제5인격,"재밌긴한데.., 핑(렉)이 너무 심하고 랭킹전은 일정 수치가 도달해야 열리는걸로 바꾸면 안돼나요? 랭킹전 할때마다 트롤하는 사람때문에 화나는데"
Identity V -제5인격,게임은 아주 재미있습니다! 하지만 게임 도중에 중간에 계속 튕기는 상황이 발생하는데..고쳐주시면 좋을것 같네요ㅠ..
Identity V -제5인격,아니 랭돌리면서 렉이 엄청 심하고 핑터지고 나가지고 장난하나요? 스킬도 안써지고 주술사 스킬을 썼는데 안써지고 와이파이도 빵빵한데 렉이 너무 심해요 옛날에는 안그런데 지금은 너무 심해서 하기가 싫어져요 빨리 점검해주세요
Identity V -제5인격,게임도 재밌고 퀄리티도 나쁘지 않아요 근대 단점이 있어요 게임할때 가끔씩 튕겨서 들어가는게 귀찮아요 가끔씩 렉도 먹고요 그것빼곤 다 좋은 것 같아요 게임은 재밌어서 5점 드립니다
Identity V -제5인격,감시자에게는 관대한 판정 생존자에게는 극악무도한 판정^^ 서버가 바뀌어도 이건 똑같네^^^^^^^^ 서버 터지는건 업뎃안하고 지네들 내고싶은 이벤트나 캐릭만 만들어내는 역시 중국갓겜
Identity V -제5인격,네트워크도 빵빵한데 핑이 300넘고요 그리고 지금 이기기에는 제온격밖에없고 다른 파일들도 별로 없습니다 하지만 핑이200넘는건 기본이에요 진짜 겜하기 싫어집니다. 스토리나 플레이 방식은 재밌는데 핑이 자꾸 올라가니까 겜할 맛이 안나네요
Identity V -제5인격,핸드폰 바꿈으로 인해서 다시 깔았는데 계정이 모두 사라져버렸습니다! 계정 자체가 없어진건가해서 예전 닉네임을 다시 써보니까 있는 닉네임이라고 하는거 보니까....계정 자체가 사라진건 아닌거 같네요...! 계정복구 부탁드립니다.
Identity V -제5인격,광대 생존자 업데이트 이후 게임 중 심하게 렉이 걸리고 버퍼링이 걸려요. 캐릭터를 움직임이 원활하지 않고 시간차가 있네요. 고쳐주시길 바랍니다
Identity V -제5인격,이거 폰겜맞죠? 재미는 있거든요? 근데 컴퓨터로 해야 핑이 안 터지고 폰으로 하면 핑이 기본으로 200이 넘는데 서버관리를 도대체 어떻게 하는겁니까..? 제발 폰으로도 게임을 할수있게 해주세요. 서버관리좀 잘 해주세요. 그리고 신고를 하면 검토좀 하시고요 이거보고서는 핑터지는 이유를 제탓으로 돌리지 마시고요 이건 서버문제이니 관리를 꼭좀 부탁드리고 싶네요. 폰을 껐다켜라 앱을 껐다켜라 인터넷이 잘되는 곳에서 하라 이딴 소리를 하지마세요.
Identity V -제5인격,"말이 필요없는 갓-겜 무수히 많은 양산형 현질 게임들이랑 차원이 다른 게임임. 현질 유도도 없고 과금 필요도 없고 무과금 유저들도 재밌게 할 수 있는 게임임. 모드도 다양하고 신캐릭터도 여러가지 잘 내주고... 불평불만하지마라 이것드라 이만한 갓겜이 어딨다고ㅡㅡ 솔직히 망겜 망겜 거리는 놈들이 게임 진짜로 망할까봐 두려워서 그런거라는게 학계의 정설,,, 그런 놈들이 제일 열심히 함"
Identity V -제5인격,"1.렉 많이.걸림.튕김 많음. 2.질 떨어지는 유저가 점점 늘어남 3.생존자,감시자 중 생존자만 버프 오지게해서 감시자 유저는 죽어감.공평하지 않음. 4.머리카락이 필요 없는 사람만 하세요"
Identity V -제5인격,연합사냥 감시자 30분 넘게 큐 돌아가는게 게임을 하라는 거에요? 겜하다가도 중간중간 끊기기도 하고
Identity V -제5인격,오렌만에 복귀했더니 계정이 사라져있네요 게다가 시작하면 바로 계정을 생성해야하면서 자동으로 연동되어 이 게임이 제시한 방법은 1도 도움이 안됍니다 정말 어이없네요 별 1점평이나 드리겠습니다
Identity V -제5인격,정말 재밌습니다.. 물론 보라스킨 하나 살때마다 기본적으로 30000만원이라 가성비 갲똥같아요 근데 현질 안해도 충분히 살수 있습니다. 어그로 소질 없다면 멘탈 바사삭 하기전에 안하는게 좋아요.
Identity V -제5인격,관리 좀 제대로 해주세요. 연동한 계정이 날아가서 스스로 찾기도 하고 고객센터에 자세히 찾는 것도 했는데 닉네임은 알지만 캐릭터 아이디를 기억하지 못해서 못 찾고 있습니다. 잘되던 아이디가 갑자기 왜 날라간 거죠? 문제가 생겼으면 신경써서 자동으로 복구시켜줘야 하는 거 아닌가요? 즐겨하던 게임이였는데 실망입니다. 아이디 찾게 제대로 도와주세요.
Identity V -제5인격,"지웠다 다시 깔았더니 계정이 전부 삭제되었어요. 모았던 캐릭터나 재화가 전부 사라졌고, 튜토리얼부터 다시 해야하네요."
Identity V -제5인격,아니..저 갤22이고 사양 다 최소로 맞추고 와파 빵빵한데서 했는데 세네판에 힌번꼴로 튕겼어요 중요한순간에..아니진짜 이건아니지않나요
Identity V -제5인격,게임 누르면 리스트패티 받고 1450머시기 다받고 접속마다 그러니 핑이 계속... 앞으로 안가요...
Identity V -제5인격,요즘 렉이 너무 심하고 자주 튕기네요 그리고 감시자는 버프 하고 생존자는 거의 너프만하고 이건 좀 너무하다고 생각합니다 그리고 이번 업데이트는 생존자랑감시자 둘다 이득이 아니라 감시자만 오히려 더 이득인거 같군요 그리고 넷이즈는 감시만 좋아하나보군요?
Identity V -제5인격,2019년에 시작한 유저입니다! 이 게임 재밌어요 생존자로 감시자 피하는 것도 재밌고 감시자로 생존자 죽이는 것도 재밌으니까 한 번 해보시길~물론 렉이 좀 걸릴 때가 있어요
Identity V -제5인격,요즘 같이 양산형 게임만 뿜어져나오는 와중에 정말 오랜만인 갓겜... 내가 이 게임을 평론한다는것 자체가 외람된다고 생각될 정도이다.
Identity V -제5인격,"안녕하세요 전에 리뷰를 작성한 사람입니다 답글을 달아서 하는대로 해보는데 잘 안되더라고요 그래서 이것저것 찾아보는데 랭킹전 규칙에서 알았습니다 ""진급전에서 점수를 더 획득해야 다음 티어로 진급이 가능합니다.이때 다시 별이 없는 상태로 돌아가며,""라는 글을 보았습니다 이제 깨달았습니다.규칙도 안보고 했습니다.다음부턴 안그럴께요.죄송합니다."
Identity V -제5인격,정말 재미있습니다. 캐릭터도 다양하고 모드도 많고 스킨도 많아요. 느리고 튕긴다는분들은 휴대폰이 안좋은거에요.그리고 이거 업뎃후 핑 튀는것도 줄여주세요
Identity V -제5인격,"오랜만에 다시할려고 들어가니 스킨,펫,아이템,생존자,감시자등등 다 없네요 초기화된 것처럼 정말 게임을 참~~잘 관리 하시네요."
Identity V -제5인격,제5인격 서버 상태 안 고치나요? ㅋㅋㅋ 휴대폰 갤럭시 s21 한 달전에 샀고 와이파이로 게임해도 핑 튀어서 데이터로 하는데도 중요한 순간에 핑튀기 시작하더니 끝까지 튀어서 덕분에 순위권 안 들어가기 직전에서 확 멀어졌습니다. 고마워요
Identity V -제5인격,실수로 앱을 지웠다 깔았는데 계정이 사라졌어요 앱을 다시깔고 들었갔는데 스킨 다운로드를 하고 게임에 접했는데 초보자 튜토이얼 이 나오고 본계정이 아닌 부계가 나오고 고겍센터에서 온갖계정을 다 찾고 로그인 해봤는데 부계정밖에 없어요 본계정 어떻게 찾죠 본계 키우느라 고생했는데 저만 그런거 같지도 않고 계정 어떻게 찾죠....
Identity V -제5인격,아니 핑계속 900 넘어서 게임 진행이 안되는것도 모자라서 게임이 팅겨놓고 탈주로 행위점수 깎는건 뭡니까 어이가없어서... 오랜만에 복귀하려고 했는데 기분만 잡치고 지웁니다.
Identity V -제5인격,플레이할때 가끔씩 튕겨요 근데 문제가 랭킹전에서도 튕기고 잘못하면 중도퇴장으로 걸려서 티어가 순식간에 내려가서 너무 거슬립니다
Identity V -제5인격,제5인격 플레이하고있는 유저입니다. 요즘들어 제5인격 플레이를하다가 중간에 계속 튕기는경우가 생기는데 해결 부탁드립니다.
Identity V -제5인격,옛날에 재밌게 해서 다시 하고싶은데 계정복구 어떻게하는지 모르겠어요ㅠㅠ 유튜브 보면 마지막 로그인 시간 모든충전증거 같은거 쓰라고 되어있는데 제가 계정찾기들어가면 아이디나 닉네임만 쓰라고 하는데 나머진 다기억나도 이거두개만 기억이 안나요.. 스킨 많고 돈도 좀 썼던계정인데 다시찾을수있나요ㅜㅜ
Identity V -제5인격,오랜만에 접속하는데 업데이트하란것만계속뜨고..다른방법으로 로그인해도 안되고 ㅠㅠ 유실안되게 뭘하라는데 애초이 그게안되고 계정이사라졌어요...어떻게찾나요......
Identity V -제5인격,"중국에 게임 문화를 알수 있어 좋네요^^ 디스코드로 소통하며 사회성을 기르며 ,감시자를 괴롭히며 정의감과 성취감을 얻으며 ,서로 부계를 만들며 휘장 자랑으로 자부심을 기르는 것은 물론 맵맛인가?싸럽인가? 그건 정말 트워터 이용자라면 추천하고 싶어요! 서버는 또 얼마나 관리를 잘하는지 버벅거리는건 기본이고 아예 게임자체가 수시로 나가지네요 개발사,유저,게임 삼박자를 다갖춘 갓겜 인정!^^"
Identity V -제5인격,전에 하던게임인데 도중에 용량때문에 지웠다가 지금 일년정도 지난거 같은데 다시 하려고 깔았는데 그 전에 쓰던거 연동 안되나요ㅠ 다시 처음부터 해야되는수밖에 없나요
Identity V -제5인격,오늘 점심쯤부터 들어가지지가않아요... 추가 다운로드 받으래서 받고 들어가려하는데 계속 튕기다가 이젠 들어가는 것 조차 안돼네요 전원을 껐다켜도 똑같은 상황인데 왜이러는걸까요..??
Identity V -제5인격,개발자님들 저는 선지자 유저인데예전에 나온 역전의 사냥꾼 스킨을 다시 꽁자로 줬으면좋겠네요 왜냐하면 다른 탐정님들도 선지자의 역전의 사냥꾼스킨이 갖고싶어도 이벤트가 지났기때문입니다 그래서 다시 이벤트를 열었으면 좋겠네요 다음 업데이트 기대할게요 감사합니다^^
Identity V -제5인격,다른건 모르겠고 진짜 제발 서버 관리만 똑바로 해주세요 핑이 튈떄도있고 안튈때도있는데 튈때마다 진짜 하기 싫어집니다. 제발 서버관리만 잘좀 해주시죠
Identity V -제5인격,"진심 감시자 너무 사기고 특히 연합은 어쩔 수 없겠지만 어그로 끌릴때마다 감시자 2명이 와서 어그로를 많이 끌어도 20초가 최대여서 이기는 판이 너무 없는 거 같고요 특히 렉,핑 때문에 다른 게임에선 분명히 렉이 별로 안걸리는데 이 게임에서만 다른 게임 렉의 10배구요 진심 감시자 너무 핵 사기에요 특히 나이아스랑 거미는 좀 아닌거같애오.. 오인격을 맨 첨에 유튜버 영상을 보고 시작했는데 유튜버들이 왜 오인격이 망겜망겜 하는지 알 거 같네요 다른 유튜버 영상 보면 또 대용량 업뎃한다 영상 봤는데 그 영상 보니 접어야겠다 하는 생각밖에 안들고 현질유도가 좀 많이 심각한 거 같네요..그래도 오인격 나름 고퀄 게임이고 재밌긴 재밌었습니다.^;"
Identity V -제5인격,재미있기는한데 자꾸 화면 깜박거리고 핑 수치도 괜찮아졌는데 계속 그러네요 플레이할때 좀 불편해요
Identity V -제5인격,사실 조금 부족한 부분도 많고 게임할 때 비매너 분들로 인해 짜증나는 경우도 많지만 그래도 정말 재미있게 플레이하고 있습니다!!
Identity V -제5인격,요즘에 게임하다가 갑자가 나가져요 그래서 계속 게임도 지고 일부로 나간것도 아닌데 마이너스 생기고 저만 그런지는 모르겠지만 게임상의 문제가 맞다면 고쳐주세요
Identity V -제5인격,전에 재밌게 했다가 사정상 지웠는데 다시 하려고 다운받으니까 권한 허용하고 나니 응답없다고 나가지네요 지웠다 깔고 전원도 껐다켜봤는데 계속 응답 없음으로 뜨네요 해결좀요;
Identity V -제5인격,정말 재미있게 게임하고있는 유저입니다 제 의견이지만 코난 콜라보를 다시한번 더 해주셨으면 좋겠어요! 그 시즌만 제5인격을 쉬고있어서 얻고싶은 것도 못 얻었거든요..꼭 한번 해주셨으면 좋겠어요!
Identity V -제5인격,게임하다 보면 핑이 너무 자주 튀겨요 ㅠㅠ (0.1초가 중요한 게임인데 핑 때문에 감시자/생존자 패턴을 구분하기 힘들어요 ㅠ)
Identity V -제5인격,"렉이 조금 걸리지만 괜찮아요 ,,! 근데 현질을 해야지 조금 게임을 진행할수있어요 ! 그래도 재밌어요 한번 해보시고 결정하시면 될것같네요"
Identity V -제5인격,핑이 엄청나게 튀깁니다.중요한순간에 서버재접속을 몇번이나 한건지 모르겠네요.그거말고는 딱히 칭찬할껀 없지만 캐릭터가 매력적이에요._.
Identity V -제5인격,셀프계정복구할려는데 닉네임이랑 아이디 두개밖에안되네요 오랜만에 와서 하는건데 두개다 기억이안납니다....계정으로 복구는 안되는건가요??
Identity V -제5인격,"진짜 인생겜,, 절대로 잊히지 않을 게임이에요 퀄리티도 좋고 웃긴 감표와, 재밌는 모드,, 심지어 스킨도 이뻐요.. 퀄리티랑 화질, 엄청 화려하고 게임 할 맛 나요ㅋㅋㅋㅋㅋd=(´▽｀)=b 진짜 혈압이 오르긴 하지만 이 게임 추천합니다 쵝오!!"
Identity V -제5인격,계정이 살아지는 경우도 많고 최신폰이고 와이파이 잘되는데 렉이랑 핑도 뒤지게걸리고 캐릭하나에 졸라비싸고 정수확율 뒤지게 안좋은데 캐릭터 이쁘긴함 렉이랑 핑만 괜찮으면 할만함 판정개구리지만 재미있음
Identity V -제5인격,하 진짜.. 저 이 게임 하면서 진짜로 욕 함 아니 짜증나네 감시자를 하고 있는데 때리는 버튼을 눌러도 좀 늦게 반응 합니다 와아파이 이런거 다 멀쩡 하구요 늦게 반응해서 저는 1명도 못 잡았어요. 그리고 초보자를 위한 그건 좋긴 좋은데 참..진짜 개 빡쳐가지고
Identity V -제5인격,안드로이드 갤럭시 Z플립3를 사용중인데 게임이 너무 자주 튕기는 문제가 발생합니다. 해결 부탁드려요.
Identity V -제5인격,재밌긴 한데 악몽이라는 감시자는 없애주시거나 능력을 바꿔 주셨으면 좋겠습니다 생존자 입장에서는 상대하기 매우 어렵습니다
Identity V -제5인격,이게임 재미있습니다.. 많이 해주세요..초부터 했는데 스킨도 많고 캐릭터도 많습니다 렉은좀 있어도 할만합니다
Identity V -제5인격,오랜만에 다시 들어왓는데 계정복귀가 안되네요 연동도 안되고 아예 처음부터 다시시작하네요 확인 부탁드립니다
Identity V -제5인격,인계코드 비번설정 어떻게 조합해야 하나요? 몇번을 비번 설정해도 규칙에 맞지않는 조합이라 나옵니다.
Identity V -제5인격,이전 데이터도 다 날아가서 처음부터 다시 시작해야 했습니다(특히 스킨)ㅠ 또한 중요한 ’순간’에만 렉걸려요ㅜ
Identity V -제5인격,한국서버 유저였는데 한국서버 계정이 사라졌네요. 글로벌 서버로 자동이전 되는것도 아니고 한국서버에서 게임 접었다가 다시 시작한 사람은 어떡하라는건지 모르겠네요.
Identity V -제5인격,술래잡기 게임 좋아하는데 짜릿하고 재밌네요^-^ 다만 모든 캐릭터를 골고루 챙겨주셨으면 좋겠어요~
Identity V -제5인격,오랜만에 접속했는데 계정이 날라간건가요? 서비스센터에 AI문의만 있기에 이용하는데 '답변 갱신중입니다'만 무한 생성되고 넘어가질 않네요. 어떡하란걸까요?
Identity V -제5인격,오랜만에 복귀했는데 처음엔 잘 접속 됐는데 몇시간 전부터 계속 튕기네요ㅋㅋ뭐 게임을 하지말라는건가 계속 안된다구요ㅜㅜ
Identity V -제5인격,아니 랭킹전레서 계속튕기는것도 빡치는데 장시간 탈주라고 행위점수를 차감하네요 정말 기분이나쁘네요.
Identity V -제5인격,2년동안 플레이 한 유저입니다. 플레이하면서 모든 부분에서 다 좋았는데요... 요즘 게임을 플레이 하려고 들어가면 다운로드를 하라는 알림이 뜨는데.. 저장공간이 충분히 있는데 계속 다운로드하라고 알람이 뜨고 게임이 안들어가지네요. 뭐가 문제인지 알려주실 수 있을까요?
Identity V -제5인격,하하하 이게임 하실분은 꼭 확인하시고 하든지 말든지 하세요 조건중 3가지 이상 맞으셔야 할 거 예요 1.부자이신분 스킨 1개에 기본 50만원 이상입니다 2.게임에 진심이신분 3.현질 가능 하신분 게임의 전부는 거의 현질입니다 4.와이파이가 엄청 좋으신분 안좋으면 중요한 타이밍에 렉이 걸릴수 있고 엄청 심하면 팅길 수 있어요 5.용냥이 많으신분 이거 용냥 10G이상 잡아먹어요 용량이 많으셔야 해요 여기중 3개이상 아니신 분은 추천 안드립니다
Identity V -제5인격,데이터를 키든 와이파이를 켜도 밖에선 자꾸 제접속을 하든 서버 접속 실패라고ㅠ 떠요ㅠㅠ 고쳐주세요
Identity V -제5인격,저는 이 게임을 친구 추천으로 함 깔아봤습니다.처음에는 어떻개 하는지를 몰랐는데.. 친구가 알려주고 시간이 지나서 해보니 정말 재미있습니다. 다른분들은 안된다고 그러는데 저는 정상처럼 잘 돼서 너무 행복하고 재미있습니다. 저는 추천만 하고 렉이 좀 걸리고 저는 제5인격을 많아 안하고 한 1개월정도 지나면 들어가는게 느려져서4점입니다. 그리고 친구와 같이 할수 있어서 너무 재미있네요. 만족합니다.
Identity V -제5인격,진짜 계속 튕기고 매칭 너무 에바.. 매일 하긴 하지만 할 때마다 진짜 에바임
Identity V -제5인격,예전 계정 찾으려고 못 찾습니다. 예전 계정에 30정도 썼는데 이건 진짜 아니라고 생각합니다.. 설정 고객 센터 했는데 안되요 이거 어떻게 하면 되나요 도와 주세요ㅠㅠㅠㅠ
Identity V -제5인격,오늘자서버점검하고 서버점검하기전에는 핑양호햇는데 서버점검하고나서 핑겁나안맞고 케릭터조작도 못할정도로 게임이끈기네요
Identity V -제5인격,계정연동 인계 확실하게 했고 불안해서 확인 3~4번 했는데 다 날라갔네요 나참 찾는데 계정 생성일 마지막 로그인시간 다 쓰라고 그러고 결제 내역 6장 보내라는데.. 아니 ㅋㅋ 그런 거 기억하고 그거 캡쳐해두는 사람이 세상 어디에 있나요
Identity V -제5인격,아니 게임 플레이 하다가 팅기는건 먼 경우지? 업뎃도 다 하고 저장공간도 넉넉한 상태였고 최신폰으로 바꾼 상태에서 팅긴거인데?
Identity V -제5인격,매우 재미있고 스킨도 예쁜게 많아서 가끔 힐링조 한답니더...하지만 단점도 았는데 제가 생각하긴 아마도 스킨등 캐릭터를 살 보석과 단서가 많이 비싸서 구매하기 힘들다는겁니다
Identity V -제5인격,이 게임 완전 재미있음 이겜 친구랑 같이 하기 도 괜춘하고 누가 이기나 내기도 가능 ㅋㅋ근데 해독 하는거 넘 오래 걸리고 잡혔을때 2번 의자에 앉혀지면 죽는게 넘 벨붕인듯.. 이것만 빼면 다좋음
Identity V -제5인격,사전예약때부터 5년째 너무 재밌게 하고있어요 ㅜㅜㅋㅋㅋ 과금없이도 원하는 캐릭터 전부 살수있고 게임에 여러가지 변수가 작용한다는점이 마음에 듭니다!! 제발!!!제발 Ios 안드 통합 부탁드립니다 계속 존버중이예요.... 우배부스킨 다시끼고싶어요ㅜㅜㅜㅜㅜ....
Identity V -제5인격,"좋은 평을 남기고 싶어도 힘들겠네요. 와이파이 3칸으로 해도 렉걸리고 데이터로 해도 렉이 걸리네요. 갤럭시 s21+ 인데도 렉이 걸리는건 무슨 상황인거죠? 메모리도 150GB 넘게 남아있고요, 다른 게임들은 정상인데 왜 유독 이 게임만 하면 렉이 걸리는걸까요??"
Identity V -제5인격,"정말 재밌게하고 있던 게임입니다 근데 요즘들어 서버 재접속이라는 문구와 함께 계속해서 게임에 들어가지를 못하고 있습니다 혹시 무슨 문제인지 확인 바랍니다,,,"
Identity V -제5인격,아니 게임 하다가 게임 나가기 버튼이 있어서 창 끄기 버튼인가? 하고 눌렀는데 게임이 초기화가 됬어요..옛날에도 그랬었고요 계정복구 어떻게 하는거예요..
Identity V -제5인격,저는1년한유저인데요 지금어제부터갑자기접속이되지않습니다이거저만그런가요일단신고는넣었으니신속히해결해주었으면합니다 해결되면5점으로바꾸겠습니다
Identity V -제5인격,여태까지 플레이 해오면서 안좋은점들도 있긴 했지만 업데이트가 될수록 게임이 더 재밌어지고 좋네용 앞으로도 좋은 업데이트 많이 해주세요☺
Identity V -제5인격,"진짜 ㅈ사기캐들 드럽게 못 잡음. 봉봉,각가랑 용포샤선계 이런거 똑바로 못 잡을거면 퍠치노트 왜 있는지 모르겠음 옛날부터 사기인것들이 게속사기임 고객문의는 있어봤자 해봐도 소용없고 감시자 승률은 뭔 80~90%인 것도 진짜 말이 안 됨. 솔직히 이 겜이 마리나온 후부터 이미 망한걸 지도 모름. 이 겜이 즐기자하면 구출캐 4명,6시 아무도 안들기,맵맛등등 재밌지만 랭으로 휘장따는 빡겜러들은 머리가 아프고 힘듬. 투토리얼은 길 수도 있음.그건 이해함 그리고 또 하나집고 싶은 점은 바로 탈주자들이다. 롤같은 경우 랭에서 탈주자가 있을 시 점수를 덜 차감하는 시스템이 있지만 이 겜은 그런 것 따윈 없음. 신고하고 잘 처리됬는지도 모름.그리고 연패했을 시 보너스로 점수를 더 준다거나 이런게 있으면 좋겠음 생유저들이 왜 승률이 1~2할인지 깨달음."
Identity V -제5인격,실수로 제5인격을 지워지고 다시 깔았더니 다시 구글에서 로그인 했는데 이름이 다르게 나오고 캐릭터가 다 사라지고 다 사라졌습니다 이거 때문에 계정을 2개나 잃었습니다 어떤 방법을 써봤는데 그것도 안됐습니다
Identity V -제5인격,제가 이겜 처음부터 했던 플레이어인데요 오랜만에 들어가보니 계정에 들어가는 방법은 그대로이지만 계정이 바뀌었더라구요 리소스팩 때문인줄 알고 기다렸지만 변함이 없었어요 제 계정이 복구가 될까요? 바뀌기 전 닉:내오른손에흑염 현닉:허기져 스토리도 안나오길래 놀랐습니다.. +제가 자주 들어간 서버는 아시아이고 자주 로그인한 방법은 구글플레이이며 마지막으로 한날은 기억 안 나지만 현질도 했는데 내역이 없네요..1200원을 했었거든요 마지막으로 들어갔을때 쓴 기종은 갤럭시 s20입니다. 계정 연계도 못하여 힘듭니다...
Identity V -제5인격,게임 플레이 방식은 좋은데 게임하는 소리와 암호해독 방식 좀 수리해 주셨으면 감사합니다 이유는 좀 야한 소리요
Identity V -제5인격,아이디를 찾고싶습니다. 서비스센터를 통해 수동으로 찾으려해도 찾을수가 없습니다. 영수증과 인게임 캡쳐 사진등이 있는데 어디를 통해 연락해야 찾을 수 있나요? 서비스센터에서 메일보내는 창이 나오지 않습니다.
Identity V -제5인격,"아니... 저기요, 어제까지만 해도 멀쩡히 게임 플레이했는데 갑자기 로그아웃되더니 로그인이 아예 안 되네요. 구글 플레이 계정을 바꾸라는데 원래 했던 계정 그대로인데도 변화가 없다고 뜨면서 로그인이 안 됩니다. 열심히 키워 놨더니 뭐 하자는 건지 모르겠네요."
Identity V -제5인격,서버 핑 관리만 좀 해주세요...ㅠㅠ 이벤트도 많고 좋은 기능 많은데 게임 돌릴 때 마다 핑이 터져요
Identity V -제5인격,"앱중지되서 게임실행이 안됩니다 저장공간문제도 아니고 게임잘되다오늘갑자기 안되네요 앱삭제후 재설치,데이터삭제해도 안됩니다"
Identity V -제5인격,"서버 많이 튕기고,핑도 많이 터져요, 다 괜찮은데 제발 서버관리 만 해주면 좋겠어요. 화이팅!"
Identity V -제5인격,점수도 주기 싫네 자꾸 앞으로 걷기만 하고 렉이랑 오류나서 감시자하는데 다놓치고 일안합니까? 계속 걸어요.끼임탈출 눌러도 그상황이 아니래요. 왜자꾸 즐겜하고픈데 렉이나죠?
Identity V -제5인격,2년째 즐겜중이에요~~ 캐쉬 안 써도 딱히 문제 없어요 ~.~ 예전 브금들 풀어주면 좋겠어요 ㅠㅠ 할로윈브금 좋던데 없어서 아쉬워요
Identity V -제5인격,하..진짜..아니 그쪽들이 튕기게 해놓고...행위점수를 차감하네요..?1점 달려던거 인심써서 3점 단겁니다...하...튕기는것좀 어떡해 하면 안됩니까?예?2~3년 정도 하는데..이건 좀 너무한거 아녜요?현질유도도 좀 심해요..
Identity V -제5인격,오랜만에 접속했더니 계정이 사라지고 게스트로 가입했어요 오랜만에 접속해서 닉네임이랑 아이디가 기억도 안나고 진짜 별점1점주기도 아까웠습니다 찾을수 있는 방법은 다 찾아봤는데 진짜 너무하네요 계정 복구 부탁드려요
Identity V -제5인격,다른건 좋은데 스토리모드 진행이 안돼요.. 시약하기가 몇번을 해도 다음으로 넘어가지지가 않네요
Identity V -제5인격,아니 왜 게임하고있는데 대체 몇번이나 튕겨져나가는거야 그것때문에 제일짜증나는 감시자했다가 더 짜증만 나고 그리고 왜 자꾸 렉이 걸림니까? 이래서 겜진행이 되겠습니까? 안되지
Identity V -제5인격,"계정 복구 하고싶습니다만, 서비스센터를 눌러도 계속 메크로 답변만 와서 매우 불안합니다. 수동 복구를 부탁하고 싶은데 절차를 알려주시면 감사할 것 같습니다."
Identity V -제5인격,게임은 너무 재밌는데 이 게임만 하면 렉이 너무 심하게 걸려서 게임 진행이 어렵습니다. 게임 안정화 개선부탁드립니다.
Identity V -제5인격,게임자체는 재미있지만 캐릭터를 현질 없이는 못사는게 아쉽지만 게임자체는 재미있어여 렉좀 고쳐주면 5점 드릴께여
Identity V -제5인격,와이파이 빵빵하게 잘만터지는데 핑 300은 기본임 미친건가 싶음 그리고 계정 날라가서 처음부터 다시 하는 중입니다ㅋㅋ 개빡치네
Identity V -제5인격,이거 진짜 미치도록 재밌어요 초반에 재미없어도 절대 지우지 마세요 초반에만 재미없지 캐릭터란개 살 수 있을때 정도 되면 진짜 개재밌어요
Identity V -제5인격,전 서버 계정이 저장이 안되어있긴 했는데 그래도 이만큼 재밌는 게임 없는 것 같아요.. 지워도 자꾸 언제부턴가 깔게되는..
Identity V -제5인격,서버가 불안정하고 렉 안 움직이거나 멈췸 튕김 화면정지 다양하게 버그가 많아졌어요
Identity V -제5인격,제가 갤럭시 20을쓴데 강종되고 난리나서 할수가 없네요 게다가 이러면 폰도 같이 맛이 감 이정도면 문제 있는거 아닌가요ㅡㅡ 하다 스트레스 더받네여
Identity V -제5인격,갠적으로 재밌음. 스킨이랑 악세도 예쁘고 스토리도 재밌음. 근데 현질하기엔 돈 너무 많이 들어..
Identity V -제5인격,연동 어떻게 하나요 아이디는 기억안나는데 결제 내역이있어요 앱 다운해서 들어가니까 계정연동되었다고 문자와있더라고요
Identity V -제5인격,튕김이 너무 심하고 렉 걸려요 겜 하란거야 말란거야~~~~~~ 네트워크 빵빵하고 핑도 안정적인데 앱이 왜 꺼지냐구요ㅋㅋㅋㅋ
Identity V -제5인격,글썹이여서 좀 아쉽게 됬지만..재밌어요! 계정 분실되도 쉽..게 다시 찾을수 좋아요.
Identity V -제5인격,아니 갑자기 꺼지는 것좀 해결해라고요 5판에 2판꼴로 꺼지냐 ㅋㅋㅋ 3년째하는데 게임 관리를 제대로 안하는듯 문의 넣어도개선도 없고 그러니까 적자 나지..
Identity V -제5인격,재밌는데 버그가 너무심해요 화면멈춤 진짜 아 ..너무열받아요 하루에 몇번을 화면이 멈추는지 하
Identity V -제5인격,"너~~~무! 재밌어요~^^ 처음 주는 캐릭터들로도 재밌게 플레이 가능하구요! 3학년 때 했을 때는 무서워서 못 했는데 6학년 되니 더 재밌더라구요^^ 아, 그리고 이건 좀 불편한 점인데 듀토리얼이... 넘~ 길어요ㅎㅎ 그래도 시간문제니까 괜찮구요~^^ 그 생존자 좀 쉽게 얻을 수 있게 해주세요. 무과금들은 넘 힘들어요ㅠㅠ 메아리 못 얻구ㅠㅠ 제가 샤먼 제일 좋아하거든요? 그래서 제 의견은 처음 시작했을 때 얻고 싶은 생존자 하나 선택해서 쓰게 해주세요🙏 그리고 계정이 날라갔던데... 어차피 어렵게 키운 계정이 아니라 괜찮아요ㅎㅎ 제 의견 들어보시고 좋으시면 해주시고, 정 안 되면 안 해도 되요ㅎㅎ 제작자님들은 이 게임의 개발을 위해 노력하는 것만으로 감사하니까요^^ 코로나 조심하시고 건강하세요! 그럼 제5인격의 폭팔인기를 꿈꾸며!(긴 글 읽어주셔서 감사!감사!왕감사!!!)"
Identity V -제5인격,패치된 후 게임 중 튕기는 현상이 있습니다 ; 너무 불편해서 게임을 못 하겠어요 돈 벌 생각만 하지 말고 오류 좀 고쳐주세요 ; 복귀한지 얼마 되지도 않았는데 다시 접을거 같아요 진심
Identity V -제5인격,서비스 센터 계정찾기 양식을 쓰고 제출하는데 자꾸 제출을 실패했다고 뜹니다. 어제 오늘 계속 이래요. 정보는 빠짐없이 입력했는데 왜 이러는지 모르겠네요... ㅠㅠ몇일전에 계정복구문제로 2번 문제를 제출했었는데 잘 되던게 갑자기 안되니까 답답하네요... 계정을 얼른 찾아야 하는데 말이예요.
Identity V -제5인격,혹시 화질 패치되었나요? 화질이 예전보다 선명해졌긴 햇지만 프레임이 뚝뚝끊기고 게임을 못하겠습니다 다른분들도 화질패치됐냐 왜이리 렉이 걸리냐 이러시더라구요.. 고쳐주셨으면 좋겠습니다 화질때문에 며칠째 게임을 못하고 있어요
Identity V -제5인격,무과금도 쉽고 재미있게 할수있지만 로딩이 실패해서 않들어가져요ㅠㅠ
Identity V -제5인격,계정복구가 안될줄알았는데 문의를 드리니 친절하게 답장을주시고 계정복구에 힘써주 셨습니다. 몇번이고 문의를했는데 그때마다 친절한답변 감사했습니다. 이제 즐겁게 게임 할 수 있어요~^^
Identity V -제5인격,개트롤망겜~~ㅎㅎ 모두 빨리 접으세요! 고인물만 남아서 저티들은 전부 부계~^^ 2판지면 봇매칭하는 시스템도 그지같고 핑은 매번 오지게 튀고 10판중 1판은 아예 게임이 꺼져버리고 튜토리얼에 중요한것들 설명도 없고 이러니 뉴비영입이 안되는거ㅉㅉㅉ 계정 날아가서 새계정 팠더니 감시자가 전부 부계~연패~봇매칭~ㅈ노잼의 연속~^^ 어쩌라고요 이제안할거임 ㅅㄱ 내가 다시 이게임을하면 사람이 아니고 개다😁😄
Identity V -제5인격,핑이 자주 튀고 발열이 굉장히 심해요. 스킨 적용 없이 기본 스킨으로만 보이는 설정도 가능하면 좋겠어요.
Identity V -제5인격,"처음 나왔을때부터 플레이했었는데, 폰 바꾸고, 자주 안하게 되어서 이제야 다시 깔았는데 원래 구글플레이 계정 연동해놨는데 지금 초기화 되어서 처음부터 다시 해야할 상황인데 계정 복구 해주세요."
Identity V -제5인격,"재밌는것은 재밌밌지만, 가장 심각한 문제는 저장용량. 내 저장용량이 32기가인데거기에 3기가면 다른앱 절대사용이안됨"
Identity V -제5인격,갑자기 잘만 되던 트위터 공유 기능이 필요한 앱을 설치하라는 말만 계속 뜹니다 앱 재설치나 클라이언트 복구 등 해보았는데도 안 되네요 고쳐주세요
Identity V -제5인격,다 잼있는데 계속 로딩화면에 계속 검은색 화면뜨고 튕겨요ㅠㅠ고쳐주세요ㅠ
Identity V -제5인격,pc버전 이용하는 유저인데요 무정지 점검 도입후 게임 접속이 안됩니다 클라이언트 픽스하라길래 파일 실행해서 했는데도 로딩-서버재접속-로딩이 반복됩니다 공지에 점검한다고 예정한 날도 아니구요 저번에 이러다가 어쩌다 해결됐었는데 점검 한번 또 하니까 더시 접속이 안되네요 왜이러나요ㅡㅡ 이런일 있을때마다 게임 깔었다 지웠다 할수도없고..
Identity V -제5인격,"진짜 개꿀잼이구요 여자아이,장(난감)상(인),무희 진짜 개꿀캐입니다 감시자도 다양해서 원하는 감시자,도망자 구매해서 사용할 수 있고 단점이 있다면 생존자랑 감시자 속도차이가 너무 심한게 아쉬운데 그거 빼면 진짜 완벽해요..💘"
Identity V -제5인격,업뎃많이하고 화질 좋습니다. 네 간단합니다.....죄송.....(?) 장단점만 말하겧습니닿 화질 굿 업뎃 굿 캐릭 굿 스토리까지 굿굿굿! 버그 만빼면 👍
Identity V -제5인격,아니 저 밑분에 용량때문에 게임 잘 안돌아간다고 폰을 바꾸라는 분이 계시는데 폰 바꾼지 한달 됐고 용량도 넉넉한데 게임 자체가 다운이 안됩니다 뭔 오류인지는 모르겠는데 예전부터 렉이 많이 걸려서 걱정되긴했는데 이젠 다운 자체가 안되니...할수가 없네요😔
Identity V -제5인격,"4대 1 비대칭 겜이라서 감시자가 처맞는 건가요? 재밋긴한뎅 겜 할때마다 ㅆ 소리가 나오는건 기본이되어버렷다구요 감시자한테 너무 불리해요. 제발 탐사원 너프좀 그리고 해살녹 진짜 미쳐버리겟음 아니 한명 보내면 해독기가 2개야 이게 말이댐? 그리고 스킨 너무 비싸요,,스킨 가격 너프좀. 감시자만 하는데 사람이 어떻게 미치는줄 알게 되어버림 흑흑ㅎ구흑ㅎ구흑ㅎ극헣엉엉엉ㅇ엉ㅇ엉ㅇㅇㅔ엉ㅇ제발 다른건 필요없습니다.해독 속도 좀 어떻게 해주세요. 게임을 하고 싶어도 생각만 하면 열받아서 바로 꺼버림ㅠㅠㅜㅜ 그래도 잼잇어서 하긴하는데 쓰면서도 혈압올라진짜 네 이것만 고치면 젝아 사방으로 그랜절 박겟음니다. 그리고 핑 관리와 스토리 좀 빨리 풀어줘세용^^"
Identity V -제5인격,캐릭터 귀엽고 제 취향 다들 여러가지 능력도 있어서 하는데 재밌었어요 퍼즐 모아서 캐릭터 사는데도 모으는 맛이 있고 단점은 생존자 처음하면 되게 어렵고 튜토가 오래걸려서 시작도 멋하고 접는듯
Identity V -제5인격,오랜만에 해볼려고 깔았는데 전에 쓰던 데이터들이 다 날라갔어요..
Identity V -제5인격,업데이트이후 주사위돌리는게 나오지않아 다시 제거후 설치했는데 그동안 중간중간 구글에 연동했덧계정이 계속 게스트계정으로 복구가안된다고 나옵니다 구매했던 이력도 있는데 어찌하?야하나요
Identity V -제5인격,렉이 좀 걸리긴 하지만 재밌어요! 물론 가끔 판정망겜^^7 그래도 5점줍니다(아 ㅋㅋ 3년간 했는데 5점 어캐 안줘)
Identity V -제5인격,넷이즈답게 모바일치곤 퀄리티가 상당히 훌륭한 게임입니다.데바데와 차별화된 혼돈의 분쟁 모드나 캐릭터들이 개성있어서 재밌습니다.스킨들도 예쁜게 많고요.다만 현재는 예전만큼의 공포성은 찾아보기 힘들어졌다는 것과 캐릭터나 맵의 밸런스가 자꾸 수정되고 뒤죽박죽인건 좀 아쉽네요.성인유저층도 많이 빠져있다 보니 무개념 어린유저들을 상대하기도 힘든것도 단점이지만 어쩔 수 없는 문제라 더 안타깝습니다.게다가 갈수록 감시자만 너프하니 좀 추하고 생각이 있는건지 없는건지 모르겠네요.
Identity V -제5인격,계정인계때문에 많은사람이접었네요? 저도접었고요 ㅋ.. 게임용동만 잘해줬으면 평점도이러지않을텐데 하지만 어쩌겠어요 귀찮아서 안해주셨는데^^
Identity V -제5인격,어제 다시 깔아서 원래 사용하던 계정으로 접속을 했는데 계정을 만들라네요. 다른 계정들로도 접속했는데 원래 계정이 완전히 사라졌어요. 찾을 수 있나요?
Identity V -제5인격,화면 예전마냥 돌아가지지도않고 터치도안되고 뭐하자는건지 모르겠음 바로삭제때림
Identity V -제5인격,"튜토리얼인지 메인스토린지 걍 스킵하고 바로 본게임좀 들어가고 싶은데 스킵이 안되네... 난 걍 겜하고 싶은데 흥미도 없는 스토리하라 강요하네 환경설정에서 스킵버튼좀 만들어 줬음 하는데 ,.어쩌피 게임 방법은 데바데나 프롭이나 비슷한 류 많아서 게임방법은 이미 잘 아는데 게임 하기도전에 벌써 흥미 떨어짐"
Identity V -제5인격,"단서, 보석이 짜잘하게 모이는 노동단점이 있지만 현질시스템도ㅜ많이 개편되어있으며 게임내에 시스템도 많이 발전하였으며 핑 관리만 잘되면 게임에 문제는 없는것 같습니다."
Identity V -제5인격,진짜 별로 첫째 렉이 엄청 걸림 이런 부류의 게임은 진짜 렉한번 걸리면 게임 터질수도 있는데 렉이 심함 두번째 용량이 너무 큼 이건 무슨 오인격만 하라는것도 아니고.... 세번째 감시자와 생존자간의 밸런스가 너무 안맞음 일딴 생존자에게 유리함 네번째 너무 넓고 복잡해 감시자가 도저히 이길수 없는맵들이 있음 그거 랭킹전에 도입한다는데 진짜 이해가 안됨
Identity V -제5인격,일단 와이파이가 빠른데도 불구하고 렉이심할때가 종종있습니다. 언제는 맵이 뚫리게보이는경우도 있습니다. 그것 외에는 즐겁게 플레이하고있습니다.
Identity V -제5인격,이 게임 정말 예전부터 했습니다. 하지만 캐릭터의 가격 때문에 초반에는 여러가지 캐릭터를 못한다는 단점이 있네요 ㅠㅠ 그래도 여러가지 캐릭터로 플레이 하는것이 좋네욤 ^^
Identity V -제5인격,안드러간지 좀 됬는데 다시들어가보니까 안되더라고요 그래서 삭제하거 다시깔았는데도 안들어가지네요 점검 중이라서 그런건가
Identity V -제5인격,갑자기 제5인격을 누르면 계속중단됨이라뜨고 10일전부터그래요 고쳐주세요 아예 안들어가져요 사진도다 삭제했는데
Identity V -제5인격,복귀유저인데요 재가 별 3개만 주는이유는 간단합니다 랙이걸린다는 점과 과도한 현질유도에요 언제나 그러지만 랙이 심합니다 랭킹전해도 자주 걸리는데다가 그것때문에 진게 한두번 아니에요 와파도 잘되는데 신기하네요 그리고 단서 모으는거랑 스킨뽑는거에 현질유도가 많이보입니다 재가 소과금러지만 정수뽑기는 그냥 현질유도인거 같네요 이쁜스킨도 뽑는데 시간이 많이걸렸습니다. 다른건 다좋은데 이건만 고쳐주세요 엄청과금하는사람이 아니면 싫어할수도 있어서 리뷰남깁니다. +계정은 빠른시일네에 찾아주세요 저는 다시하면 그만이어도 다른사람은 열심히 한것입니다. 그런식이면 넷이즌 섭종하세요. 그리고 정수 확률올려!! 뽑기 검나힘들다고!!
Identity V -제5인격,제발 감시자 행동은 스킵해주세요 이게무슨 데바다나 프롭나이트도 아닌데 이딴 리엑션이 뭐가 필요합니까??? 게임에 쓸데없는 리엑션 그리고 공격할때 쓸데없이 무기 닦고 그런거 없애주셈🤬🤬🤬🤬🤬🤬🤬🤬🤬🤬🤬🤬🤬🤬🤬🤬🤬🤬🤬🤬🤬짜증나요 솔직하게.....한번 때리면 기절해야되는데....2~3번 때려야 기절하다뇨 말도 안됩니다...
Identity V -제5인격,안녕하세요 넷이즈 바뀌고 나서 오랜만에 생각나서 마음먹고 다시 깔았더니 왤캐 팅기나요? 저장공간도 충분히 비었는데 안되네요 최악이다
Identity V -제5인격,"친구추가 방법도 없고, 기존에 한거 다날아갔고 이따구로 만들거면 동네 멍멍이 데려와서 앉혀라"
Identity V -제5인격,이 게임밨지마세요 이거계속 다운로드중지되어있습니다라고 계속떠요 제가저장곤강 널펴는데도 당운로드중지있니다해요 게임날려그냥 스트레스도많이도바듬 진짜깔지마세요
Identity V -제5인격,렉이 많네요.요즘따라ㅎㅎ 저 겜 접긴 싫은데 어떻게 좀 해주시겠어요?^^ 5인격이 원래 용량을 많이 차지하는거 아는데 용량 최대한 줄였거든요.
Identity V -제5인격,와이파이 5G 4칸인데 렉걸려서 게임을 할 수 가 없네요. 핑이 자꾸 튀기니 이기는 상황에서도 말아먹고 지는 상황에서도 도움을 줄 수 없습니다. 제5인격이 몇년된 게임인데 아직도 렉을 잡지 못했다는 것이 어이가 없네요
Identity V -제5인격,심연같은 중요한 이벤트를 할 때 마다 핑이 200에서 천천히 900까지 오르고 심하면 1000까지 올라가 서버 재접속을 만들고 랭은 망한다. 점검시간은 개 긴데 그 시간동안 별로하는것도 없다. 핑관리도 안하면서 유저들한텐 보상같은것도 안줌. 그리고 뉴비들은 겜 깔고 봇판 지나면 썩은 물들이 부계파서 나만 이겜 주변에 할 친구도 없음. 시즌 2부터 왔는데 몇년째 나 혼자만함. 시도때도 없이 핑터지고 정수 확률은 개같다. 근데 요즘은 개 이상한거만 나와서 할겜은 또 이거밖에 없음. 휴대폰 키면 온격접속하는게 내 일. 그래도 스킨도 예쁘고 밸런스가 무너진지 한참됐지만 재밌다. 솔직히 왜 이게 공포겜인지 모르겠음. 그리고 시로무쿠 재판좀. 난 심연하러 ㅃ
Identity V -제5인격,핑900 선넘네 특히 연합사냥할때 렉 너무 많이걸림 그냥 아예 게임에서 나가지던데 랭에서 이러면 짜증남 렉 안 걸리는 날이 없음 랭킹전하는데 중간에 팅겨서 들어가는데 3분걸림
Identity V -제5인격,핑이 터질때가 많지만 뉴비 마음으로 게임하면 빡침이 들함 일단 재미있음 스킨이 예쁘
Identity V -제5인격,제5인격 즐겨하던 유저인데요 1년전인가 삭제를하고 다시 깔아서 하려는데 계정을 아무리 찾아도 나오지않아서 새롭게 캐릭터를 만들라고하네요 ㅠㅠㅠ 돈충전도 많이했는데 계정복구좀 해주실수있나요 ..
Identity V -제5인격,글로벌 서버로 온 이후로 렉도 조금 줄어들었고 캐릭터 체험이 늘어나서 신기하긴 하네요. 캐릭터 디자인도 개성 있고요 굉장히 잘 만드시는 것 같습니다. 이러 모로 이사한 후 잘 사용하고 있고요. 화이팅 하시길 바랍니다!
Identity V -제5인격,몇년전에도 했었다가 다시 할려고 설치 했는데 처음부터 다시 시작하네요 왜 그런지 알 수 있을까요?
Identity V -제5인격,분명 계정 연동 다 해놨고 제 캐릭터들이 글로벌 서버로 옮겨온 걸 제 눈으로 확인했는데요... 설치하고 나서 몇 판 플레이하기도 했습니다. 근데 잠시 며칠 지웠다가 다시 설치하니까 갑자기 튜토리얼이 뜨네요. 어떻게 된 건가요?ㅠㅠㅠㅠㅠ 일단 튜토리얼 건너뛰고 새 유저 이름 막 지어서 서비스센터에 계정분실신고는 해놓았는데요. 새 유저 이름 지을 때 연동된 계정의 닉네임 쓰니까 이미 존재하는 닉네임이라고 뜨네요.... 연동 실패 문제는 아닌 거 같아요. 실제로 글로벌 서버에서 한국 서버 계정으로 몇 판 플레이했기도 하고요. 빠른 시일 내에 문제가 해결되길 바랍니다.
Identity V -제5인격,"이제 그냥 뿌리고 이러면 사람들이 더 떠날수도 있다고요!! 그리고 감시자랑 생존자 단서 모으기도 힘든데 3500가 4500가 이러니깐 다 떠나는겁니다. 그리고 게임 방식도 너무 쉬워가지고 사람들이 싫어합니다. 단서를 낮추고, 현질유도 없이 합시다...."
Identity V -제5인격,안녕하세요! 이게임을 잘 플레이 하고있는 한 탐정입니닷. 다름이 아니라 평점이....네 나락갔네요
Identity V -제5인격,"이것보다 용량 더 큰 원신도 문제없이 잘만돌아감 ㅇㅇ 니들이 문제임 핑이랑 중간중간 팅기는 현상 니들이 안고치는거임 [유저들 폰 메모리정리하거나 인게임 화질 낮춰라, 유저들 기기가 오래되서 그런거다, 유저보고 네트워크 잘 터지는 곳으로 가라, 유저들 와파가 문제다?] 이야~~ 모든 유저가 별짓을 해봐도 다 이상태인데 그럼 뭐 다같이 단체로 네트워크 고장난거냐ㅋㅋ 다 유저들 탓이래ㅋㅋㅋ 웃음벨이네 이 게임이 문제인거라고ㅋㅋ 답변 뭣같이 싸질르지 말고 고치기나해 지금 최적화도 안하고 몇달째냐"
Identity V -제5인격,게임성은 좋고 재밌는데 렉이 심하고 자주 튕김 그리고 대부분 고인물들이라서 처음하는사람이면 개빡샘
Identity V -제5인격,이게임을 2년동안 한 유저에요 맵도 다양하고 직업 케릭터 게임방법도 정말여러가지가 있어서 정말 좋아요 여기서 하나 알려준다면 처음까시는 분들! 튜토리얼 끝내는데 30~1시간 정도 걸리니까 그점 참고해주세요!!
Identity V -제5인격,작년 3월까지 하고 오랜만에 복귀했는데 싹 사라졌어요 ㅠㅠ계정 어떻게 찾나요...
Identity V -제5인격,지금 게임이 계속 튕겨요 진짜 슬퍼요 제ㅏㅂㄹ 게임하게 해주세요오ㅠㅡㅠㅜㅜㅠ
Identity V -제5인격,아니 좀~ 밸런스좀 좋게좀 잡아봐요 무슨 감시자 너프먹을 애들을 더 버프먹이고 생존자는 너프먹이고 대체 무슨 한쪽으로만 지탱할려하니 할맛이 떨어지죠ㅋㅋ
Identity V -제5인격,게임은 잘만들었는데 티어올라갈수록 생존자한테만 너무 유리한거같네요
Identity V -제5인격,계정이 있었는데...없어졌습니다.. 전 계정에서 저장을 했었어야 다시 불러올 수 있나요? ㅠㅠ 전 계정을 다시 보고 싶네요..
Identity V -제5인격,아진짜 튜토리얼 건너뛰기를 중간중간 보여주전가 겁네지루하고 한번 넘어가면 중간에 취소할수도 없는 ㅆㄹㄱ같은 튜토리얼 계속나오네 진짜 최악이다 개발자 뭐하냐 스토리따위 궁금하지도않음
Identity V -제5인격,재미있기는 합니다만 왜 갤럭시와 애플이 연동이 안되는거죠? 이부분은 개선해주셨으면 합니다
Identity V -제5인격,일단 현질유도 정말 심하고요 게임을 할때 갑자기 핑튀기면서 게임 플레이도 할수없게 만드는게 정말 별점 1점도 아깝네요 핑관리 안하시나요? 지금 핑때문에 튕기고 바로 리뷰 쓰는겁니다. 진짜 1점도 아깝네요 +지금 7티 랭에서 핑때문에 튕겼는데 폰은 4개월도 안된 신형이고 폰키자마자 바로 시작했는데 기기탓? 정말 어이가 없네요 핑관리좀 똑바로좀 하세요 욕나올거같아요
Identity V -제5인격,재미있어요 데바데 모바일버전인데 튜토리얼이 너무 길어서 그런지 초반에 포기하는 사람들이 많더라구요... 그래서 유저가 많이없는것같아요... 매칭 잡히는데 오래걸리고... 그래도 재밌어요 캐릭터들도 귀엽고!
Identity V -제5인격,몇없는 비대칭서바이벌게임. 공포게임이라고는 하나 딱히 무서운건 없음. 데바데보다는 덜하지만 3년이라는 시간만에 상당히 고여버린 게임. 업데이트는 활발한 편이나 되려 매우 복잡한 게임이 되어가며 뉴비장벽을 높이는 악수가 되어버렸다는 생각이 들음. 튜토리얼도 빈약하고 재미없었으며 초반에는 70퍼의 확률로 지므로 게임에 대한 정을 붙이기어려운편. 오히려 유튜버의 방송이 유익하다고 개인적으로 평함. 한국서버가 기존에 있었으나 사라지고 글로벌서버로 들어가게 됨. 제5인격을 만든 회사 넷이즈는 중국회사이고 중국의 색이 간간히 보이며 운영도 좋지 않아 신고도 별 방안없고 핑도 자이로드롭으로 튀는편. 만약 계정이 없어졌다면 한국서버가 글로벌서버로 통합되며 8월 24일까지 계정이전을 안했을 확률이 높음. 다신못찾으니 그건포기하셈 다른 문제나 자세한건 공식카페나 챗도 활발하니 그쪽에 물어보는것이 좋음 의외로 현질유도는 없음. 조그마한 확률형 스킨에 목숨거는 나같은 흑우가 문제지.. 아직 하고있는 중.
Identity V -제5인격,"게임은 진짜 재밌는데 허위 신고가 너무 많아요. 아무것도 안 했는데 자기 혼자 화나서 신고하는 대부분 사람들 때문에 기분 나쁩니다.,,"
Identity V -제5인격,게임은 재밌는데 렉이 자꾸 걸리고.. 게임하고있는도중 갑자기 튕기네요..
Identity V -제5인격,"진짜 너무 재밌습니다 이 게임 덕분에 씹덕도 돼고 캐릭 스킨,스킬,외모 너무 예쁘고 잘생겼어요오오....게임 자체도 재밌고 핑도 별로 안튕겨서 편하고 여러 재밌는 이벤트도 자주 열고,너무 재밌게 플 하고 있슴다"
Identity V -제5인격,렉이 너무 걸려요 진짜 개빡쳐서 글씀 렉 한번에 게임이 좌지우지 되는데 자꾸 중요한 순간에 핑이나 튀고 진짜 똥겜💩
Identity V -제5인격,감시자 리퍼..잭 장미지팡이 재출시 해주세요.. 지팡이 출시 했을 때 이 게임을 알았더라면..ㅠㅠ 제발 재출시!!! 원츄!! 리뷰의 마지막 별 하나를 채울 수 있길..
Identity V -제5인격,꽤 오래했던 고인물이고 반년만에 다시 접속하니 예전 계정은 사라지고ㅜ 업데이트는 해야되니까 했는데 첨부터 싹 다시 시작해야하는 허탈감...... 저만 그런게 아니네요.... 유저 많은 인기겜이면서 관리가 이렇게 안된다니...그리고 맵 좀 다양하게 나오던가 추가 맵좀 만들던가... 어휴ㅜㅜ
Identity V -제5인격,진짜 내가 이게임 한 3년동안 했었는데 날이 갈수록 게임사가 일안하는거같음. 게임은 재미없는편은 아닌데 그 밖에 시스템이 좀 너무함 뽑기확률은 진짜 그지같고 밸런스도 개같음. 뉴비유입이 안되니깐 밸런스가 더 개같아지는거같음...최근에 한국섭이 종료되고 나서 계정연동할때 연락줘도 계정연동도 안해주고 진짜 너무함. 캐릭터들도 개성이있지만 너무 한곳으로 치우쳐졌다가 말았다가 진짜 혈압올라 뒤지겠음. 차라리 그냥 돈주고 데바데하삼. 좋은점은 일주일에 한번은 점검을 하긴함.
Identity V -제5인격,"한국 사람들 핑 문제를 하나도 개선 안해주네.. 이게 지금 게임을 하라는거냐? 1초마다 끊긴다. 다른 게임에서 내 데이터나 와이파이는 하나도 문제가 되지 않았는데 이 게임만 렉이 엄청나다. 생존자는 그나마 할만하지만 감시자는 플레이를 아예 하지 못할 정도. 넷이즈가 한섭을 접는다는 말에 핑 문제에 자신이 있는 줄 알았는데, 이럴 줄 알았으면 글섭 연동 안했다. 아예 게임을 플레이 못하는 정도의 핑을 고치지 않고 한국인 돈이나 빨아먹을 생각으로 운영한다면, 아마 한국인 유저 대부분을 잃게 될거다."
Identity V -제5인격,서버가 바뀌고나서 운영이 더욱더 역겨워지고 일을 아에 안합니다. 버그가 고쳐지지않고 서비스센터는아에 대화조차 불가능하게 만들었습니다. 이런게임은 존재하면 안됩니다 당장 서비스종료해주십쇼
Identity V -제5인격,게임 복귀하려고 다시 깔고 패치 다운로드 다 했는데 갑자기 계정에 바로 로그인할수있게 설정할거냐 물어봐서 예 눌렀더니 이상한 영어문장 뜨면서 계정 초기화 됐어요 리뷰 보니까 다른분들도 다 초기화 된거같은데 제 주변에서도 많이 봤고 이정도로 피해 입은사람 많이 나오면 고칠생각을 해야지 제 계정 로그인 시간만 계산해도 3년은 훨씬 넘는구만
Identity V -제5인격,지금 인계 관련으로 말이 많이 나오는 것 같아 말씀드립니다. 종종 계정 찾으실 때 너무 자세한 내용을 알려달라는 안내문자에 불만을 가지시는 분들이 계시는데 다른 게임들도 문의 넣으면 그런 세세한 질문들 합니다. 한국 쪽은 모르겠지만 일본 중국은 대부분이 그렇더군요. 자기가 계정을 생성한 날짜는 언제인지 자기가 게임에 사용한 기기는 무엇들이 있었는지 모든 정보를 다 물어봅니다. 이상한 계정을 찾아서 줘버리면 그게 더 문제가 되니까요. 그래서 자신의 계정을 지우기 전에 정보를 알아두고 지우라고 하는겁니다. 다른 모든 게임들도 해당되고요. 정확하지 않더라도 최대한 많은 정보 주시는게 효과가 제일 좋으니 알고 있는 정보는 다 적으시고 제출하세요. 오인격은 본인 이외 자기가 쓴 닉네임은 중복 사용이 절대 안됩니다. 그러니 본인이 썼던 과거 닉네임도 최대한 적어서 내시는 걸 추천드립니다. 도저히 모르시겠다 하시는 건 자신이 자신의 정보조차도 알아 놓지 않은 여러분들의 잘못이자 실수입니다.
Identity V -제5인격,설치할 때에 와이파이 최적화 환경에서 해도 설치가 1시간 이상 걸리는 점은 아쉬웠지만 게임은 기다린 만큼 보람이 크네요! 재미있게 잘 즐기겠습니다^-^
Identity V -제5인격,재미있게 하고 다시 지웠다가 깔았는데... 6개월 동안 했던 계정 내용이 다 없네요 혹시 몰라서 신규 가입 할 때 원래 닉네임 입력 하니까 있는 닉네임이라고 하고 저한테는 연동내용 없다하고... 도대체 어떻게 해야 게임을 다시 할 수 있을까요... 진짜 열심히 모았던 캐릭터 버리고 다시 1부터 시작하려고 하니 열 받아서 하기 싫네요
Identity V -제5인격,"재밌는 게임입니다 그만큼 오래했던 게임이였구요 계정이 사라져서 문의 넣으면 복구된다길래 공식 사이트를 찾아보니 그 사이트마저 삭제가 됐더라구요 도대체 어디로가야 계정복구가 가능할까요 정말 오래해왔고 캐릭터,집 정말 열심히 모았습니다 현질없이 오로지 제 능력으로만 모았는데 한순간에 없어지니 속상하네요"
Identity V -제5인격,"이 게임은 생존자 4명과 감시자 1명이 있는 게임인데요 생존자는 해독기를 5대 돌리고 탈출구를 열어 나가는거고,감시자는 생존자들이 나가지 못하도록 해독을 방해하고 생존자를 2대 때려서 잡아서 의자에 묶어 장원으로 보내면 돼는 게임입니다. 캐릭터마다 각자 능력이 다르고요 인격이라는 것도 찍을 수 있습니다. 캐릭터 스킨을 사는것도 가능하고요 스킨은 흰색,파랑색,보라색,황금색이로 나뉩니다 상점에 가서 구매를 할 수 있고,가챠를 돌려 확률에 따라 얻을 수도 있습니다. 솔칙히 저는 제5인격은 실력보다 스킨 수집게임인줄... (전에 제5인격이 한섭을 글섭으로 옮겼을때 제 계정이 날라 갔었는데 찾았어요 감사합니다.)"
Identity V -제5인격,"저는 다른 분들처럼 이 게임을 정말 재미있게 하고 있다가 핸드폰을 아이폰에서 삼성으로 바꾸면서 잠시 이 게임을 안하고 있었습니다. 그러다가 막상 할 게임도 없고 심심해서 이 게임을 다시 찾았었는데, 제가 페이스북 계정으로 가입했었던 계정이 사라지고 없더라고요.. 혹시나 싶어서 친구리스트에서 제 이름을 찾아봤지만 역시 존재하지도 않았고요. 남들처럼 막 고이고 그런 건 아니었는데 곧 진귀한 스킨을 사려고 할 때 계정이 날아가서....제 계정 좀 다시 복구해주세요...."
Identity V -제5인격,한국서버가 사라진다고 해서 어렵게어렵게 이동시켜 놨거든요.. 근데 용량 때문에 잠깐 지웠다가 일주일 뒤에 다시 깔았는데 원래 하던대로 페이스북으로 연동했는데 왜 튜토리얼부터 나오죠?? 다 날아간거 아니겠죠??ㅠㅠㅠ너무 급해요ㅠㅠ지금까지 스킨도 진짜 열심히 모으고 친구들도 영입했는데 진짜 아니겠죠?? 해결방법 없을까요???ㅠㅠ
Identity V -제5인격,"오랜만에 설치해서 게임하려고 깔았는데 예전에 썼던 ‘탄젠트법칙’ 계정 좀 원래대로 복구시켜주세요. 완전 초창기 때 사전예약할 때부터 썼던 계정인데 그 전부터 잘 쓰다가 휴대폰 기종 S10에서 S21 5G로 바꿨는데 계정 연동이 안 돼요. 캐릭터도 많이 사두고 스킨, 감정표현, 대기 모션도 많았는데, 계정 연동시켜주거나 복구시켜주세요."
Identity V -제5인격,장난해요? 연동 인계 다 끝난 계정으로 업데이트 후 로그인을 하니 데이터가 모두 날아가고 듀토리얼이 뜹니다. 실망이네요. 전부터 핑관리와 유저관리에도 불편함이 있었고 이번 계정 연동 문제에도 카페에만 공지 하나 올리는 등 마음에 들지 않는부분이 있었지만 이번 건은 정말 실망했습니다. 이런 게임은 다시는 하고싶지 않아요. 안녕히계세요.
Identity V -제5인격,진짜 넷이즈 관리 이따위로 할거면 차라리 섭종하는게 더 낫다고 생각합니다. 맨날 캐릭터너프하고 버프시키고 새캐릭주고 새스킨주고하면서 신유저유입이 안된다하는데 서버관리를 조금이라도 더 해주면 유저들이 겜접을일도 없고 새유저도 들어올것 같은데요? 맨날 핑은 핑대로 올라갔다가 내려갔다가....생존자 한명 탈락할때마다 캐릭터들이 멈췄다 움직이고 핑상태보면 맨날 100이상으로 올라갔다내려갔다 반복하고있고 심지어 핑이 80에서 90사이인데도 렉이 자꾸 걸리고 22년시작됐다고 더 관리를 안하는지 게임로딩도 너무 느려서 맨날 다른유저들보다 늦게 시작하고있고....생존자로 시작하면 그냥 가도 괜찮은데 감시자로 늦게시작하면 그거대로 힘든데 그걸 세판연속으로 느끼고있고.... 이상한 망가졌네망가졌네하는 광고랑 일러내놓을 시간에 제발......제발!!!!!!!!서버 조금이라도 관리해주면 안되나요? 심지어 겜 한번 살짝 나갔다왔는데 바로 재접...그것도 두번연속....이게 말이되냐!!!이게 게임이냐!!!!
Identity V -제5인격,2년동안 해온 게임으로서 새로 들어오는 유저들이 많이 힘들어하는게 눈에 보입니다. 1티어 캐릭터를 조정하는게 새 캐릭터 벨붕으로 내는것보다 훨 나을 거에요. 또 벨붕캐릭 만들어서 욕먹지 말고 1티어캐릭 조정으로 밸런스 맞추면 좋겠네요
Identity V -제5인격,"재밌습니다.현질도 별로 안해도 되고 스토리도 흥미롭습니다.다만 나중에 다른 사물로 변해서 생존하는거라든가,미니게임등 다양한 모드들도 추가해주시면 좋겠습니다"
Identity V -제5인격,"저장공간 차지가 너무 크고, 전에 게임했던 계정 다 사라져있고 버퍼링이 너무 심해요. 예전에 했던 추억 살려서 다시 깔아봤는데 실망이네요. 별 한개 주기도 아깝습니다. 이거 때문에 배그 지웠는데 다시 배그 깝니다ㅎ 그리고 듀토리얼 너무 길어요."
Identity V -제5인격,진짜 별 한개도 아깝네요 감시자가 절대적으로 불리한게임. 해독기속도는 너프 안 하나요?감시자가 떠나가는이유를 알겠습니다 매칭시스템도 4티랑 6티랑 맞추는게 말이 된다고 생각하는겁니까?핑도 고쳐주세요 맨날 핑 터져서 승리할판 무승부하거나 패배합니다 이게임을 사전예약때부터 해온게 후회되네요
Identity V -제5인격,"제5인격 나왔을때부터 쭉 해왔는데 앱 바뀐다고해서 미리 인계코드 받고 다 옮겨놨는데 기기 바꿔서 바로 다운받고 들어가서 계정연동 하고 시작해보니 다 날라가있네요...제가 유일하게 하던게임이 이 게임이였는데 스킨,캐릭터,펫 등 진짜 열심히 모으고 뽑고 하면서 열심히 키워놨던건데 이렇게 순식간에 다 날라가는건 아니라고 봅니다..저처럼 이런분들 많으신거 같은데 해결 좀 해주셨으면 좋겠습니다...부탁드려요"
Identity V -제5인격,왜 내 리뷰글 지움? 아이폰때도 변경된다해서 계정연동시켜서 잘쓰다가 갤럭시로 옮기면서 연동 시도란 시도 다해도 안되서 게임 그냥 삭제함하지마세요 여러분 처리도 안해주고 리뷰글 그대로 지우는데 내가 시도 인해본거면 아 내잘못이네 하는데 원래 페북로그인했었는데 똑같이 하니 새로 시작되는데 이게맞나? 그냥 하지마셈 페북에는 아직 연동 되어있음 그대로 뜨는데 미친게임 진짜
Identity V -제5인격,안녕하세요! 이번에 업데이트 관련하여 문의드릴 것이 있어 별점과 함께 리뷰를 남기게 되었습니다. 우선 대부분의 사람들이 말하였 듯 업데이트 이후에 끊김 현상이 자주 발생합니다. 그리고 저의 개인적인 생각이지만 장원 스토리를 어떻게 어디에서 보아야할지 헷갈리고 잘 모르겠습니다. 초반에는 캐릭터의 일기를 통해 보았는데 이것이 정말 전부인가요?
Identity V -제5인격,"게임자체는 현질유도도 없고 굉장히 재미있어서 출시 때부터 2년 넘게한 유저입니다! 다만 게임 계정이 날라간 유저들이 많은데 한섭이 폐지되고 글로벌 서버로 넘어가는 와중에 계정 연동시켜야하는 과정이 생겼는데 공식카페에만 공지하다보니 공식카페 활동을 안하고 게임만 하시는 분들은 이 소식을 전혀 모르셔서 결국 계정이 날라가 버리는 일이 많이 생겼네요.. 인게임에서도 이런 것들을 전부 공지를 해줬으면 좋았을텐데 공지가 미흡해서 정말 아쉽습니다. 그리고 이 소식을 알았어도 자세한 설명이 부족해서 계정연동 중 실수로 계정을 날리신 분들도 많고요. 일단 게임 자체는 현질 유도도 없고 재미있어서 좋아요. 다만 캐릭터를 사기위해서 오랜시간 시간을 들여야 한다는 점, 그리고 위에서 말했듯이 게임사의 대처부분이 아쉽습니다. 핑 관리 문제도 해결되지 않아서 조금 실망스럽습니다ㅠㅜ 게임은 제가 2년동안 질리지 않고 할 정도로 재미있기 때문에 부가적인 부분들을 잘 신경써주셨으면 좋겠습니다"
Identity V -제5인격,렉이 너무 심하고 감시자와 생존자의 밸런스가 너무 안 맞고 연합사냥을 할때 감시자와 너무 가까이 스폰이 되어 곤란합니다.솔찍히 별 하나도 좀 아깝습니다.한섭에서 옮길때도 누가 인계를 유저가 직접합니까?진짜 운영 이따구로 하지마세요.
Identity V -제5인격,"오래만에 들어왔는데 열심히 해둔 계정이 사라져서 당황스럽고 이미 아는 튜토리얼을 다시 해야한다는게 너무 불편해요.친구랑 같이 할려면 어느정도 튜토리얼을 나가야한다는점도 좀 그렇네요,, 튜토리얼 스킵이 있어으면 더 좋겠어요."
Identity V -제5인격,일단 모바일 게임 중에선 최고의 게임이라고 생각해요. 캐릭터들의 특성과 스킬을 분석하고 전략을 짜는 것이 재밌습니다. 그리고 스킨과 악세사리도 예쁘고 모으는 재미도 있어요. 현질유도도 없고 만족합니다.
Identity V -제5인격,"계정 사라져서 찾으려고 문의 했더니.. 캐릭터 생성시간,마지막 플레이 시간 등등 을 물어보는데 그걸 제가 어떻게 알까요? 거의 2년 된거 같은데 게임에 40정도 지른 영수증도 보여줬는데 그냥 계정 찾지 말라는건가?? ㅋㅋㅋㅋ 그냥 게임 안한다 더러워서"
Identity V -제5인격,예전에 제5인격을 재미있게 플래이 했던 유저입니다. 정말 오랜만에 제5인격을 들어갔는데 계정은 사라져 있고 연동을 해도 계정이 없다고 뜨네요. 그런데 제 닉네임은 그대로 중복되어있는데 제 계정은 사라지고 없어졌더군요. 누군가 제 닉네임을 서버가 바뀌면서 쓴거 같습니다. 그런데 서버가 바뀌면서 계정은 날라가 버린것이 너무 안타깝습니다. 이런일이 저만 있는것이 아니라 다른 분들도 대부분 그렇더군요. 특히 현질은 하지 않았지만 현질한 분들에게는 보상을 해주셔야 하는거 아닌가요? 아니면 환불이라도 해주셔야죠. 계정은 다시 연동이 안되는지 묻고 싶습니다. 그래도 지금 다시 시작하는 마음으로 재미있게 플레이 하겠습니다. 긴글 읽어주셔서 감사합니다.
Identity V -제5인격,프롭나이트 유튜브 보면서 갑자기 오랫만에 하고싶어 다시받으니 전에 했던 계정기록은 다사라지고 고객센터에서 복구하려면 요구하는 수준이 그냥 복구받지 마 수준이네요. 누가 마지막 로그인과 최초 게임시작시간 그리고 계정아이디(코드)까지 기억하고있나요. 닉네임만 기억할텐데요.
Identity V -제5인격,재미있어요. 다만 렉이 쥐꼬리만큼 걸린다는;; 처음 다운 받는 분들 심장 쿵쿵 거리는데 익숙해지면 재미있고 욕하는 분들은 무시하고 플레이 하시면 됍니다. 그리고 식약처는 플레이 비추천합니다
Identity V -제5인격,"3년만에 다시 깔아봅니다 ㅋㅋㅋㅋㅋ 아 근데 구글 로그인하니까 기존 데이터들이 다 사라졌어요 이게 뭔상황인가요;; 제가 모아두었던 캐릭터들도 없구요 퍼즐 물론 다 사라졌어요 튜토리얼 맨 첨부터 겜 플레이가되네요 어이상실,, 전 또 계정유출된줄알고 식겁했잖아요.."
Identity V -제5인격,새로 들어오시는 분들도 게임하기 어려워요...밀랍인형 감시자는 더더욱 그렇고요.스킬이 너무 사기여서 뉴비들은 하기 어려워요...그래서 게임이 더 하기 싫어져요...생존자가 너무 어려워요....
Identity V -제5인격,약간 스릴 있고 협동도 있어 어렸을 때 친구들이랑 즐겨 한 게임이라 오랜만에 게임하려고 들어갔는데 잘 키우고 있던 계정이 사라졌어요 이 문제 때문에 많이 실망스러워요 빨리 고쳐주셨으면 좋겠네요;;
Identity V -제5인격,은근 고사양 겜이고 배그처럼 웬만한 폰들은 다 돌아가는 대신 렉이 심하고 현질유도도 은근 많은편 핑도 폭8 하고 자주 튕김 그리고 ai좀 삭제해... 게임 너무 노잼이야 게임 자체는 재미있지만 다른 부분때문에 별점 1점 드립니다...
Identity V -제5인격,게임은 재미있어요...근데... 게임할때..핑이 너무심해요 와이파이는 엄청 잘되고 있는데..핑때문에...ㅜㅜ 그리고 게임 용량을 너무 차지해서 그게 쫌 아쉬워요..
Identity V -제5인격,너무재미있고 질리지않는게임 단점이 있다면 단점1현질유도가 많음 장점1무과금과 과금 차이없음 다른건 스킨뿐 단점2한판이 오래감 한 15분 정도?근데 괜춘 그리고 지금 대충읽으면 후회함 장점2여러 맵과 캐릭터 스킬 아찔하연서 짜릿한 게임 그리고 배경만 그렀지 일곱살도 할만함 게임리뷰 이만큼 쓴적없음 최고에게임
Identity V -제5인격,예전에 할때 겨우겨우 게임돈 모아서 케릭 한개 샀는데 오랜만이 들어오니 없어졌네요 ㅠ
Identity V -제5인격,게임은 할만 합니다 근데 네트워크 상태는 좋은데 자꾸 튀는거죠? 벌레컷 나서 티어도 못 올라가고 있습니다 제발 좀 고쳐주세요
Identity V -제5인격,게임하다가 갑작이 뚝 소리 나면서 나가짐 계속 문의 했는데도 안고침 핑정상인데도 나가지고 랙은 엄청걸림 나가지는게 랭전에도 포함됌 튕겨서 나갔다 들어오면 게임 망해있고 욕이란 욕은 다쳐먹음 제발 이겜 하지마세요 별1개 주기도 겁나 아까움;; +저장공간 정상 폰 바꾼지1년도 안됌 이정도면 말다한거
Identity V -제5인격,복귀 유저인데 계정이 없어져있더라고요 다시 한다는 생각으로 계정복구 안하고 새로 하는데도 역시 재밌네요 ㅎㅎ 근데 노트20 울트라인데 왜이렇게 튕길까요? 감시자 하는도중에 튕기면 25초 가량 가만히 서있는 걸로 되있어서 딥빡..
Identity V -제5인격,소설가로 트롤짓 하는게 재밌더군요 소설가 없어지면 전 웁니다 (?) 그리고 계정 날라가서 다시 키우는 중이거든요. 근데 키우는 맛이 있습니다 ㅋㅋㅋ 그 계정에 현질을 많이 했는데. 후회는 없습니다!
Identity V -제5인격,핑관리해튕김현상고쳐잠수함너프같은거하지말고핑관리랑튕김현상이나손봐데이터인데도핑이터지고튕기는게말이냐?
Identity V -제5인격,게임 자체는 재미있으나 업데이트가 매우 느리고 용량도 과하게 크며 여러 불편함이 많습니다. 업데이트를 하다보니 별점 1점도 아까워지네요
Identity V -제5인격,안녕하세요 제5인격 즐겨하는 유저인데요 본계정이구 다른계정조차없어요 글섭으로 인계코드두 일회용이라 더못쓰구요ㅜ.ㅜ 2차비번도 만들어놨어용 옮겨지면서 계정연동을 안해서 날라간거가태요 닉은 호듀_S2입니다. 첨부사진두 있어요 복구좀 부탁드립니다.. 현질만 엄청많이 했어요 빨리 복구 부탁드려용..
Identity V -제5인격,왜연동이안되는거죠?????현질도했는데왜안되는건지전혀이해가가질않네요;;;작년에했다가삭제했었는데오랜만에기억나서다시해보려고깔았는데계정연동이안된다고하네요;;;;이런식으로게임운영할거면회사접으세요;;다른게임들은삭제했다다시복귀하면복귀보상도주는데지금뭐하세요장난하세요?다시는하고싶지않네요;;
Identity V -제5인격,갸챠똥망겜이지만 나름 재미있게 해왔고 컨텐츠도 즐길게 있어서 좋음
Identity V -제5인격,"게임 재미있게 즐기고 있습니다. 근데 질문 드립니다. 한국서버일 때, 사전예약을 했던 유저인데, 사전예약 보상인 하회탈과 삼태극 스프레이를 받지 못했습니다. 관리 서버가 바뀐 현재에서 하회탈 악세사리와 삼태극 스프레이는 받을 수 없나요? 받을 수 있다면 주실 수 있을까요?"
Identity V -제5인격,내 계정 돌려줘요 예전에 즐겨했던 게임인데 아이디하고 이런것도 기억 안나는데 어떻게 찾으라는건지;;; 계정을 연동을 해도 못 찾고
Identity V -제5인격,예전에 레드레몬 이라는 구글 계정으로 플레이 했었었는데 최근에 다시 깔아서 그 계정으로 복구 하려는데 계속 복구가 안되요
Identity V -제5인격,Pc유저입니다. 잘 하고 있었는데 어느 순간부터 서버재접속이라며 게임이 안들어가지더군요. 일주일넘게 계속 지속되고 있습니다. 공식카페에서도 계속 문의글이 올라오고 있는데 왜 안 고쳐주시는지요. 하루 빨리 고쳐주셨으면 합니다.
Identity V -제5인격,서비스를 오래한 게임들의 특징을 죄다 갖고있지만 특유의 분위기가 사랑스러운 게임...
Identity V -제5인격,음... 재밌는데 렉이 좀 걸려요!ㅎ 그리고 서버 관리 좀 해주시면 좋을 것 같네요ㅎㅎ 또 이 게임이 언제부턴가 제 인생게임으로 자리 잡히더라구요! 앞으로도 화이팅 해요ㅎ
Identity V -제5인격,"승급전,일반게임,연합사냥에서 자꾸 나가져요 아무것도 안뜨고 바로 나가져서 승급전에도 답이 없네요"
Identity V -제5인격,"한국 서버 없어지고 나서 서버 상태 점점 안좋아지는게 눈에 보임. 겜 도중에 갑자기 강제로 앱 꺼지면서 팅기고, 핑은 40대인데, 렉 걸려서 버벅이고, AI 감시자는 제자리에서 버퍼링걸리듯 진동하고 있고.... 서버 관리 제대로 안하냐. 쓰레기들아."
Identity V -제5인격,다 재미있긴 재미 있는데 캐릭터가 너무 많고 매칭시간도 꽤 오래걸려요... 그리고 아직 뉴비들은 공식카페의 공지도 확인못하고 계정도 못옮기는 상황이 생깁니다 ㅠㅠ 이런것만 고쳐주시면 더 재미있을것 같아요!
Identity V -제5인격,게임 용량이 너무 큽니다. 제가 해본 게임중에서 이 게임만 유독 핑이 튀고요. 또한 게임도중 플레이어가 아닌 봇을 만날 수 있는데 한판에 10분정도 걸리는 게임의 특성상 봇전은 너무 지루하다고 생각합니다.
Identity V -제5인격,이거 제가 거의 2~3년 정도 했거든요? 좀 재미가 없어져서 삭제 했는데 오랜만에 하고 싶어서 다시 깔고 들어갔는데 캐릭터. 스킨. 감정표현. 티어 다 사라진거 있죠?ㅋㅋㅋㅋㅋㅋㅋㅋㅋㅋ 어이가 없네요 ㅋㅋ 제가 분명 저장을 했는데 왜 초기화가 됐죠? 제 계정좀 찾아 주세요
Identity V -제5인격,솔직히 갠적으로 조지게재밌고 매일매일하고있긴한데 글섭연동이후 렉이너무걸리고 핑상태가 1000을 넘기는등 서버관리 상태가 심각한거같습니다.이것만 아니라면 평점5점일텐데 핑상태 좀 고쳐주시면좋겠습니다.
Identity V -제5인격,어제까지만해도 멀쩡하게 게임했는데 오늘 업뎃 이후로 계정이 초기화됐어요 한섭에서 글섭으로 이전도 했고 구글계정으로 연동도 되어있었습니다 서버도 확인 해봤고 연동되있던 아이디로 로그인하면 튜토리얼이 시작됩니다 진짜 어이가없네요
Identity V -제5인격,번호 로그인해서 사용했던 유저인데 번호 로그인 연동이 없네요..? 어떻게 연동해야 예전 계정 그대로 사용 가능하죠?
Identity V -제5인격,뭔 예전 계정을 찾을 수도없으면서 지나치게 긴 튜토안하면 친구신청도 못걸고받네요ㅋㅋㅜ
Identity V -제5인격,으아아아ㅏ핑이 날 뛰어요 렉 걸려요 게임에 어려움이 잇네요
Identity V -제5인격,스킨 청약철회가 없어서 좀 아쉽습니다.... 얼마전에 희대의 스킨을 샀는데 별로 이쁘지가 않아서 환불을 하려했는데 청약철회 기능이 없다더군요..
Identity V -제5인격,이개임이 처음이시면 절대 하지마세요 썩을대로 썩어서 진입장벽이 미친듯이 높습니다 데바데 하신분 아니면 적응 못합니다 하지마세요!!
Identity V -제5인격,아니 요즘 튕기는 현상이 생기고 갑자기 렉이 심해지는 현상 나왔습니다
Identity V -제5인격,제5인격 현질도 했더만 오랜만에 다시 할려고 했는데 계정 사라진거 실화 내 돈 증발해버렸다.....
Identity V -제5인격,아니 왜 접속이 안됩니까 이상하네 노트20 울트라인데 접속 안되네요 조치좀 취해주이소
Identity V -제5인격,감시자로 랭겜하다 한판에 2번은 튕겨서 참다참다 튕김과 동시에 게임 삭제 했습니다. 80만원은 질렀는데 핑 5~600으로 터져서 버벅거리지를 않나.. 게임 강제종료 되고 쇼를 해서 진짜 정 떨어졌어요 스킨으로 돈 엄청 뽑아먹을듯한데 게임 관리는 왜 이딴식인지 모르겠음
Identity V -제5인격,"핸드폰 바꿔서 다시 로그인 할려했더니, 구글계정 로그인이 없네요...구글 플레이만있네요.. 그래서 그런지 내 계정이 아닌 새로운 계정으로 나오더리고요... 왜 구글 계전로그인이 없나요?"
Identity V -제5인격,재밌는데 감시자가 생존자 앉혀놓고 계속 감시하면 피 안쭐어주게 해주셔야하는거 아닌가요? 그리고 감시자중에 너프 먹어야할께 좀 있던데.. 그 부분 수정좀 해주세요
Identity V -제5인격,완전 재미있어요 밸런스도 적절하구 잠깐 튕겨도 재접속이 되니까 좋아요 현질 유도도 없구^^ 앞으로도 잘 부탁 드립니다
Identity V -제5인격,제가 한섭 사라지고 글로벌로 넘어갔는데 삭제하고 다시 들어갔는데 옮기는 줄모르고 전에 만들었던 계정과 연동되더라고요 그래서 그거 끊고 다시 들어가 봤는데 안되네요 서비스센터들어가려는데 들어가지도 못하네요 로딩만 주구장창 하다가끊겨요 이거 해결해주세요
Identity V -제5인격,예전에 열심히 했는데 재밌었고 캐릭터도 많았는데 한 몇 년 안하다가 들어오니까 계정이 사라졌는데 어떻게 복구 안되나요??
Identity V -제5인격,랙이 장난아니게 걸려요 감시자 하는데 랙때문의 승급전 날렸습니다.
Identity V -제5인격,!구글계정으로 로그인 하셨던 분들께! 아마 계정전환을 하려 할 때 구글 플레이 게임에서 계정을 바꾸고 다시 시하라 할 겁니다. 해결방법은 1.플레이 게임 들어가셔서 계정 바꾸시고 2.점 세개-설정-이 계정으로 게임에 로그인 하기 켜세요 3.다시 게임 접속하셔서 고객센터 들어가시면 됩니다
Identity V -제5인격,"계정이 날라갔습니다, 분명 구글계정에 연동해놨는데 폰 초기화시켰다가 다시 까니까 계정이 사라져있네요. 솔찍히 너무 화가나고 진짜 접고싶은데 그동안 든 정이 있어 서비스센터에 문의 해놨는데 아직 답이 없네요. 빨리 해결해주시기 바랍니다."
Identity V -제5인격,3~4판중에 1판은 꼭 튕김 서버관리라던가 개발자들은 앉아서 놀고 쳐먹기만 하나봄 일은 안하고 기기문제랑 인터넷환경 문제가 아니라 그냥 겜 자체가 글러먹었어 ㅋㅋ 이젠 배가 터져 불렀지 개(새끼)발자들
Identity V -제5인격,어떻게 20개를 까는데 하나도 않나오나요 확률이 쓰레기에요
Identity V -제5인격,렉 겁나걸리고 화질 0.8로하면 플레이자체가불가능. 고쳐주면좋겠음.
Identity V -제5인격,핸드폰에 제5인격이 깔아져있길래 들어가서 한번 해봤는데 너무 재밌어요! 스킨도 예쁘고 근데 판정이랑 렉이 너무 심하네요 정렉도 걸리고.. 고쳐졌으면 좋겠어요
Identity V -제5인격,계정연동을 예전부터 계속 시도했는 데 항상 다시 들어가면 연동이 안된 상태로 되네요 연동을 하고 싶어도 다시 킬때마다 연동하라고 뜨는 데 어떻게 해야되나요
Identity V -제5인격,이거 제가 컴터로 많이 했었는데 모바일로 나와서 조작도 편하고 좋아요 근데 가끔씩 잔랙도 걸리고버그가 좀있어서 아쉽네요 게임자체는 재밌습니다 그래도 컴터로 할거같네요
Identity V -제5인격,공포게임.. 이라고 하지만 고인물한테 양학당하는 뉴비에게만 공포게임 입니다 허허 처음에는 어려워도 익숙해지면 재밌고.. 현질유도도 딱히 없어요 현질 해서 쓸곳은 예쁜 스킨들정도 스킨들도 뽑기에서 그냥 주고 현질 안해도 게임 플레이에는 전혀 상관 없어요 근데 넷이즈 핑관리좀;;
Identity V -제5인격,몇 년을 하는 지 기억도 안 날 정도로 오래 했어요... 지금 성인인데 중딩때부터 했으니... 신캐랑 신맵 계속 추가되고 이벤트도 많고 오류나 점검 후 보상도 꼬박꼬박 챙겨줘서 질리지 않아요. 걍 재밌으니까 무서운 거 좀만 참고 해보셔요
Identity V -제5인격,정말 오랜만에 생각나서 재설치 하고 들어갔는데 계정이 날라가있습니다. 대단히 뭐가 있던건 아니지만 그래도 나름 이런저런 캐릭터도 있었도 다른 감시자도 2개? 3개 정도 는 있던걸로 기억하는데 빠른시일 내에 조치 취해주시기 바랍니다.
Identity V -제5인격,"캐릭터 너무이쁘고, 다 너무 귀여워요! 그리고 스킨도 다 좋아요 그런데, 너무 밸런스가 안좋아요 ㅠ 특히 신감들이 너무 세게나와서ㅜㅜ 하기가 힘들어요. 그점 빼곤 다 최고!"
Identity V -제5인격,아니 원래 제가 했었는데 오랜만에 해볼려고 깔았는데 기존 계정이 사라졌네요? 복구하기 눌러도 안되고 현질도 했었고 열심히 키운 제 계정이 아예 사라졌네요 친구찾기 해서 제 이름 쳐봤는데 안뜨고요 이름 지을때는 이미 있다네요. 게임은 재미있는데 진짜 열심히 키운건데 짜증나네요.
Identity V -제5인격,오랜만에 게임을 해보려고 하는데 예전에 하던 계정을 못 찾고 있어요.. 몇년전에 한게 마지막이라 이름도 기억이 안나요.. 도와주세요ㅠ
Identity V -제5인격,와 너무 재밌다~! 그리고 서버는 너덜너덜하다! 게임만 시작하면 핑이 900을 넘고 뜬끔없이 화면이 정지되더니 뜬끔없이 내 행위점수를 깎는 정말 신세계! 당신의 기기 성능을 검토하고 싶다면 이 게임을 깔아보세요!
Identity V -제5인격,들어갈때 로딩 100%를 채우라는데 1초에 뭔 0.01퍼를 채우고 겨우 20분쯤 지나서100%됫는데 계속로딩. 왜함 이럴꺼면?
Identity V -제5인격,"밸런스 엉망, 랭킹전 매칭 엉망. 한 마디로 정리하면 시간아까운 망겜. 유저도 적은데 정신이상한 m생들이 많음. 핑 관리도 제대로 안되는 중국산 게임."
Identity V -제5인격,2년 반 유저입니다 친구한테 끌려와서 한번했는데 생각보다 재미있더군요 어쩌다 보니 2년반동안 5인격을 한 것도 신기하네요 ㅋㅋ 처음에는 무서울지 몰라도 나중에는 감시자 놀리는 맛이 있습니다 추천합니다!
Identity V -제5인격,한국 서버 사라지기 전에 인계 코드를 못 받았으면 계정 복구 못 하나요? 고객센터 눌러도 계정연동만 뜨고 서비스 센터에 물어봤는데 제대로 문의가 안 되네요... 결제도 몇 번 했었는데 속상합니다🥲
Identity V -제5인격,안녕하세요?다시 복귀한 유저입니다.심심해서 한 판했는데 중독되서^-^이렇게 재밌는 게임이 왜 평점이 이런지는 모르겠는데 게임하다보면 모드나 감시자 생존자 상관없이 대기실에서 튕겨서 다시 들어가면 다시 플레이 하고 게임하다 튕기면 운 좋게 안 들켜 다시 해독하고 아님 걸려서 죽거나...이 점 고쳐 주시면 될 것 같아요.그리고 캐릭터 가격...거의 지갑 탕진하듯이 너무 캐릭터가 비싸서 사고 싶은데 못 사서 아쉬워요.특히 한정 캐릭터 말이예요.그래도 상점에 출시해주신 것들도 있어 살 순 있는데 너무 비싸서...그래도 캐릭터들도 다양하고 스킨도 예쁜데 아무리 밸런스 패치를 해도 밸런스가 안 맞아요.사도나 박사 조커 등 이런 캐릭터들은 벌레컷은 순삭입니다.제대로 밸런스 패치를 해주세요.그래도 평점 이런 거 치고는 진짜 어그로 끄는 맛이 있고 구출 잼 농락 잼도 있어서 할 맛 있어요^-^앞으로 제5인격 열심히 하겠습니다!(넷이즈 분들 팟팅!큰 서버 관리하시느라 수고많으시죠!힘냅시다!!!!!)
Identity V -제5인격,게임은 재밌으나 자주 튕깁니다. 랭킹전 할 때 게임이 자꾸 튕겨서 뭐 어쩌라는건지 모르겠네요.
Identity V -제5인격,정말 재밌어요! 공포게임이라 긴장했는데 1도 안무섭고 오히려 손에 땀을쥐게 하는 재밌는 게임입니다! 제작해주셔서 감사해요. 그리고 건의사항이 있는데 게임시작 전 감시자는 랜덤으로 결정되게 해주세여. 감사합니다.
Identity V -제5인격,"오랜만에 하려고 했는데 한섭이 사라졌네요 그냥 서비스종료만 하지 왜 아예 삭제를 시킨 건지 전 이해가 안됩니다 그럼 저처럼 기간을 놓쳐서 한국계정을 버리는 경우 대다수일 거 같은데 왜 삭제를 해버린거죠??? 문의 넣어서 복구가 가능한다는 말도 들었는데 도시, 시간, 이름, 주로 사용한 폰기종, 거래내역 등 다양하게 말해야되서 그걸 다 까먹은 저는 그냥 계정을 버려야겠네요ㅋzlㅋ"
Identity V -제5인격,"친구 추천으로 게임을 시작했었습니다. 너무 재밌었기에 현질도 했고 정말 좋아하둔 게임이었습니다. 1년정도 하다가 그만두고 작년에 다시 생각이 나 플레이 하려는데, 글로벌 서버와 합쳐진다며 계정 연동을 하라더군요. 거기서부터 어이가 없었습니다. 당연히 게임을 만든 회사측에서 해줘야 하는걸 왜 플레이 하는 유저들이 어떻게 하는것인지, 유튜브에 올려주기까지 하며 우리가 해야하는지 이해가 정말 안 갔습니다. 그래도 어떻게든 이해 해보려 노력하며 계정연동을 완료 시킨후 글로벌 서버로 넘어가 확인까지 했습니다. 그런데 며칠후 다시 들어가보니 계정이 날라가있더군요. 다시 못돌아간대요. 게스트 계정으로 돼있다네요. 분명 구글 계정으로 연동을 했는데. 이 게임에만 10만원 이상을 질렀고 스킨도, 캐릭터도 많이 샀었습니다. 이 모든게 다 날라갔습니다. 회사측에서 해줘야 하는걸 저희에게 미루고 결국엔 계정이 날라간 분들이 저를 제외하고도 많았습니다. 제발 환불을 해주시던가 계정을 돌려주세요."
Identity V -제5인격,뭐야 들여보내줘 재설치했는데 계속 튕겨요 포워드로 너무 트롤해서 넷이즈가 날 거부하나 봐
Identity V -제5인격,저번에 쫌 안좋은식으로 말해드리고 부적절한 단어를 사용해서 리뷰쓴 점에 대하여 죄송합니다 봤더니 제가 잘몬본것을 착각했더라구요..일단 게임 퀄리티 자체도 높아지고 계속 업데이트도 꾸준히 해주시는거 감사드리고 게임 너무 재미있습니다 그리고 죄송합니다
Identity V -제5인격,"게임성은 좋습니다. 그러나 심각한 핑상태, 렉이 문제가 됩니다. 저도 이거때문에 강등을 여러번 당했습니다. 최대한 빨리 최적화를 부탁드립니다."
Identity V -제5인격,멀티와 공포를느끼고 싶다면 이게임을 해보세요!짜릿하고 스릴러도 느낄수있습니다 이게임 추천할게욤‪(◍˃̶ᗜ˂̶◍)ﾉ”
Identity V -제5인격,"계정을 지가 가져가는 일이 발생하였기에, 2019년 유저가 순간 신규유저가 되었거든요. 이 점과 자주 튕기는 점, 핑이 올라가는 것도 다 개같아요. 고쳐주세요. 계정도 돌려주세요."
Identity V -제5인격,"제가 타로에서 국왕을 골랐는데 왜 시종으로 매칭이 돼죠? 어이가 없네요 진짜 아니 렉도 아니고 변경을 직접 한것도 아닌데 왜 시종이 돼냐고요 저는 의사로 국왕을 고르는데.. 게다가 매칭 하기 전 밑에 버튼 누르지도 않았어요 확인 해주세요 그래도 안돼면 이 앱 지우고,이 앱 이런 사실 저격할겁니다."
Identity V -제5인격,중간중간 렉만 안걸리면 좋을텐데 항상 중요한 순간에만 렉이걸리니....
Identity V -제5인격,오랜만에 들어왔는데... 계정이 다 날아갔어요 ㅠ 전에 프로필은 알고 있는데 로그인 할 방법이 없네요 어떻게 복구 시키나요?
Identity V -제5인격,제발 강종버그좀 고쳐주세요...랭하다가 갑자기 꺼지는거 너무 억울해요ㅜㅜ
Identity V -제5인격,"님들아 계정 사라진건 이 회사 측에서 한섭을 글섭으로 옮길 때가 있었는데 그 때 유저들보고 일일이 계정인계를 하게 시켰었음 기간을 주고 그때까지 옮기라고 했었음. 혹시 본인 유아이디 , 그 유저 고유 번호 같은거 캡쳐해서 있는 사람들은 네이퍼 카페 들어와보시면 이것저것 정보가 많음 들어와서 한번씩 보는거 추천 드립니다"
Identity V -제5인격,"너무재밌구요,요즘다시 복귀했는데 진짜 아직 여전히 재미지네요! 굳굳굳"
Identity V -제5인격,재미는 있는대 펫이 너무 비쌈 미니 블러드 퀸인가 샀는대 아무런 버프도 없는게 실망임 비싼거에 비해 영 가끔 이해 안되는 가격의 아이템이 있는대 그것만 빼면 괜찮은 게임인듯
Identity V -제5인격,"핸드폰만 바꿨는데 왜 계정 연계가 안되는거죠?? 노트10에서 노트20으로 바꿨고, 유심도 그대로 옮겨와서 구글이나 삼성 계정도 다 쓰던 계정이 맞는데 왜 기존의 오인격 계정은 사라지고 새 계정만 자꾸 만들라면서 불러오는질 모르겠습니다. 서버 옮겨지면서 무사히 계정인계도 끝냈고, 페이스북이랑 구글플레이에 무사히 연동도 해놓은 안전한 계정인데 왜 핸드폰만 바꿨을 뿐인데 기존 계정은 못불러온다면서 새로운 계정 가입만 시키는거죠? 현질도 많이했는데 답답해 미치겠네요"
Identity V -제5인격,아니 전에 겜할때 페북아이디로 연동했다가 접고 다시 복귀 하려했는데 전에있던 페북아이디 삭제했는데 아이디 어떻게 찾아요 닉네임 id번호 아무것도 기억안나는데ㅡㅡ 현질하고 키운거 다 어디감 개빡치네요 진짜
Identity V -제5인격,대단하신 양반들이시네 자신들에게 좋거나 맞는 리뷰에만 댓글 달아 주시고 아닌 글에는 댓글 달 필요도 없다 이 말 입니까? 계정 잃어서 못 찾는 사람들이 이렇게 많은데 방법대로 찾으려니까 기억이 안나는건 못 적는데 그건 또 안 적으면 찾지도 못 하더군요?그리고 인계번호 있어서 찾으려는데 중간에 한 글자가 뭔지를 모르겠어서 알파벳 전부를 입력해도 안 되더랍니다 뭐 어쩌란건지 사용자들 기만하는겁니까 제대로 방법을 알려 주셔야 원만하게 서로 좋게 사용 하지 않겠습니까.. 게임 계속 하고 싶습니다. 방법을 제대로 알려주세요 부탁 드리겠습니다..
Identity V -제5인격,렉 심해서 못해먹겠음 뭔 움직이는데 갑자기 뒤로 순간이동 되냐고
Identity V -제5인격,게임을 하지 말라는 건가요 .....이여도 안돼고 뭔 내 까지 치고 띄어쓰기 하고 그 뒤에 적으면 민감한 단어??뭐라고 하는데 왜 그런거죠 띄어쓰기가 잘못된건가요???게임을 하고싶어도 못하겠어요 예전에 하던 기억이 나서 들어왔는데 게임도 못하고 삭제할것 같은데요
Identity V -제5인격,현질유도가 심하다는건 뭔 개소리임 황스를 낀다고 느그실력이 오르진 않아요~캐릭도 1주 내에 1~2개는 충분히 살수있는데 대체 어떤부분이?현질유도가?심한건지?잘?모르겠네요? 롤가서도 현질유도한다고 징징대면 되겠넹
Identity V -제5인격,아주 이겜은 망해버렸으면 합니다 서버렉과 핑은 물론이요 하루에 한두번씩 겜이 갑자기 튕기는데 뭐 대체 어떻게 하란겁니까!!!! 최소한 튕기는거라도 고쳐주던가 랭킹 돌리는 사람들은 이런거땜에 겜을 돌리겠나요!!? 진짜 가지가지 하네요... 그냥 차라리 데바데 하는게 낫겠어요 이럴거면...
Identity V -제5인격,기존계정이 증발했네요. 클라이언트 복구도 해보고 어플 내에 고객센터에서 계정찾기도 시도해봤는데 안나와요. 이전에 현질했던 계정들 그냥 증발시킨건가요? 새로운 계정으로 로그인되어서 닉네임 정하라길래 이전에 쓰던 닉네임을 적었더니 이미 있는 닉네임이라고 해서 다른걸로 지었습니다. 그리고 고객센터에 나와있는 안내에 따라서 계정 찾아내려고 친구목록에 이전 계정 닉네임 검색했더니 없는 사용자라네요 ㅋㅋ 저 닉네임으로 지으려했을땐 이미 있는 닉네임이라면서 왜 친추하려니 없다는거죠? ㅋㅋㅋ 어이가없네요. 같잖은 FAQ올려놓고 제대로 응답도 안해준다면 뭘 믿고 유저들이 이 게임을 하겠습니까?
Identity V -제5인격,개 xx같은 최악의 게임 중요한 상황에서 계속 처 튕김 별점 1점도 아까움
Identity V -제5인격,되게 오래전부터 이 게임을 즐겼던 사람인데 예전에 서버를 옮겨야한다는 말을 들었지만 잘 되지않아 결국엔 서버를 못옮기고 게임을 접고 오랜만에 다시 돌아와보니 계정이 아예 삭제가 된것인지 계속 같은 구글계정으로 접속해도 새로운 계정만 만들어지지 기존 계정에는 접속이 안되더라구요 글로벌 서버인가? 뭔가 그때 계정을 안옮겨서 그런건지 뭔지 애초에 아무문제 없다가 갑자기 서버 옮기면서 계정을 옮기라고 하면 플레이어 입장에선 당연히 당황스럽거든요..그 계정에 거의 몇십은 썻던것 같은데 아무리 제가 너무 오랫동안 게임을 안하다가 복귀했어도 멀쩡한 계정을 삭제하게 한건지 접속을 못하게 하는건 좀..어떻게 안될까요 제가 마지막으로 기억한 겜 닉네임은 ' 한잔했어 ' 입니다. 어떻게 방법이 있다면 조치 부탁드려요ㅠㅠ하도 즐겁게 했던 게임이라 또 하고싶어서 깐건데 슬프네요
Identity V -제5인격,업데이트하고나서지금 매칭된 후 캐릭터선택 화면도 안뜨고 게임 시작하고나서 버튼이 아무것도 안떠서 할 수가 없어요
Identity V -제5인격,"글로벌은 1000만이 다운받은거 보고 놀랐어요! 분명 100만이엇는데 뭐지??봤더니 다른 앱이네요. 5인격 인기 많아졌음했는데 너무,많은데 이건 ㅋㅋ 좋네요 좋아하는게임잘되서 으하학 너무많아도 안좋은데 음..ㅠㅠ"
Identity V -제5인격,핑 드럽게 튀어서 못해먹겠음 ;; 서버관리 하는거 맞죠 ??
Identity V -제5인격,앱다운로드속도도 느리고 계정연동도 복잡하고 잃어버리기 쉽습니다. 개선해주셨으면 해요
Identity V -제5인격,"아니 대체 게임을 어떻게 만들었으면 연동이 안되나요.개발진 및 관리자들은 뭐하는거죠?ios.android로 계정을 처음 만들었으면 계정연동이 안된다고요?오랫동안 했던만큼 참 배신감이 느껴집니다.휴대폰을 갤럭시로 바꾸었더니 계정을 옮길수가 없네요.고객센터 문의도 다해보고 페이스북으로 계정을 연동시켜놔도 단지 ios.android로 계정을 만들었다고 연동이 안된다는게 말이 안된다고 생각합니다.저번에 인계코드를 이용할 때는 계정이동이 아이폰,갤럭시 상관없이 원할하게 옮길 수 있게 해놓고는 왜 지금은 이런게 안되는거죠?휴대폰을 바꾸면 이 게임유저는 떠나가거나 새로운 계정을 꼭 다시 파야하나요?꼭 이 문제를 해결해주셨으면 합니다.어떤 게임이 이렇게 말도 안되는 식으로 계정연동이 안된다고 합니까...이 문제가 수정이 안된다면 이게임을 떠나보내도록 하겠습니다."
Identity V -제5인격,제가 이 게임을 엄청나게 재미있어하다가 잠시 게임을 플레이하지 않았더니 제가 여태까지 플레이했던게 다 날라갔어요. 예전에 했었던 계정 복구 다시하게 해주세요. 게임 자체는 엄청 재미있습니다.
Identity V -제5인격,들어가지지도 않고 계속 튕기네요 가족이 하는거 보니까 엄청 재밌어 보이던데 좀 고쳐주세요
Identity V -제5인격,폰은 아무 문제 없는데 게임도중에 그냥 게임이 나가짐;; 이건 아무리 봐도 게임 문제로 판단되어 말해요.. 고쳐주세요 제발
Identity V -제5인격,안녕하세요 제가 오인격을 하다가 튜토리얼을 넘기고 싶어 데이터를 지우고 다시 시작하는데 게임에 안 들어가져요 그래서 다시 지우고 깔아도 똑같아요 이거 어떡해 고치죠ㅠㅠㅠㅠ
Identity V -제5인격,"厂长,""登山. 공장장 버프해줘라. 걔는 사냥도 느려서 36들면 답도 없다. 심지어 공장장이 유일하게 스킬이 없는 감시자인데 어떤생각이 드냐. 공장장이 불감자도 하나 다 채울라면 개활지나 뭐 그런대에서 25초 생존자가 화면안에 들어와야 차는데. 벽에 생존자랑 있으면 불감자가 늘지도 않는다. 출시 캐릭터가 어렵기만 하고 뉴비들이 잡기 쉬운캐도 아니면 성능이라도 좋게 만들어라. 공장장이 이속이랑 평타라도 버프를 해라. 시즌 2도 안좋았고 시즌 3에 버프했다가 아주 심하게 너프하고 그렇게 시즌 12에 버프해도 쓰레기다. 한번 구글에 공장장이라고 쳐 봐라 이런 평가가 있다. ''공장장은 기본캐라서 상향조정을 할 생각이 없다'라는 망언을 퍼부었다. 난이도는 더럽게 높은데 잠재력이 그만큼 안나오는 캐릭터가 유일한 기본캐이고, 이게 방침이라니 참 답답한 노릇'' 기본캐가 쉽지도 않은데 뉴비 유입하려면 저 캐를 아예 성능이 좋게 만들던가 해라 진짜. 초반에 공장장밖에 없어 그거 쓰는데"
Identity V -제5인격,모바일만 이런건지 모르겠는데 조종키가 지멋대로 움직입니다. 앞으로 가도 뒤로가고 하...진짜 그럴때마다 게임 지우고싶어요
Identity V -제5인격,"완전 재밌는데, 와이파이에 문제가 없는데, 튕기거나 자주 뚝뚝 끊기네요"
Identity V -제5인격,사전예약부터 한 유전데 뉴비일때의 공포스러움이 없어서 아쉽지만 오태기가 와도 나중에 한번씩은 하게 되는 겜이네요 매칭하고 밸런스만 조정하면 될거같아요
Identity V -제5인격,게임은 재미있는데 자꾸 튕겨요 아예 들어가지지도 않아요 그래서 지웠다가 깔았는데도 계속 그래요.그리고 맨날 맵이 똑같아요 예전에는 안 그랬는데(저 핸드폰으로 합니다)
Identity V -제5인격,최근에 복귀한 유저에요 ㅎㅎ 우선 계정 복구했는데 정말 좋더라고요.. 답장이 빠르지는 않은데 그래도 2~3일 정도 만에 계정 찾았습니당 정말 감사해요 게임 너무 재밌어요
Identity V -제5인격,아쥬 쟤미있는 게em입니다 처음엔 공포게임이지만 시간이 지날수로 고질병을 얻는 아쥬 좋은 게임입니다.환장적인 팀원들과 함께하는 갓겜 즐겨보세요 추처ㆍㄴ
Identity V -제5인격,"안녕하세요.오늘시작한 유저인데요, 일단 게임깔기가 너무어렵습니다. 왜그렇냐면,게임까는데20분이 걸려요.99프로에서 계속 멈춰있어서 그게좀 답답했어요 암튼 게임은 재미있네요. 혹시 이글은 보셨다면 답변좀 부탁드려요."
Identity V -제5인격,"게임은 재밌음.. 근데 매칭이 창렬수준 계정만들고 기본케릭터로 겜하다가 랭 처음 돌려봤는데 죄다 현질러 랭돌리자마자 5판중 5판 모두 감시자 현질러ㅋㅋ 먼 스킬인지도 모르겠고, 심지어 갑자기 왜 죽었는지도 이해불가 초보유입을 원하면 초보끼리 매칭시켜서 겜을 알아가게끔 해야지.. 고인물3 초보 2 이런식으로 맹칭시키니..겜이 망해가는거임..무과금으론 케릭사려는데 까마득하고..처음 유입된 유저들은 조금 즐기다 먹이되고 멘탈나가 접는게 다반사임"
Identity V -제5인격,오랜만에 해볼까 하고 깔았는데 기껏 열심히 모은 캐릭터 다 날아갔어요..연동해도 안되고..버그 안 고쳐주시나요...진짜 너무 눈물날거 같고 완전 억울합니다 빨리 고쳐주세요
Identity V -제5인격,"핑좀 고쳐주시면 좋겠어요.. 핑이 평균이 5~600이네요 게임디자인은 참 좋고요, 근데 캐릭이 나오면 나올수록 이게 숨바꼭질이 맞나 싶네요 어쨋든 재밌게 플레이하고있답니다 해보시는것도 나쁘지 않을꺼 같아요"
Identity V -제5인격,저기 기존 유저인데 인계코드 잊어버려서 다시 재발급 받고 싶은데 게임에 들어가서 메뉴나 고객센터 창에 들어가고 싶은데 튜토리얼 강제스킵좀 만들어줘요 ㅜㅜ 자꾸 시간 걸리고 메뉴 못 들어가고 아니면 여기서 해결방안 있으면 답글로 얘기해줘요 ㅜㅜ
Identity V -제5인격,"재밌습니다. 사실 접었다가도 이만한 게임이 없어 다시 돌아오게되네요 캐릭터가 사라지는 분들이 계시는데 글섭 연동 안해놔서 그러신게 아닐지,, 한섭 없어져서 글섭으로 이전해야했습니다 이미 기한 지났을거에요"
Identity V -제5인격,처음 이 게임을 접해보았는데.. 정말 재밌고 짜릿하다고 느낍니다
Identity V -제5인격,이길판인데 팅겨서 졌네요. 제발 팅기는 것좀 고쳐주세요.(답변 감사합니다)
Identity V -제5인격,오랜만에하려니까 예전 데이터가 더 날아가고 없던데 어떻게된거죠?
Identity V -제5인격,현질유도는 없지만 스킨이 굉장히 비싸고 저장공간 차지가 굉장하긴 하다만 게임 자체는 굉장히 잘만들었음. 캐릭터 밸런스가 점점 안맞는점 빼곤 좋은 게임
Identity V -제5인격,자꾸 서버 재접속 중 뜨고 캐릭터가 제가 움직이는대로 안 움직이며 제자리에서 뛰고 장애물을 피하지 못합니다. 서버 재접속 성공하면 이상한 곳으로 가있거나 감시자에게 잡혀있습니다 무슨 문제인가요...?
Identity V -제5인격,아니 현질 안하면 캐릭터랑 스킨 등등을 별로 못얻는데 어떻게 게임을 진행하라는거지? 현질유도가 너무 심하고 렉도 너무 걸림 그리고 감시자 사거리가 너무 길어서 그냥 다 맞음..;;
Identity V -제5인격,1년만에 왔더니 계정이 없어졌다. 한섭일때 했는데 서버 통합되고 들어가니 없어졌어요 닉:텐테리온 ㅠㅠ
Identity V -제5인격,캐릭도 많았고 재밌게 플레이하던 유저인데 업데이트이후로 계정연동이 불가능하고 다시시작하라고 하는데 이런 버그좀 수정해주십시오
Identity V -제5인격,"중국, 일본만 우대하는 거 빼고는 완벽한 게임 솔직히 이만한 그래픽에 적당한 현질 유도, 게임 구성방식 가지고 있는 게임 몇 없다 ㄹㅇ 하다가 잘 안되서 지웠어도 다시 생각나서 까는 그런 겜"
Identity V -제5인격,계정 다시 주세요!!!!! 아니 거기 현질을 얼마나했고 스킨도 개많았는데 진짜루 이건 아니죠 먹튀인가 제 인생게임인데.... 진짜 슬프네요... 이게임을 안하게된이유가 이거인거같네요
Identity V -제5인격,너무 재미있게 잘하고 있습니다 :) 근데 가끔 중간에 렉이 많이 걸려서 혼자서 뛰고 있거나 다른 방향으로 가있거나 하는 일이 있는덕 이럴 때는 어떻게 해야 하나쇼? 고칠 방법이 있나요?
Identity V -제5인격,재미는 있는데 좀 핑좀 관리좀 하세요 저번에도 이러더니 시즌초때는 항상 핑이 뭐 이딴식입니까 오늘도 여러번 렉 걸려서 이길껄 지고 이런상황이 많았네요 할말 많지만 핑좀 관리하세요. 핑때문에 떠나간 유저 많습니다 이러니 망겜망겜 소리 듣죠
Identity V -제5인격,"이게임을 복귀하고 복귀 보상이 있길레 7일차에서 개방이라는게 있어서 그냥 남은 단서(돈)그냥 다썼는데 잘보니까 그 지정됀 캐릭 4가지밖에 그와중에 가지고싶은 캐릭도없고 이게임을 다시 복귀한게 우산의영혼(감시자,캐릭)을 하려고 깐건데 게다가 게정도 날라가서 처음부터 다시하는건데 그래서 머리속이 하예집니다 이걸 끝까지 보셨다면 뽑기로 얻은건 없에고(복귀하고 다쓴것)얻어서 뽑기를한 단서(돈)주시면 감사하겠습니다 아니면 우산의 영혼 이라는캐릭을 주셨으면 하지만 둘다 안돼겠으면 그냥다시모으고 사겠습니다 몆년째 이게임을 즐겁게한 한유저가말한것입니다 할수만있다면 제발 우산의영혼ㅅ 이라는 캐릭을 주셨으면 닉네임은 '상현4'입니다 부탁드립니다!"
Identity V -제5인격,넷이즈는 이미 계정이전 사전공지했음. 방법은 매우 불친절했으나 한달 이전에 공지한 사항이므로 복귀 유저들이 계정 돌려내라고 문의하는 것은 환불받기 어려울 것으로 예상됨. 리뷰창에 그만 좀 찡찡거려요...
Identity V -제5인격,"조금 실망이네요. 렉도 걸리고 화면 터치가 잘 안될때도 있고. 감시자 플레이가, 조금 어려워진것 같네요..개임 접을 생각도 합니다. 옜날 때부터 재미있게 플레이 했는데. 조금씩 흥미를 잃는것같네요.."
Identity V -제5인격,이게임 34000원 팩을 질렀는데 84개가 단추가 남아있었는데 잭을 사고 나니깐 스킨이 2개차이로 못사는거야 ㄱ 같다는 생각으로 걍 뽑기나 했는데3트 만에 원하는 스킨나옴 찬양합니다 제5인격 아니 넷이즈 님들 저 꼬시는것도 아니고 보라스킨을 자주띄어 주시네 감사함다
Identity V -제5인격,계정복구좀 해주세요 고객센터도 못들어가고 처음부터 다시 하라고 하고 오랜만에들어온 유저들은 대체 뭐가되나요???맨처음닉네임적어보니까 중복으로 처리되는거보니 복구가능할것같은데
Identity V -제5인격,넷이즈 답이 너무 답이 없는데 아무리 빡쳐도 절대 못 접는 게임이에요 항상 그립더라고요 스킨도 잘 만드시고 근데 감시자들이 완전 사기가 돼가고 있어요 특히 요셉이나 바퀴 요셉 0.5딜도 짜증나 죽겠는데 요셉 후딜 완전 빨라요 공격 회복속도도 그렇고 너프좀 해야돼요 바퀴도요 ㅈㅂ
Identity V -제5인격,안녕하새요 원드아이작이라는 계정을 가진 유저입니다 제가 실수로 게임을 삭제하는바람에 게임이 새로시작해야하는거같아서 그런데 복구 불가능한가요?연동도 구글로한계정인데 연동해도 안됩니다...
Identity V -제5인격,좀 핑문제가 심해요 ㅠ 그리고 최적화가 좀.... 그래도 게임성은 재밌어요
Identity V -제5인격,계정내놔요..ㅠㅠ 충전증거 몇개를 보여주고 같은 구글계정인데도 내 계정 내가 못찾는 아주 대단한 겜. 영수증 하나도빠짐없이..제출해야한다는데? 게임사측에서 계정 없애놓고 게임사측에서 도와주는거 하나 없고 유저가 다 증거 가져오라고하고~ 돈 백만원 쓴 계정 없애줘서 고맙습니다 정말^!^
Identity V -제5인격,제가 오랜만에 전에 즐겨했던 이 게임을 접속했는데 에구머니나 무슨 전 계정이 없어지고 튜토리얼부터 다시시작하죠? 최악이네요 진짜 ..
Identity V -제5인격,페이스북으로 로그인해서 1년넘게 이 게임을 하다가 지우고 지금 다시 로그인 하려고 하니까 계정이 사라졌어요. 게임 캐릭터랑 아이템도 많이 있었어서 이 계정은 꼭 찾고 싶어요. 문제 해결 부탁드려요.
Identity V -제5인격,업데이트 했는데 처음부터 시작이네요... 제가 산 스킨이랑 이런것들때매 아까워서 1시간동안 해결방법 찾아봤는데 다른걸로 로그인해봐도 안되고.. 다신 안할만한 게임이네요 ^^
Identity V -제5인격,계정연동 잘됬고 게임잘하다가 페북부계정 바꾼 상태로 겜 들어갔더니 계정이 날아갔는데요? 아니 이게 멉니까? 부계정으로 로그인한것도 아니고 겜 들어간건맞지만 로그인하기전 로딩 화면 클릭하기전에 계정이 잘못되다 날아갈까봐 페북본계 즉 5인격이랑 연동된 본계정으로 바꾸고 들어갔는데 날아갔어요 게임닉만들라고 뜨는데요? 진짜 어이없는데 이거 어떻게 하실꺼예요? 인계코드가 1회용이라는것도 이해가 안되네요 1회용아니였음 다시 잘 연동해서 들어갈텐데;
Identity V -제5인격,"짧게 평가해요. 현질 유도 없습니다. 자꾸 현질 유도한다, 어쩐다 저쩐다 하는데 없어요, 광고도 없어요. 독특하고 나름 재미 있습니다."
Identity V -제5인격,"다른건 다 좋은데 이번 업뎃 하고나서 렉이랑 핑이 끊기는게 심해졌어요..! 항상 시즌초만 렉이 심하더라구요 저만 그런줄 알았더니 다른분도 렉 걸리는 사람이 많다하고 ㅠㅠ, 업뎃 하기 전에 렉 없이 겜을 했었는데 이번에는 렉이 좀 심하네요 ㅠㅠ , 핑 문제 고쳐주시길 바래요 ~~!!"
Identity V -제5인격,안녕하세요? 저는 이게임을 2년했다가 다씨간 유저입니다 느낀점이 있습니다 고수들과 매칭돼서 바로 의자에 앉거습니다 그것만 빼면 괜찮아요
Identity V -제5인격,핑문제 전혀 개선되지 않고 안드로이드기기와 아이폰 기기 간 계정 호환 불가능. 결론: 낮은 순위권인 게임은 그만한 이유가 있다.
Identity V -제5인격,"중궈놈들 게임이라 그런지 핑도 엄청 튕기고, 초반에 한국서버 있을때랑 달리 게임이 더러워졌어요. 특히 뉴비분들 이게임 하시려면 엄청 각오해야할 듯"
Identity V -제5인격,이거 옛날에 하다가요 지워서 다시깔았는데 왜 다 초기화 됐죠? 아니 다른 게임들은 로그인 하면 다 돌아오는데 왜 이 게임만 안 돌아오는거죠? 이런 문제 다른 분 들도 피해 안 갔으면 좋겠습니다.
Identity V -제5인격,게임 하는데 막 멈춰서 행위점수가 떨어져요..;; 게임은 재미있는데 좀..갑자기 80에서 400까지 올라가고..너무 짜증나요..
Identity V -제5인격,"다좋은데 글로벌서버 이전이후 결제를 했을때 구글앱스토어에 포인트 적립 및 결제내역이 표시되지않아서 문의합니다. 결제 많이 했는데.,"
Identity V -제5인격,재밌고 좋은게임이지만 최근에 심해진 안드로이드 튕김현상은 나라 차별인가요? 쓰레기냄새나는 나라는 안튕기고 최신휴대폰을 써도 튕기는 수준이라니 왜 유저들이 회사의 예산과 서버관리로 스트레스를 받아야하나요? 니들 놀시간에 이 현상부터 고치는게 먼저 아닐까요? 늘어나는 캐쉬템으로 돈이란 돈은 벌텐데 그 돈은 어따 쓰길레 이모양이 되나요? 어이가 없네요 ㅋㅋ
Identity V -제5인격,실력이 비슷하게 좀 마춰주세요;;;;; 그리고 본계 돌려주세요; 그만튕기게 해주시고;;;; 그나마 조금 참으면서 열심히 괜찮게(?) 하고있어서 별2개.. +업데이트를 제발 렉 고치는 쪽으로 예쁘게 해주세요 🙏 이래야 플레이어가 와서 실력을 비슷하게 마추죠.. 1년 반 만에 다시 플래이 해봤는데 계정도 사라지고 여럼으로 별로네요..
Identity V -제5인격,감시자가 너무 빨라서 계속 따라오네요 그냥 감시자가 나를 한번 발견하면 죽었다고 생각하는 정도 너무 빨라서 도망갈 수가 없어요
Identity V -제5인격,진짜 개꿀잼입니다. 해외유저랑 만나서 사람도 많아요. 비대칭 PVP게임이라 신선하고 무과금으로만 즐기기도 가능해요
Identity V -제5인격,이 게임을 삭제한 이유 1. 현질 유도(조금 심함) 2. 고인물들이 부계정으로 초보들 괴롭힘. 3. 비슷 비슷한 맵들에 질림. 팁 1. 많이 하지는 마세요(저처럼 질려서 지울텐데) 2. 점수가 내려가도 크게 신경 쓰지마세요(기분만 상함) 3. 스킨 같은거 현질로 절대 절대 사지마세요( 사도 도움 되는거 하나도 없고 낭비임) 4. 삭제하세요.
Identity V -제5인격,오랜만에 접속했더니 계정이 사라졌어요. 프로필 캡쳐한 사진은 없고 구글 결제 내역이 있는데 그거로 아이디 복구 할 수 없을까요? 100만원 이상을 투자했는데 스킨이랑 캐릭터랑 펫이 다 살아졌어요 ㅠㅠㅠㅠㅠㅠㅠㅠㅠㅠ
Identity V -제5인격,3년전쯤잘하던게임 다시할려했는데 계정이 사라져서 옛날에 샀는것은 다날라갔네요 어떻게 복구를 해줄생각은 없는것을로보여 정말 실망했습니다 빠른대응바람
Identity V -제5인격,"잃어버린 계정을 찾으려고 정보를 보내서 통과가 됐는데요,평가란에서 말고 다시 문의했던 것처럼 확인을 회신하라고 하는데, 키워드에 ""확인""이라고 치고 하루를 기다렸는데,복구가 안돼네요.제가 뭘 잘못한거라면 알려주시고,아니라면 빠른 시일내에 복구를 해 주셨으면 합니다."
Identity V -제5인격,재미는 있는데 버그가 있고 또 렉이 너무 심합니다 이런 점들을 좀 고쳐주셨음 하네요 그래도 재미있게는 플래이 해서 별3개 드릴게요 행복한 하루 돼세요
Identity V -제5인격,예전에 하다가 삭제하고 오랜만에 다시 설치했더니 계정연동도 안 되고 그동안 해온 업적도 다 날아가버렸음..짜증남
Identity V -제5인격,"1티어 인데 계속 345티어 생존자랑 매칭이 됩니다. 그리고 정원사,변호사는 너무 안좋아서 좀 벨런스를 맞춰주세요."
Identity V -제5인격,초기부터 게임을 즐겼던 유저입이다. 최근에 다시 게임에 들어가니 계정이 없어저 게임을 못즐기고있습니다 계정인계 날을 모르고 놓쳐서 현재 구입한 아이템이랑 캐릭터가 다 없어젔습니다. 어떻해해야 계정을 복구할수있나요?
Identity V -제5인격,재밌게플레이하던유져인데어느날갑자기다운로드가필요하다고그레서게임삭제하고갤러리에서사진도삭ㅈㅔ했는데아직도부족하대요탐정추리그다음플레이게임이거너무재밌었는데아쉽네요ㅠㅠ그래도 재밌서쓰니까3 점월레4 점인데바꿈
Identity V -제5인격,19900원 게임내에서 구매했는데 한국서버가 사라지면서 계정 삭제가됐는데 환불 안되나요.. 증거사진 보낼수있습니다. 개인적으로 게임은 재미있었습니다.
Identity V -제5인격,"잡렉이 많이 걸리긴 해도 며칠 지나면 괜찮아지기도 하고, 여러모드가 많아서 좋음."
Identity V -제5인격,겜 지웠다가 다시 설치한 유저입니다. 지웠다가 다시 시작해서인지 제 계정이 또 날아갔네요..;;저번에도 그랬는데 또 그런다는게 슬슬 짜증이 납니다.;;;
Identity V -제5인격,전 루키노 C휘장 입니다. 승률 90%에요 . 벨런스 문제가 약간 있는것 같군요. 그래도 실력이 있으면 커버 가능합니다. 한 케릭터만 주구장창 파보세요.
Identity V -제5인격,게임을 하려고 접속했는데 서버 접속중이라은 화면만 뜨고 접속이 안됩니다. 몇일째 게임에 접속할 수가 없었습니다.
Identity V -제5인격,해독기 개수를 늘려주시거나 해독기 속도를 좀 낮춰주면 안되나요 보면 해독기가 너무 빨리 끝나서요
Identity V -제5인격,다 좋은데 오픈 초창기때에 모습을 추가해주시면 조을것같습니다 오픈 때가 더 현실감이 들고 더 공포스럽게 재밌을것같아서요 별5개드립다
Identity V -제5인격,계정 로그인하려는데 로그인이 안되네요. 계정이름 쌍션이이고요 복구부탁드립니다 언제부터 로그인이 안됩니다
Identity V -제5인격,요번에 업데이트를하면서 제원래계정이 연동이안되서 다시처음부터 하라고하는데 이게무슨 상황입니까 이래해도 안되고 저렇게해도 지굼옛날계정이 연결이안되요 계정찾아주세요
Identity V -제5인격,캐릭터도 다 멋지게 생겼고 능력도 개성있음 겜도 뇌지컬 피지컬 필요해서 재밌음 이벤트 자주하는데 보상이 짬 현질유도는 스킨에만 조금 있지만 스킨유무가 겜에 큰 영향을 끼치진않음 핑이 가끔식 튐 ㄹ
Identity V -제5인격,재미있는데요 저장공간이너무만이차지하네요이것만고쳐주면좋을것같습니다!재미있게게임하고있어요^-^
Identity V -제5인격,2년한 유전데 우선 진입장벽이 높고 또한 핑도 높아서 튕기는 아름다운 현상이 발생하더라고요 생존자는 팀원들이 못하고 감시자는 주류는 저한테 안맞아서 비주류를 해야하는데 그러니 겜이 지더라고요 ^^ 아주 아름다운 스킨수집게임이네여
Identity V -제5인격,이거 게임 정말 재밌어요. 하지만 요즘 너무 생존자 버프가 줄어서요ㅠㅜ 이 점만 고쳐주시면 감사하겠습니다!
Identity V -제5인격,와우! 게임 시작하는데 로딩이 렉걸려서 대속 못들어갔는데 그걸 잠수라고 점수맥이고 행위점수 깍는다니! 역시 갓겜!
Identity V -제5인격,"저기 별점테러한다면서 클라이언트 복구나 해라고 하신분 어이 없네요. 한정판 스킨이랑 악세, 그리고 게임하면서 모은 재화로 캐릭터 오픈한 사람들이 그걸 안해봤을까요? 클라이언트 복구도 여러번 눌러봤고요. 계정연동 창에 들어가서 사용하던 구글계정이 맞는지도 확인하고 그것도 안돼서 세번이나 다시 깔고 클라이언트 복구하고 게임데이터 다운받았어요. 지금 리뷰도 그제 적었다가 오늘 다시 시도해보려고 들어왔다가 작성한 리뷰가 지워졌는데 거기에 그쪽분 리뷰 보고 화가나서 또 다시 적네요. 유저들 정보 관리를 어떻게 하면 계정 삭제된 사람이 한두명이 아니게 된 건지 어 이 가 없네요. 무슨 자기네 게임 삭제하지 마라는 무언의 협박도 아니고;;. 다른 게임들은 6년만에 들어가도 유저 정보 동기화하면 나와요. 근데 출시 6년도 안 된 게임의 유저 계정이 삭제되다뇨. 그래도 약간의 희망을 가지고 오늘 한번 더 시도해봤는데 그냥 마음 접으렵니다."
Identity V -제5인격,이 게임이 아닌 한국어(영어 없이) 제5인격 플레이 하던 사람 입니다 왜 여기다 1별을 주냐 (영어 없는)제5인격을 플레이 하다가 친구랑 같이 할려 햇는데 신규 유저라서 결국엔 (영어 없는)제5인격은 친구랑 플레이가 안됌 그래서 (영어있는)제5인격을 깔았습니다 근데 여기서 문제가 터지네요 같은 5인격이라서 계정을 연동 시켜서 하던거 개속 할려 했는데 연동을 해도 그대로고 아 설마 계정 잘못 로그인 했나 싶어서 로그아웃 할려 했는데 따로 없습니다 그래서 (영어 없는)제5인격에 있던 캐릭터와 인격 스킨 수정 같은거 다 사라져서 다시 플레이 해야하네요..
Identity V -제5인격,사람들은 현질유도라고 하지만 현질유도는 한구석도 찾아볼 수가 없습니다.접속보상으로 스킨등 여러 보상을 주는데 무슨 문제입니까? 하지만 핑 문제는 게임상 걸릴 수 밖에 없네요. 핑 문제는 운영자 측에서 해결해 주십시요.
Identity V -제5인격,렉이 너무 걸려요.. 용량이 부족한 것도 아닌데 게임 시작할 때마다 대기화면 이상하고.. 나갔다 들어가면 저 혼자 늦게 시작하고..ㅠㅠ
Identity V -제5인격,안녕하세요 제5인격 1년 동안 플레이한 유저 입니다 제5인격 감시자 무료로 주셔서 별 5개 줍니다! 제5인격 제작자님 섹스가 쩔어요!!!!!!!!
Identity V -제5인격,1주는것도 아깝네요 다 잘만들었긴 합니다. 근데 팀플레이이게 부족합니다 그리고 고수 초보 등 모두 게임을 3판지면 에이아이전을 하는데 그건 너무 재미없고 지루합니다 그리고 팀플이 왜 부족하냐면 재가 구출을 하고 5번을 커버쳐줬는데 재가 죽고나선 살리고 아무도 안살려주는 커녕 해독기 조차 안돌립니다 제발 중국인들 말고 한국인들좀 만나게 해주세요
Identity V -제5인격,매우 재미있게 플레이하고있는 신규유저입니다 게임 자체가 재미있긴한데 실력이 비슷한 유저가 아닌 더 못하거나 잘하는 사람들과 매칭돼는 경우가 좀 많아서 별 다섯이 아닌 네개 박고가요 ㅎ
Identity V -제5인격,튜토리얼이 드럽게 길고 재미없어서 튜토리얼 중에 나가고 겜 삭제해버림 튜토리얼이 어지간히 길어야지 그리고 재미도 없어서 집중도 안되고 스킵도 안되고 게임은 안해봐서 재밌는지는 모르겠다
Identity V -제5인격,랭 돌리는데 핑 터지는건 예사고 서버 연결 안됀다고 랭에서 내보내면 어떡합니까? 현재 나가기도 안되고 들어가기도 안되는데 저보고 어쩌라는 걸까요?
Identity V -제5인격,완전재밌어요 4년째하는중입니다 개발자님! 연합사냥 하루종일 열려주면 안되나요? ㅠㅠ 계속 하고싶어요..
Identity V -제5인격,에휴 ㅋㅋ 뭐 안된다 하면 그냥 그사람 기기탓으로 돌려버리네 지들 서버가 문제인건 생각도 안하고 해결할 생각은 없냐? 해결 방법을 요구하는데 걍 아무것도안하네
Identity V -제5인격,요즘따라 랭킹전할때 10시근처만 되면 핑이 비정상적으로 올라가는 현상이 자주 일어납니다.그것땜에 랭킹전할때마다 스트레스를 엄청 받고있습니다.도대체 왜 핑이 갑자기 올라가는거에요?
Identity V -제5인격,"모두 재밌고 좋지만,언어모드쪽에 한국어가 없내요..이것좀 바꿔주세요!영어로 대체하곤 있는데 하기가 조금 어렵네요.."
Identity V -제5인격,예전에 게임삭제하고 다시들어왔는데 데이터삭제되고 현질한것까지 초기화됐네요... 분명 구글로그인했는데 안됐었다고...하
Identity V -제5인격,아니 폰 저장공간도 넉넉한데오늘 업데이트하고 다시 들어갔더니 화면이 멈추면서 게임에 들어가지질않아요;어쩌란건지 ..뭣같아서 그냥 접으려고요
Identity V -제5인격,계정문제로 답답 오랜만에 다시 다운받았는데 계정 사라져서 못찾고 있어요ㅠ 현질 조금이지만 했었고 이거 스킬열려면 게임 많이 뛰어야 돼서 시간 오래걸리고 귀찮은데 절대 다시 키우고 싶지 않습니다 내시간이랑 돈 내놔...
Identity V -제5인격,"별로 안쓰는 안 이쁜 스킨 좀 없애주세요 사람들이 별로 쓰지도 않고 용량만 잡아먹고, 업데이트 오류도 고쳐주세요 안 그래도 용량 엄청 커서 업데이트 하는 시간도 좀 걸리던데 부탁드려요 스킨은 제발 초록 스킨만이라도 없애주세요"
Identity V -제5인격,오랜만에 돌아와서 보니 계정연결은 없고 과금내역을 가져오라는데 2년전 자료를 우째찾나 싶기도하고 걍 복귀 안할랍니다. 원래 깔아놨던 어플은 플레이스토어에 사라져있고 새 어플로 이렇게 올라와있더만 계정연결은 안되고 로그인오류만 나네요 괜히 어플 새로 올린다고 이렇게 올리고 번거롭게하고 시간날리게 하고 복구는 어떻게 할방법도 제시도 안해주니 아예 접을랍니다 수고하세요
Identity V -제5인격,초반에 스토리가 너무 길다 스토리만 보고 게임은 하지도 못함 별 1개 주기도 아까움 진짜 짜증남
Identity V -제5인격,옛날 계정은 사라지긴 했지만 닉도 기억안남 ㅋㅋ 그래도 다시 찾아오게 됐네요 이왕 새롭게 시작한거 다시 열심히 키워야죠 강추 입니다
Identity V -제5인격,처음 로그인하는데 어려웠습니다. 원래 예전에 사용하던 구글계정으로 로그인을 할려는데 저가 구글계정이 5개 정도 있는데 선택하는게 없더라고요... 그거 만들어주시면 로그인 수월하게 할수있을것 같은데..
Identity V -제5인격,오랜만에 겜 들어갔더니 계정 날라갔다는 분들 그거 옛날에 한섭 섭종하고 글섭으로 통합해서 그래요 그때 코드 복사해서 등록할 수 있었는데 지금은 어떨지 모르겠네용 암튼 저도 깜빡하고 부계 날려먹어서 옹호는 안함ㅋㅋㅋㅋ
Identity V -제5인격,초창기 유저인데 정말 개 뭣같이 됬네요 최소한 서버 옴겼으면 보상이라도 하던가 그런것도 없고 계정 찾으려는데 안나오고 참 개판이넹
Identity V -제5인격,복귀했는데 핑이 좀 튀는 것 빼곤 재밌어요 옛날보다 더 재미있어져서 깜짝 놀라버렸어요
Identity V -제5인격,잼은 있는데 스킨넘 비싸용 ㅜㅜ 30마넌.. 그리고 갖고싶은거는 돈주고도 못사는거.. 왜 파는거에요 그런거는..ㅜㅜ
Identity V -제5인격,"이게임은 자꾸왜 튕기나요?제보를해도 1년도넘었습니다.하루에5번정도필수로 튕기고 랭킹도할 수없어요.물론제 폰이 똥폰이지만 이거는너무 심각하네요 접속하면 1분정도걸려서 게임이터집니다.그리고 뉴비교육좀 해주세요.뉴비들때문에 게임이힘들고 제가 타로를 즐기는데 뉴비들이 게임하는방법을 몰라서 적을안찾고 팀원딜만 쫓아와요.그렇다고 일겜을하면 가끔봇이나오고 재미가없어요.그리고 자꾸왜생존자들도 다봇이죠? 봇들은의사,도둑,샤먼,변호사,맹인,조향사,카우보이등등이 있어요.진짜전에는3시간씩했었는데 요즘은30분도안해요.재미도없고,렉은심하고 오즘서버괄리등 밸런스를좀 제발해달라고 하는데 안해요1마디할께요.제발렉이나고쳐!!!!!!!!!"
Identity V -제5인격,기계고치는데 정확 하게돌렸는데! 안돼고! 해도 안되잖아요!
Identity V -제5인격,"핸드폰 바꾸고 다시 하려고 하는데 계정이 없다고 나옵니다. 전에 쓰던 핸드폰에서 구글 계정인계를 하고나서 사용했는데도 새 핸드폰으로 구글 계정인계를 하니까 튜토리얼부터 시작합니다. 구글, 트위터, 페이스북 다 연계했는데도 튜토리얼부터 시작합니다. 고객센터에서 제가 쓰던 계정을 검색해도 안나오고 계정이 사라져버리면 어떻게 하라는 거죠? 어이가 없어서 웃음만 나오네 투자했던 시간이랑 돈이 있는데 통보도 없이 계정 삭제가 될 수가 있는 건가요? 계정 복구해주세요^^"
Identity V -제5인격,짜증나 짜증나 짜증나 짜증나 짜증나 짜증나 짜증나 고객센터도 도움이 안되 계정을 안줘 랙걸려 짜증나 도움이 안되 다했는데 안되 15분 뒤에 오래 제기해도 무시당해 짜증나 짜증나 계정 못찾아서 짜증나 짜증나 해결도 안되 채팅도 안쳐져 짜증나 고객센터 짜증나 짜증나 짜증나 해결해주든가 짜증나 언제 계정 줄거야 짜증나 짜증나 계정연동을 왜한거야 짜증나 랙도 안고쳐 주고 짜증나 방해되 재밌으면 뭐해 래걸려 계정 안찾아줘 센터는 도움이 안되 이거 제기해도 안찾아 주겠지 4주년이면 뭐해 나는 이렇게 짜증난데 또 돈벌려니까 좋겠지 제작자들은 계정도 안찾아아줘 소수의 사람은 무시하네 짜증나짜증나
Identity V -제5인격,재미는 있습니다. 다만...새 앱을 깔라는것같아서 원래앱은 지우고 까는 실수땜에 이 게임을 접엇습니다. 왜냐구요? 계정이 날라갓기 때문입니다. 계정 연동만이 계정을 불러올수 있더군요.....아주아주 이갬에 정이 퐉! 썩엇습니다. ^^
Identity V -제5인격,모든다좋은데...😖🧩캐릭터가격이너무비싸고스킨은많은데비싸고...그중에감시자가너무비싸요...감시자너무비싸요..💚🧩가격좀줄여주시면완벽한게임이될거같네요!😆항상애써주셔서감사해요!!😘☺
Identity V -제5인격,"한숨만 나오네요....ㅎㅎㅎㅎㅎㅎㅎ 일단 현질 유도 엄청 심해요 ㅎㅎ 그리고 핸드폰 발열 개 심하고 , 렉도 오져요 ~~ 맨날 핸드폰 뜨겁게 달궈서 게임하다 너무 열받으면 게임이 멈춰버리는 마법 ~! 정말 재밌습니다 ~~ㅎㅎㅎ"
