title,first_cleaned_reviews
PowerWash Simulator,너무 재밌다 재밌다 근데 근데 물건 물건 너무 비싸다 비싸다 하나 업그레이드 업그레이드 하다 거 시간 청소 청소 하다 가볍다 가볍다 즐기다 즐기다 게임 조금 가격 책정 책정 되다 것 같다 그거 그거 빼다 빼다 완벽하다 완벽하다 비세라 비세라 클린 클린 업 하우스 하우스 리퍼 리퍼 청소 청소 한정 한정 훨씬 재밌다 재밌다 편리하다 편리하다
PowerWash Simulator,혹시 이 게임 친구 친구 함께 하다 협동 협동 모드 모드 넣다 넣다 있다 맵 기존 기존 맵 배 배정 배정 도로 도로 잡다 잡다 크기 크기 시간 괜찮다 괜찮다 같다 최소 최소 인원 인원 명 최대 최대 명 명 정도 정도 해도 하다 수 있다 폭 늘어나다 늘어나다 것 같다
PowerWash Simulator,내 집 내 방도 방도 치우다 치우다 청소 청소 게임 뒤지다 열심히 열심히 함
PowerWash Simulator,빈티 빈티 자동차 자동차 타이어 타이어 때문 대가리 깨다 깨다 같다 물 뿌리다 뿌리다 지워지다 지워지다
PowerWash Simulator,님들 님들 멀티 멀티 버그 개심 개심 데 왜 평가 평가 안 써주다 써주다 캐릭터 캐릭터 보이다 보이다 투명인간 투명인간 버그 집안 집안 들어가다 들어가다 나오다 나오다 버그 키 누르다 누르다 창 뜨다 뜨다 장비 장비 못 바꾸다 바꾸다 버그 장비 장비 안 들다 들다 버그 장비 장비 들다 들다 안 놓다 놓다 버그 방장 방장 세척 세척 기 사다 사다 친구 친구 세척 세척 기 없다 하다 버그 완료 완료 타임 타임 랩스 랩스 취소 취소 누르다 누르다 안 먹히다 먹히다 버그 등등 기억 기억 안나 안나 멀티 멀티 버그 좀 고치다 고치다 바람 바람 멀티 멀티 진짜 진짜 의미 의미 없다 친구 친구 부르다 부르다 친구 친구 아니다 사실 노예 노예 임 방장 방장 돈 벌다 벌다 친구 친구 아무 보수 보수 없이 없이 채다 채다 터 도와주다 도와주다 다임 다임 멀티 멀티 들어오다 들어오다 사람 고급 고급 장비 장비 끼 있다 방장 방장 초보 초보 초보 초보 장비 장비 끼 도와주다 도와주다 야하다 야하다 멀티 멀티 컨텐츠 컨텐츠 하다 딱하다 딱하다 없다 사실 아직 아직 은 싱글 싱글 겜 듯 처음 처음 오다 오다 개꿀잼 개꿀잼 개꿀잼 개꿀잼 하다 나중 방대하다 방대하다 양 보고 스트레스 스트레스 받다 받다 모름 모름 그렇다 시간 때우다 때우다 생각 하다 아주 꿀잼임 꿀잼임 하우스 하우스 리퍼 리퍼 비세라 비세라 빡 세다 세다 같다 노즐 노즐 노란색 노란색 짱 돈 모이 모이 다 필요없다 필요없다 파워 파워 세척 세척 기 사다 사다 빡센 빡센 맵 혼자 하다 시간 반 시간 정도 정도 모든 모든 맵 클리어 클리어 시간 걸리다 걸리다
PowerWash Simulator,박박 박박 닦다 닦다 박박 박박 닦다 닦다 박박 박박 닦다 닦다 박박 박박 닦다 닦다 박박 박박 닦다 닦다 박박 박박 닦다 닦다 박박 박박 닦다 닦다 박박 박박 닦다 닦다 박박 박박 닦다 닦다 박박 박박 닦다 닦다 박박 박박 닦다 닦다 박박 박박 닦다 닦다 박박 박박 닦다 닦다 박박 박박 닦다 닦다 박박 박박 닦다 닦다 박박 박박 닦다 닦다 박박 박박 닦다 닦다 박박 박박 닦다 닦다 박박 박박 닦다 닦다 박박 박박 닦다 닦다 박박 박박 닦다 닦다 박박 박박 닦다 닦다 박박 박박 닦다 닦다 박박 박박 닦다 닦다 박박 박박 닦다 닦다 박박 박박 닦다 닦다 박박 박박 닦다 닦다 박박 박박 닦다 닦다 박박 박박 닦다 닦다 박박 박박 닦다 닦다 박박 박박 닦다 닦다 박박 박박 닦다 닦다 박박 박박 닦다 닦다 박박 박박 닦다 닦다 박박 박박 닦다 닦다 박박 박박 닦다 닦다 박박 박박 닦다 닦다 박박 박박 닦다 닦다 박박 박박 닦다 닦다 박박 박박 닦다 닦다 박박 박박 닦다 닦다 박박 박박 닦다 닦다 박박 박박 닦다 닦다 박박 박박 닦다 닦다 박박 박박 닦다 닦다 박박 박박 닦다 닦다 박박 박박 닦다 닦다 박박 박박 닦다 닦다 박박 박박 닦다 닦다 박박 박박 닦다 닦다 박박 박박 닦다 닦다 박박 박박 닦다 닦다 박박 박박 닦다 닦다 박박 박박 닦다 닦다 박박 박박 닦다 닦다 박박 박박 닦다 닦다 박박 박박 닦다 닦다 박박 박박 닦다 닦다 박박 박박 닦다 닦다 박박 박박 닦다 닦다 박박 박박 닦다 닦다 박박 박박 닦다 닦다 박박 박박 닦다 닦다 박박 박박 닦다 닦다 박박 박박 닦다 닦다 박박 박박 닦다 닦다 박박 박박 닦다 닦다 박박 박박 닦다 닦다 박박 박박 닦다 닦다 박박 박박 닦다 닦다 박박 박박 닦다 닦다 박박 박박 닦다 닦다 박박 박박 닦다 닦다 박박 박박 닦다 닦다 박박 박박 닦다 닦다 박박 박박 닦다 닦다 박박 박박 닦다 닦다 박박 박박 닦다 닦다 박박 박박 닦다 닦다 박박 박박 닦다 닦다 박박 박박 닦다 닦다 박박 박박 닦다 닦다 박박 박박 닦다 닦다 박박 박박 닦다 닦다 박박 박박 닦다 닦다 박박 박박 닦다 닦다 박박 박박 닦다 닦다 박박 박박 닦다 닦다 박박 박박 닦다 닦다 박박 박박 닦다 닦다 박박 박박 닦다 닦다 박박 박박 닦다 닦다 박박 박박 닦다 닦다 박박 박박 닦다 닦다 박박 박박 닦다 닦다 박박 박박 닦다 닦다
PowerWash Simulator,처음 처음 키 자마자 시간 내내 내내 물 줄기 줄기 뿌리다 뿌리다 대다 대다 나 모습 모습 보다 현재 현재 나 직업 직업 대해 의 구심 구심 갖다 갖다 되다
PowerWash Simulator,꼭 비누 비누 노즐 노즐 같다 사고 사고 세척 세척 액 사다 사다 그렇다 원효대사 원효대사 해골 해골 물 되다 시간 동안 세척 세척 액 써다 써다 오다 오다 세척 세척 액 좋다 좋다 이 랄 하다 있섯슴 있섯슴
PowerWash Simulator,잔잔하다 잔잔하다 청소 청소 하다 재미 재미 정도 정도 있다 추천 추천 진짜 진짜 물 벗겨지다 벗겨지다 느낌 느낌 아니다 그림판 그림판 색칠 색칠 하다 느낌 느낌 들다 들다 너무 아쉽다 아쉽다 중간 중간 중간 중간 필살기 필살기 마냥 마냥 대포 대포 쏘다 쏘다 재끼 재끼 싶다 싶다 너무 답답하다 답답하다 그래도 추천 추천
PowerWash Simulator,게임 재다 재다 왜 얼룩 얼룩 지워지다 지워지다 않다 커리어 커리어 모드 모드 첫 안되다 뭐 문제 문제 모르다 모르다 해결 해결 법 아시 아시 분 제발 제발 좀 가르치다 가르치다 주시 주시 감사하다 감사하다
PowerWash Simulator,다 좋다 좋다 멀미 멀미 나다 나다 멀미 멀미 심하다 심하다 분 주의 주의 하다
PowerWash Simulator,맵 많이 많이 만들다 만들다 달라 달라 시간 다 해 버리다 버리다
PowerWash Simulator,재밌다 재밌다 왜 자꾸 자꾸 울렁거리다 울렁거리다
PowerWash Simulator,물 청소 청소 게임 좋아하다 좋아하다 음악 음악 틀어놓다 틀어놓다 하다 마음 마음 안정 안정 되다 느낌 느낌 단점 단점 라면 라면 오래 오래 하다 좀 어지럽다 어지럽다 같다 힐링 힐링 게임 추천 추천
PowerWash Simulator,하다 스테이지 스테이지 초기 초기 추가 추가 해주다 해주다 버그 때문 이후 나아가다 나아가다 않다 다음 스테이지 스테이지 나아가다 나아가다 수가 수가 없다 사원 사원 작다 작다 유리창 유리창 십분 십분 동안 닦다 닦다
PowerWash Simulator,진심 진심 멀미 멀미 엄청나다 엄청나다 물 쏘다 쏘다 자꾸 자꾸 마우스 마우스 흔들다 흔들다 멀미 멀미 엄청나다 엄청나다 내 왜 걸 있다 생각 들다 들다 꾸역꾸역 꾸역꾸역 하다 되다 멀미 멀미 너무나 너무나 서다 서다 따다 따다 심심하다 심심하다 키 되다 마 성의 성의 게임 한글패치 한글패치 고맙다 고맙다 앞 업데이트 업데이트 기대하다 기대하다
PowerWash Simulator,스팀 대다 대다 어머니 어머니 등짝 등짝 스매싱 스매싱 메이커 메이커 하우스 하우스 리퍼 리퍼 비세라 비세라 클린 클린 업 디테일 디테일 파워 파워 워시 워시 시뮬레이터 시뮬레이터
PowerWash Simulator,우리 집 청소 청소 하다 남 집 청소 청소 시간 해주다 해주다 있다
PowerWash Simulator,하나 만들다 만들다 쓰나미 쓰나미 휩쓸다 휩쓸다 난후 난후 마을 마을 전체 전체 청소 청소 하다
PowerWash Simulator,덜 닦이다 닦이다 부분 부분 찾기 찾기 어렵다 어렵다 선택 선택 누르다 누르다 때 회색 회색 깜빡이다 깜빡이다 것 보다 빨간색 빨간색 깜빡이다 깜빡이다 좋다 좋다 것 같다 찾기 찾기 너무 힘드다 힘드다
PowerWash Simulator,이렇다 이렇다 게임 보통 보통 느껴지다 느껴지다 루즈 루즈 부분 부분 단 하다 부분 부분 청소 청소 하다 되다 틀리다 틀리다 그림 그림 찾기 찾기 수준 수준 한참 한참 찾다 찾다 되다 이 거의 없다 달성 달성 위 난이도 난이도 생각 높다 높다 않다 이렇다 이렇다 류 게임 처음 처음 접 하다 사람 추천 추천 드리다 드리다
PowerWash Simulator,꼬질꼬질 꼬질꼬질 장소 장소 깨끗하다 깨끗하다 만들다 만들다 걸 쾌감 쾌감 느끼다 느끼다 분 매우 추천 추천 그럭저럭 그럭저럭 멍하니 멍하니 게임 하다 나쁘다 나쁘다 않다 그래픽 그래픽 아기자기하다 아기자기하다 색감 색감 알록달록 알록달록 한편 한편 청소 청소 하다 꽤 만족감 만족감 줍다 줍다 게임 하다 때 소소하다 소소하다 팁 청소 청소 구역 구역 를 누르다 누르다 완료 완료 되다 않다 목록 목록 클릭 클릭 하다 하나 클릭 클릭 되다 해당 해당 하다 오브젝트 오브젝트 필드 필드 깜박 깜박 거려 거려 보다 찾기 찾기 쉽다 쉽다 지다 지다 청소 청소 하다 어디가 어디가 안되다 찾다 찾다 빡치다 빡치다 때 꼭 확인 확인 해보다 해보다 탭키 탭키 누르다 누르다 확인 확인 하다 기본 기본 깔다 깔다 감 물 청소 청소 하다 때 왼쪽 왼쪽 상단 상단 뜨다 뜨다 오브젝트 오브젝트 이름 이름 바 아래 게이 이 오브젝트 오브젝트 얼마나 청소 청소 되어다 되어다 진행 상태 상태 나타내다 나타내다 바이 바이 게이지 게이지 모두 파란색 파란색 되다 개체 개체 완료 완료 되다 오브젝트 오브젝트 이다 플라스틱 플라스틱 금속 금속 타입 타입 뜨다 뜨다 자다 자다 닦이다 닦이다 곳 해당 해당 하다 종류 종류 세제 세제 쓰다 쓰다 자다 자다 닦이다 닦이다
PowerWash Simulator,게임 전 주의 주의 사항 사항 멀미 멀미 심하다 심하다 사람 힘들다 힘들다 있다 하늘 하늘 바닥 바닥 구석구석 구석구석 쉬다 쉬다 새 없이 없이 보다 멀미 멀미 유발 유발 꽤 심하다 심하다 멀미 멀미 타다 사람 이 게임 하다 맵 하나 한번 끝내다 끝내다 하다 하다 쉬 하다 쉬 반복 반복 하다 하다 외 너무 재밌다 재밌다 하다 다만 전 멀미 멀미 때문 후반 후반 맵 도저히 도저히 그 전 너무 재밌다 재밌다
PowerWash Simulator,처음 처음 오 쉬다 쉬다 취향 취향 임 다음 판 왤케 왤케 넓다 넓다 토 하다 같다 하다 다음 날 생각나다 생각나다 키 되다 그다음 그다음 날 중독 중독 돼다 돼다 거 실행 실행 함 다다 다다 음날 음날 컨텐츠 컨텐츠 어디 나오다 나오다 업뎃 업뎃 검색 검색 하다 되다 생각 맵 갯수 갯수 좀 있다 다다 다다 다음 날 아깝다 아깝다 개 이상 하다 보상 보상 이상은 이상은 시간 정도 정도 걸리다 걸리다 개꿀 현재 현재 결론 결론 하다 없어지다 없어지다 아끼다 아끼다 하다 겜 첨 임 개 클리어 클리어 하다 아직 아직 최근업뎃 최근업뎃 맵 개 보이다 보이다 야스 야스 업뎃 업뎃 꾸준하다 꾸준하다 얼엑 얼엑 오래 오래 즐기다 즐기다 있다 정식 정식 발매 발매 나서다 나서다 많이 많이 내주다 내주다 다사 다사 줌 짜다 짜다 리 오두막 오두막 맵 거의 시간 걸리다 걸리다 샾 모양 모양 기둥 기둥 졸 많다 많다 정신병 정신병 걸리다 걸리다 같다 하다 때 심호흡 심호흡 하다
PowerWash Simulator,방 청소 청소 이렇게 해보다 해보다
PowerWash Simulator,그냥 물 뿌리다 뿌리다 왜 이렇게 계속 계속 하다 밥 도안 도안 먹다 먹다
PowerWash Simulator,자마자 몰입 몰입 하다 다 끝내다 끝내다 더 이상 하다 게 없다 금단증상 금단증상 느끼다 느끼다 현실 현실 집 청소 청소 시작 시작 하다
PowerWash Simulator,나쁘다 나쁘다 기억 기억 이렇게 씻다 씻다 낼 수 있다 얼마나 좋다 좋다
PowerWash Simulator,장점 장점 게임 자체 자체 재미 재미 있다 물 청소 청소 깨끗해지다 깨끗해지다 속 시원하다 시원하다 힐링 힐링 게임 이다 업데이트 업데이트 되다 단점 단점 하다 없다 차 건물 건물 몇개 몇개 끝나다 끝나다 더 이상 하다 없다 청소 청소 끝나다 끝나다 돈 주지 주지 돈 가지 가지 하다 세척제 세척제 살다 살다 없다 그렇다 보다 반복 반복 플레이 의미 의미 없다 한번 하다 끝 이다 맘 먹다 먹다 하다 시간 안되다 다 깨다 깨다 바라다 바라다 점 미니게임 미니게임 멀다 멀다 돈 소모 소모 하다 있다 컨텐츠 컨텐츠 마련 마련 해주다 해주다 좋다 좋다 같다
PowerWash Simulator,하우스 하우스 리퍼 리퍼 하다 때 청소 청소 하다 저 최고 최고 게임 이다 너무 재밌다 재밌다 정신없이 정신없이 하다 재밌다 재밌다 취향 취향 맞다 맞다 중독 중독 미치다 아주 미세하다 미세하다 때문 클리어 클리어 안되다 때 열 받다 받다 나무 나무 테두리 테두리 가다 가다 절 분조 분조 만들다 만들다 오염 오염 컬러 컬러 그린 그린 블루 블루 같다 걸 바꾸다 바꾸다 수 있다 옵션 옵션 필요하다 필요하다 세척 세척 기르다 기르다 비싸다 비싸다 걸 업그레이드 업그레이드 하다 폭포 폭포 기능 기능 생기다 생기다 겜 세척 세척 기 가격 좀 비싸다 비싸다 같다 마저 청소 청소 하다 찾다 찾다 빡치다 빡치다 열 식히다 식히다 평가 평가 하나 쓰다 쓰다 가다 가다
PowerWash Simulator,일단 멀미 멀미 좀 나 편입 편입 니 멀미 멀미 나다 나다 시간 채우다 채우다 대체 대체 뭘 하다 시간 하다 구 리셋 리셋 다섯 하다 재밌다 재밌다 청소 청소 청소 청소 청소 청소 어지르다 어지르다 놈 따로 따로 있다 개 의치 의치 않다 치우다 치우다 재미 재미 있다 요 혹시 싶다 싶다 현실 현실 청소 청소 하다 재미 재미 있다 않다 하다 카 치다 치다 고압 고압 세척 세척 기 구매 하다 역시 현실 현실 재미있다 재미있다 창고 창고 블럭 블럭 쌓다 쌓다 블럭 블럭 되어다 되어다 아주 고성능 고성능 쓰레기 쓰레기 구매 하다 쓸데없이 쓸데없이 카 치다 치다 저기 저 제트기 제트기 마저 청소 청소 싶다 싶다 그렇다 청소 청소 하다 가다 가다
PowerWash Simulator,물의 물의 호흡 호흡 제 형 굽이굽이 굽이굽이 춤
PowerWash Simulator,큰일 큰일 나다 나다 왜 시간 동안 물 뿌리 뿌리 하다 다 떨어지다 떨어지다 얼리다 얼리다 스 덤 눈 안구건조증 안구건조증 생기 생기 재미있다 재미있다
PowerWash Simulator,커리어 커리어 모드 모드 첨부 첨부 터 얼룩 얼룩 안다 어떻다 어떻다 하다
PowerWash Simulator,멀티 멀티 나오다 나오다 할인 언제 다시 하다 친구 친구 좀 꼬시겡 꼬시겡
PowerWash Simulator,오다 오다 돈 주다 주다 청소 청소 하다 이 왜 재다 재다 추가 추가 맵 덥다 덥다
PowerWash Simulator,한순간 한순간 시간 뻇겨버린 뻇겨버린 존잼 존잼 정작 정작 내 집다 집다 더럽다 더럽다 뽀득뽀득 뽀득뽀득 꺠끗꺠끗 꺠끗꺠끗 희다 희다 열
PowerWash Simulator,깨끗하다 깨끗하다 청소 청소 되다 모습 모습 시원하다 시원하다 좋다 좋다 인칭 인칭 멀미 멀미 남 멀미 멀미 심하다 심하다 사람 오래 오래 못 하다 게임
PowerWash Simulator,내 방 청소 청소 더 열심히 열심히 청소 청소 함
PowerWash Simulator,빨리 빨리 빨리 빨리 더 내놓다 내놓다
PowerWash Simulator,여름 여름 계곡 계곡 온 것 같다 좋다 좋다
PowerWash Simulator,청소 청소 안되다 문제 문제 해결 해결 아직 아직 은 청소 청소 하다 것 많다 많다 않다 좀 아쉽다 아쉽다 그래도 멍 때리다 때리다 좋다 좋다 게임
PowerWash Simulator,시간 때우다 때우다 좋다 좋다 친구 친구 같다 해도 좋다 좋다 친구 친구 같이 하다 불다 불다 절대 절대 혼자 하다 말다 말다 타 씨 오다 오다
PowerWash Simulator,화면 화면 전체 전체 움직 움직 청소 청소 하다 너무 어지럽다 어지럽다 그렇다 눈 아프다 아프다 구역 구역 청소 청소 끝나다 끝나다 때 눈뽕 눈뽕 물 소리 소리 지속 지속 들다 들다 귀가 귀가 아픔 아픔 물이 물이 주르륵 주르륵 흐르다 흐르다 않다 이상하다 이상하다 재미있다 재미있다
PowerWash Simulator,수압 수압 청소 청소 것 뿐 기분 기분 좋아지다 좋아지다 게임
PowerWash Simulator,시간 가다 가다 줄 모르다 모르다 하다 되다 다만 오래 오래 하다 보다 어지럽다 어지럽다 노즐 노즐 분사 분사 하다 휘저을때 휘저을때 시점 시점 움직이다 움직이다 어지러움 어지러움 심하다 심하다 추후 추후 패치 하다 고정 고정 되다 시점 시점 분사 분사 노즐 노즐 움직이다 움직이다 옵션 옵션 주다 주다 좋다 좋다 마우스 마우스 화면 화면 밖 움직이다 움직이다 하다 때 시점 시점 이동 이동 하다 옵션 옵션 있다 어떻다 어떻다 싶다 싶다 어지러움 어지러움 해결 해결 하다 최고 최고 게임 되다 같다 제작자 유튜브 유튜브 보다 화면 화면 고정 고정 모드 모드 업데이트 업데이트 하다 패치 되다 어지러움 어지러움 없어지다 없어지다
PowerWash Simulator,더 청소 청소 하다 더 주다 주다
PowerWash Simulator,버그 빨리 빨리 빨리 빨리 수정 수정 되다 좋다 좋다 근데 근데 속 보 졸리 졸리 피곤하다 피곤하다 지루하다 지루하다 가끔 가끔 하다 좋다 좋다 돈 너무 쓸다 쓸다 대가 대가 없다
PowerWash Simulator,수압 수압 맞다 맞다 물 소리 소리 브금 브금 없이 없이 조용하다 조용하다 느낌 느낌 힐링 힐링 주다 주다 오래 오래 하다 노동 노동 되어다 되어다 버리다 버리다 적당하다 적당하다 하다
PowerWash Simulator,다 깨다 깨다 매일 매일 업데이트 업데이트 돼다 돼다 확인 확인 하다 개발자 개발자 현황 현황 올라오다 올라오다 업데이트 업데이트 언제 되다 감다 감다 잡히다 잡히다 더 빨리 빨리 더 많이 많이 내주다 내주다 아니다 맵 하나 개발 개발 되다 올려주다 올려주다
PowerWash Simulator,물소 물소 리만 리만 나다 나다 너무 재밌다 재밌다
PowerWash Simulator,방 청소 청소 하다 왜 잼 잇다 잇다
PowerWash Simulator,빈티 빈티 자동차 자동차 타이어 타이어 좀 떨어지다 떨어지다 보다 부분 부분 얼룩 얼룩 보임 보임
PowerWash Simulator,생각 없이 없이 뭔가 집중 집중 하다 느낌 느낌 들어서다 들어서다 맘에듬 맘에듬 다른사람 다른사람 같이 해보다 해보다 일단 업뎃 업뎃 더 되다 생각 하다 일 같다
PowerWash Simulator,무지 무지 히 히 물 발사 발사 물 닦다 닦다 하다 재밌다 재밌다
PowerWash Simulator,재밌다 재밌다 맵 또 나오다 나오다 좋다 좋다 며칠 며칠 동안 것 하다 너무 아쉽다 아쉽다
PowerWash Simulator,생각 업다 업다 청소 청소 하다 보다 시간 가다 가다 머리 머리 아프다 아프다 떄 추천 추천
PowerWash Simulator,이건 이건 완벽하다 완벽하다 진짜 진짜 귀찮다 귀찮다 거 하나 없이 없이 물 쏘다 쏘다 아악 아악 내려가다 내려가다 힘들다 힘들다 하루 하루 진행 안되다 프로젝트 프로젝트 불안하다 불안하다 발표 발표 전부 잊어버리다 잊어버리다 물 쏘다 쏘다 게임 충 조절 조절 안되다 사다 사다 아동 아동 거 시키다 취미 취미 메다 메다 테이 테이 션 랩함 랩함 미치다 게임 개 미치다 게임 세이브 파일 개념 개념 없다 그냥 내 꼼꼼하다 꼼꼼하다 원하다 원하다 부분 부분 닦다 닦다 멀리 멀리 떨어지다 떨어지다 지켜보다 지켜보다 그게 세이브 파일 임 스테이지 스테이지 클리어 클리어 하다 나오다 나오다 타임랩스 타임랩스 미치다 너무 뿌듯하다 뿌듯하다 새벽 새벽 게임 하다 컴 끄다 끄다 이불 이불 덮다 덮다 뒤 적막 적막 속 너무 만 우울함 우울함 잊다 잊다 미소 미소 지다 지다 잠들다 잠들다 언젠가 늘다 늘다 내 인생 인생 저렇게 저렇게 시원하다 시원하다 깨끗해지다 깨끗해지다 좋다 좋다 쏘다 쏘다
PowerWash Simulator,멀미 멀미 너무 심하다 심하다 스테이지 스테이지 도 깨다 깨다 드럽다 드럽다 누움 누움 분 플레이 죽음 죽음 보다 읍니 읍니 누르다 누르다 고정 고정 모드 모드 게임 하다 멀미 멀미 안나 안나 완뷰캐 완뷰캐
PowerWash Simulator,너무 멀미 멀미 나서다 나서다 결국 때리다 때리다 치다 치다 멀미 멀미 하다 사람 추천 추천
PowerWash Simulator,전문 전문 장비 장비 나오다 나오다 하다 언제 나오다 나오다 모르다 모르다 상점 상점 있다 전부 사다 사다 전문 전문 장비 장비 겨우 사고 사고 돈 없다 빨리 빨리 다음 작업 작업 메인 메인 작업 작업 조금 돈 벌 수단 수단 있다 좋다 좋다
PowerWash Simulator,물 뿌리다 뿌리다 하다 즐겁다 즐겁다 청소 청소 게임 왜케 왜케 재밌다 재밌다 하다 시간 지나다 지나다 해보다 해보다 안 닦다 닦다 구석 구석 있다 보다 틈새 틈새 공략 공략 하다 하다 시간 한참 한참 지나다 지나다 다 닦다 닦다 있다
PowerWash Simulator,새벽 새벽 세시 세시 정신 정신 줄 놓다 놓다 오두막 오두막 바닥 바닥 물 세척 세척 다가 다가 문득 문득 세번 세번 의자 의자 위 기절 기절 하다 깨어나다 깨어나다 하다 침대 침대 돌아가다 돌아가다 풀썩 풀썩 쓰러지다 쓰러지다 초 잠들다 잠들다 아직 아직 하다 하다 남다 남다 하다 다음 날 똑같다 똑같다 짓 또 하다 아니다 처마 처마 왜 완료 완료 안되다 하다 분동 분동 안 픽셀 픽셀 짜다 짜다 오염 오염 찾아다니다 찾아다니다 좋아하다 좋아하다 시오 시오 저 플레이 시간 보다
PowerWash Simulator,여러분 이과 이과 드디어 드디어 해내다 해내다 무선 무선 물 분사 분사 하다 수 있다
PowerWash Simulator,멀미 멀미 있다 분 조심하다 조심하다 튜토리얼 튜토리얼 해보다 해보다 멀미 멀미 너무 심하다 심하다 환불 하다 그래도 씻기다 씻기다 내려가다 내려가다 보다 너무 시원하다 시원하다 좋다 좋다
PowerWash Simulator,물 청소 청소 하우스 하우스 리퍼 리퍼 청소 청소 겜 좋아하다 좋아하다 사시 사시 되다 특히 특히 키 누르다 누르다 어디가 어디가 청소 청소 안되다 한눈 한눈 직관 직관 보여주다 보여주다 좋다 좋다 다만 바닥 바닥 넓다 넓다 부위 부위 청소 청소 하다 때 일일 일일 히 다 닦다 닦다 되다 너무 귀찮다 귀찮다
PowerWash Simulator,만원 만원 도세 도세 걱정 걱정 없다 물장난 물장난 하다 수 있다
PowerWash Simulator,게임패드 게임패드 완벽 완벽 지원 지원 완벽하다 완벽하다 속 버리다 버리다 진동 진동 왜 없다
PowerWash Simulator,화면 화면 이리저리 이리저리 움직이다 움직이다 하다 자꾸 자꾸 멀미 멀미 서다 서다 시간 하다 쉬다 쉬다 시간 총 시간 업데이트 업데이트 되다 부분 부분 끝내다 끝내다 업데이트 업데이트 되다 종종 종종 하다 인칭 인칭 멀미 멀미 심하다 심하다 불다 불다 힘들다 힘들다 하우스 하우스 리퍼 리퍼 등 노가다 노가다 시뮬레이터 시뮬레이터 좋아하다 좋아하다 사람 추천 추천
PowerWash Simulator,자기 방 청소 청소 하다 남 집 차다 차다 청소 청소 하다 만들다 만들다 겜 은근 은근 청소 청소 하다 재밌다 재밌다 자꾸 자꾸 하다 보다 가끔 가끔 일 하다 같다 피곤하다 피곤하다 함 킹치 킹치 청소 청소 다 나서다 나서다 그 뿌듯하다 뿌듯하다 다 알다 알다 근데 근데 마지막 마지막 남다 남다 안되다 개 빡치다 빡치다 그냥 애초 애초 땀 땀 보다 하다
PowerWash Simulator,뇌 잠시 빼놓다 빼놓다 청소 청소 집중 집중 있다 시간 순삭 순삭 되다 게임 이다 지붕 지붕 청소 청소 하다 제일 제일 힘들다 힘들다 그만큼 그만큼 보람 보람 있다 제 집 청소 청소 이렇게 열심히 열심히 하다 좋다 좋다 스테이지 스테이지 조금 적다 적다 느낌 느낌 받다 받다 얼리다 얼리다 스 나중 어서 어서 업데이트 업데이트 되어다 되어다 하다 바람 바람 이다 돈 아깝다 아깝다 않다 게임 이다
PowerWash Simulator,실제 실제 청소 청소 이렇게 쉬다 쉬다 간단하다 간단하다 되다 차다 차다 좋다 좋다
PowerWash Simulator,비세라 비세라 클린 클린 업다 업다 테일 테일 게임 좋아하다 좋아하다 하우스 하우스 리퍼 리퍼 청소 청소 하다 때 제일 제일 재밌다 재밌다 란 사람 재밌다 재밌다
PowerWash Simulator,힐링 힐링 게임 롤 하다 빡치다 빡치다 힐링 힐링 하다 이 게임 하다 재밌다 재밌다
PowerWash Simulator,개 재밌다 재밌다 진짜 진짜 청소 청소 게임 좋아하다 좋아하다 사람 게임 하다 때 퀘스트 퀘스트 신경 신경 쓰이다 쓰이다 깨다 깨다 다니다 다니다 야하다 야하다 사람 당장 사다 사다 머 하다
PowerWash Simulator,왜 인지 인지 모르다 모르다 이 게임 켜다 켜다 주일 주일 시간 달다 달다 버리다 버리다 그렇게 내 인생 인생 최고 최고 게임 되어다 되어다 버리다 버리다 여전하다 여전하다 밤 하다 잠 오다 오다 게임
PowerWash Simulator,더 가져오다 가져오다 더 아파트 아파트 집 뭐 잠수함 잠수함 다 가져오다 가져오다
PowerWash Simulator,정신 정신 수양 수양 아주 탁월하다 탁월하다 효과 효과 있다 게임 이다 일상 일상 스트레스 스트레스 많다 많다 분 추천 추천 게임 하다 때 꼭 유튜브 유튜브 마음 마음 수양 수양 영상 영상 틀어놓다 틀어놓다 좋다 좋다 말씀 말씀 들다 들다 더러 더러 움 하나 하나 지우다 지우다 나가다 나가다 정신 정신 수양 수양 통해 통해 새롭다 새롭다 삶 활 얻다 얻다 보다 저 정신 정신 수양 수양 결과물 결과물 사장 사장 더 이상 개 끼 부르다 부르다 않다 되어다 되어다 지나치다 지나치다 수양 수양 열반 열반 이르다 위험 위험 있다 주의 주의 하다
PowerWash Simulator,시간 가다 가다 모르다 모르다 열심히 열심히 청소 청소 하다 되다 튜브 튜브 세차 세차 영상 영상 보다 좋아하다 좋아하다 분 기존 기존 비세라 비세라 클린 클린 업 하다 분 이면 이면 충분하다 충분하다 좋아하다 좋아하다 게임 생각 되다 경쟁 경쟁 하다 게임 지치다 지치다 심신 심신 청소 청소 날다 날다 버리다 버리다 게임 한번 사면 사면 세차장 세차장 푸다 푸다 원 없다 물 뿌리다 뿌리다 즐기다 즐기다 수 있다
PowerWash Simulator,청소 청소 게임 것 재미있다 재미있다 즐기다 즐기다 요즘 파워 파워 워시 워시 인기 인기 좋다 좋다 구매 해보다 해보다 근데 근데 이 플레이 특성 특성 물줄기 물줄기 이리저리 이리저리 흔들다 흔들다 하다 거기 거기 화면 화면 따르다 따르다 움직이다 움직이다 수 없다 보 멀미 멀미 너무 심하다 심하다 왠만하다 왠만하다 멀미 멀미 안나 안나 편임 편임 충분하다 충분하다 고려 고려 구매 하다
PowerWash Simulator,석가모니 석가모니 보리수나무 보리수나무 아래 고행 고행 아니다 이 게임 하다 하다
PowerWash Simulator,저택 저택 낚 지우다 지우다 곳 정문 정문 장식 장식 하다 얼룩 얼룩 없다 가다 가다 안되다 진행 막히다 막히다
PowerWash Simulator,쉬다 쉬다 때 생각 없이 없이 간정 간정 하다 좋다 좋다 단점 단점 라면 라면 하다 나다 나다 눈 엄청 엄청 피로하다 피로하다 것
PowerWash Simulator,재 설치 설치 해봤다 해봤다 청소 청소 안되다 이유 이유 뭔가
PowerWash Simulator,수상하다 수상하다 정도 정도 더럽다 더럽다 곳 초 강력 강력 물대포 물대포 청소 청소 하다 게임 몇몇 몇몇 얼룩 얼룩 지정 지정 되다 세척 세척 액 쓰다 쓰다 않다 닦다 닦다 꽤 고생 고생 하다 아무튼 아무튼 이래저래 이래저래 본업 본업 충실하다 충실하다 노동 노동 게임 수면제 수면제 필요하다 필요하다 때 키 좋다 좋다 가끔 가끔 대형 대형 건물 건물 청소 청소 의뢰 의뢰 오다 오다 한숨 한숨 나오다 나오다 특유 띵띵 띵띵 소리 소리 때문 게 다 하다 되다
PowerWash Simulator,본인 본인 아무리 아무리 게임 즐기다 즐기다 해도 좋다 좋다 은평 은평 남다 남다 힘드다 힘드다 얼리다 얼리다 스 그래서 청소 청소 도구 도구 종류 종류 구매 하다 있다 품목 품목 적다 적다 수 없다 애초 애초 게임 방향성 방향성 가원 가원 방향 방향 다르다 다르다 같다 내 원하다 원하다 시원시원하다 시원시원하다 때 벗기다 벗기다 찔끔 찔끔 찔끔 찔끔 도 노즐 노즐 녹 벳 기다 기다 아니다 차 하나 씻다 씻다 전 공중 공중 분해 분해 되다 거품 거품 노즐 노즐 쓰다 쓰다 도아 도아 넓다 넓다 노즐 노즐 싹싹 싹싹 지우다 지우다 나가다 나가다 쾌감 쾌감 원하다 원하다 결국 도 노즐 노즐 붙잡다 붙잡다 도구 도구 업글 업글 도 노즐 노즐 쾌감 쾌감 느껴지다 느껴지다 하다 달러 달러 투자 투자 하다 살수 살수 있다 청소 청소 구도 구도 결국 도 찔끔 찔끔 찔끔 찔끔 뒤 갈수록 갈수록 광 할하 할하 꾸다 꾸다 덕 것 청소 청소 하다 것 도로 도로 지워지다 지워지다 않다 한참 한참 동안 도르다 도르다 비비다 비비다 대야 대야 청소 청소 범위 범위 넓어지다 넓어지다 시원시원하다 시원시원하다 바랬 바랬 틈 리 시야 시야 보이지 보이지 않다 얼룩 얼룩 탭 해 가다 가다 찾다 찾다 힘겹다 힘겹다 아직 아직 게임 사지 사지 않다 분 위해 하다 싶다 싶다 생각 시원하다 시원하다 게임 아니다 것 처음 처음 개 해도 시원 시원 해보다 해보다 놀이터 놀이터 가면 가면 옴
PowerWash Simulator,깔끔하다 깔끔하다 좋아하다 좋아하다 강추 강추 청소 청소 좋아하다 좋아하다 강추 강추 시간 제약 제약 없이 없이 느긋하다 느긋하다 게임 싶다 싶다 강추 강추 이 게임 물건 물건 이다 구석 구석 진 공간 공간 떄 표현 표현 청소 청소 끝나다 끝나다 싶다 싶다 퍼센트 퍼센트 보다 되어다 되어다 떄 찜찜하다 찜찜하다 때 미치다 탭 누르다 누르다 구석구석 구석구석 확인 확인 하다 후 떄 발견 발견 청소 청소 하다 퍼 채우다 채우다 때 그 쾌감 쾌감 크다 크다 개 쩔다 쩔다 줍다 줍다 추천 추천 드리다 드리다
PowerWash Simulator,
PowerWash Simulator,여자친구 여자친구 낙서 낙서 하다 힐링 힐링 하다 좋다 좋다
PowerWash Simulator,아니다 청소 청소 하다 곳 기어 기어 들어가다 들어가다 하다 들어가다 들어가다 미치다 끼다 끼다 나오다 나오다 하다 개 틀다 틀다
PowerWash Simulator,플레임 플레임 게임 하다 재밌다 재밌다 보 해봤다 해봤다 정말 재밌다 재밌다
PowerWash Simulator,게임 자체 자체 즐겁다 즐겁다 하다 다음 장비 장비 얼마나 좋다 좋다 끄다 끄다 기대하다 기대하다 지루하다 지루하다 청소 청소 묵묵하다 묵묵하다 하다 게임 구매 목적 목적 친구 친구 같이 청소 청소 하다 노가리 노가리 끄다 끄다 사다 사다 정작 정작 협동 협동 게임 하다 딜레이 딜레이 초 초 시간 가면 가면 갈다 갈다 수록 수록 딜레이 딜레이 늘리다 늘리다 분 뒤 캐릭터 캐릭터 한자리 한자리 고정 고정 돼다 돼다 멈추다 멈추다 있다 이로 인하다 인하다 공식 공식 디스 디스 코드 코드 채널 채널 들어가다 들어가다 해결 해결 법 찾다 찾다 하다 프레임 프레임 리미트 리미트 또는 또는 로 맞추다 맞추다 정보 정보 얻다 얻다 여전하다 여전하다 딜레이 딜레이 심각하다 심각하다 수준 수준 협동 협동 플레이 사실 불가능 불가능 가깝다 가깝다 다른 게임 또는 또는 작업 작업 하다 중간 중간 중간 중간 짬 시간 혼자 즐 기기 기기 좋다 좋다 근데 근데 친구 친구 게임 하다 산 저 같다 사람 비추다 비추다
PowerWash Simulator,군대 군대 있다 시절 시절 플라스틱 플라스틱 빗자루 빗자루 싸리 싸리 비 없다 나뭇가지 나뭇가지 묶다 묶다 걸 눈 치우다 치우다 적 있다 그걸 그걸 방불 방불 케 고행 고행 느끼다 느끼다 하다 게임 이다 청소 청소 하다 즐거움 즐거움 보다 구석 구석 숨 때 찾기 찾기 위해 돌아다니다 돌아다니다 광활하다 광활하다 떄 벗기다 벗기다 위해 한도 한도 끝 없이 없이 물 뿌리다 뿌리다 대다 대다 시간 보내다 보내다 하니 하니 즐거움 즐거움 피로 피로 먼저 먼저 오다 오다 이르다 완화 완화 시키다 장비 장비 강화 강화 존재 존재 하다 솔직하다 솔직하다 너무 빈약하다 빈약하다 이 정도 정도 론 뭐 바 끼다 끼다 모르다 모르다 레벨 레벨 허뭏함 허뭏함 더 크다 크다 그나마 그나마 도움 도움 되다 건 비누 비누 추가 추가 이 경우 경우 유료 유료 이기 이기 때문 아무 생각 없이 없이 마구 마구 쓰다 쓰다 적자 적자 나 상황 상황 발생 발생 하다 오히려 짜증 짜증 배 되다 상황 상황 마저 발생 발생 하다 결과 결과 고행 고행 하다 싶다 싶다 말리다 말리다 않다 기본 기본 비추다 비추다 싶다 싶다
PowerWash Simulator,맵 더 줄다 줄다 맵 덥다 덥다 맵 덥다 덥다 맵 더 줄다 줄다 맵 덥다 덥다 맵 덥다 덥다 맵 더 줄다 줄다 맵 덥다 덥다 맵 덥다 덥다 맵 더 줄다 줄다 맵 덥다 덥다 맵 덥다 덥다 맵 더 줄다 줄다 맵 덥다 덥다 맵 덥다 덥다 맵 더 줄다 줄다 맵 덥다 덥다 맵 덥다 덥다 맵 더 줄다 줄다 맵 덥다 덥다 맵 덥다 덥다 맵 더 줄다 줄다 맵 덥다 덥다 맵 덥다 덥다 맵 더 줄다 줄다 맵 덥다 덥다 맵 덥다 덥다 맵 더 줄다 줄다 맵 덥다 덥다 맵 덥다 덥다 맵 더 줄다 줄다 맵 덥다 덥다 맵 덥다 덥다 맵 더 줄다 줄다 맵 덥다 덥다 맵 덥다 덥다 맵 더 줄다 줄다 맵 덥다 덥다 맵 덥다 덥다 맵 더 줄다 줄다 맵 덥다 덥다 맵 덥다 덥다 맵 더 줄다 줄다 맵 덥다 덥다 맵 덥다 덥다 맵 더 줄다 줄다 맵 덥다 덥다 맵 덥다 덥다 맵 더 줄다 줄다 맵 덥다 덥다 맵 덥다 덥다 맵 더 줄다 줄다 맵 덥다 덥다 맵 덥다 덥다 맵 더 줄다 줄다 맵 덥다 덥다 맵 덥다 덥다 맵 더 줄다 줄다 맵 덥다 덥다 맵 덥다 덥다 맵 더 줄다 줄다 맵 덥다 덥다 맵 덥다 덥다 맵 더 줄다 줄다 맵 덥다 덥다 맵 덥다 덥다 맵 더 줄다 줄다 맵 덥다 덥다 맵 덥다 덥다
PowerWash Simulator,참고 참고 세척 세척 액 허다 허다 접 이나 이나 쓰다 쓰다 겁니다
PowerWash Simulator,청소 청소 다 끝내다 끝내다 넘어가다 넘어가다 않다 아무리 아무리 찾다 찾다 보이지 보이지 않다 얼룩 얼룩
PowerWash Simulator,물 뿌리다 뿌리다 다임 다임
PowerWash Simulator,분명 분명 탭 누르다 누르다 얼룩 얼룩 안 뜨다 뜨다 안 지워지다 지워지다 퍼 넘어가다 넘어가다 않다 초기 초기 안되다 답답하다 답답하다
PowerWash Simulator,집 청소 청소 이렇게 열심히 열심히 하다 와이프 와이프 사랑 사랑 받다 받다
PowerWash Simulator,멍 때리다 때리다 시간 떼 우기 우기 딱 좋다 좋다 다만 조금 멀미 멀미 날다 날다
PowerWash Simulator,게임 해봤다 해봤다 게임 실행 실행 안되다 환불 부탁드리다 부탁드리다
PowerWash Simulator,
PowerWash Simulator,킹 게임 모두 하다
PowerWash Simulator,재미있다 재미있다 시간 순삭 순삭 하다 수 있다 게임 이다 시간 하다 커리어 커리어 모드 모드 스토리 스토리 모드 모드 를 전부 클리어 클리어 하다 아쉽다 아쉽다 점 나중 나 추가 추가 맵 더 나오다 나오다 좋다 좋다 듯 플레이 타임 타임 시간 순삭 순삭 시간 안 다 깨 버리다 버리다 반복 반복 하다 수 있다 안남다 안남다 상점 상점 아이템 아이템 종류 종류 별로 별로 좀더 좀더 세다 세다 나오다 나오다 좋다 좋다
PowerWash Simulator,대충 시간 전후 클리어 클리어 가능하다 가능하다 듯 가능하다 가능하다 중간 중간 강도 강도 장비 장비 사지 사지 바로 최고 최고 강도 강도 장비 장비 구매 하다 추천 추천 하다 각 장비 장비 별로 별로 노즐 노즐 각각 있다 그거 그거 맞추다 맞추다 구매 하다 돈 날리다 날리다 물론 아끼다 아끼다 현재 현재 업데이트 업데이트 지역 지역 다 청소 청소 하다 장비 장비 모두 구매 가능하다 가능하다
PowerWash Simulator,아무리 아무리 찾아보다 찾아보다 곳 찾다 찾다 없다 청소 청소 목록 목록 같다 누르다 누르다 빛나다 빛나다 하다 아무리 아무리 찾아보다 찾아보다 빛나다 빛나다 곳도 곳도 없다 짜증나다 짜증나다 곳 다시 청소 청소 해봤다 해봤다 도무지 도무지 끝나다 끝나다 않다 다음 스테이지 스테이지 넘어가다 넘어가다 없다 짜증나다 짜증나다 단독주택 단독주택 목재 목재 테두리 테두리 개 남다 남다 곳 찾다 찾다 없다 게임 초기 초기 시키다 다시 하다 똑같이 똑같이 목 테두리 테두리 개 남다 남다 막히다 막히다
PowerWash Simulator,일단 시간 안해 안해 짧다 짧다 리뷰 리뷰 쓰다 쓰다 게임 좋다 좋다 좋다 좋다 맵 업뎃좀 업뎃좀 많이 많이 해주다 해주다 좋다 좋다 무엇 똥겜 하다 루다 루다 허리 허리 나가다 나가다 나다 나다 지금 거 시간 허리 허리 굽다 굽다 정형외과 정형외과 다니다 다니다 있닼 있닼
PowerWash Simulator,장비 장비 다 사다 사다 재미없다 재미없다 전 죽다 죽다 하다 하다 그게 시간
PowerWash Simulator,이상하다 이상하다 게임 싶다 싶다 실제 실제 이상하다 이상하다 게임 맞다 맞다 시간 남아도 남아도 데 뭔가 하다 평화롭다 평화롭다 싶다 싶다 때 이 게임 하다 되다 듯
PowerWash Simulator,청소 청소 하다 때 물 청소 청소 하다 욕실 욕실 비 날 겨우 창틀 창틀 닦다 닦다 물 청소 청소 하다 원 없이 없이 물 쏘다 쏘다 대다 대다 물건 물건 광낼 광낼 수 있다 이 게임 크다 크다 기대 기대 걸다 걸다 있다 노즐 노즐 바꾸다 바꾸다 끼 세제 세제 바꾸다 바꾸다 닦다 닦다 쾌감 쾌감 저 정말 오로지 물 청소 청소 원하다 원하다 이 게임 플레이 하다 눈앞 눈앞 얼룩 얼룩 분명 분명 남다 남다 내 다 닦다 닦다 하다 게임 괜찮다 괜찮다 다음 넘어가다 넘어가다 하다 물 청소 청소 먼지 먼지 얼룩 얼룩 나 엘리 엘리 전입 전입 니 씻기다 씻기다 나가다 나가다 때 뿌리다 뿌리다 재미 재미 쾌감 쾌감 대충 게이지 게이지 다 차다 차다 얼룩 얼룩 지우다 지우다 버리다 버리다 재미 재미 앗다 앗다 만행 만행 이다 이렇다 이렇다 어중간하다 어중간하다 마음 마음 청소 청소 임 다니다 다니다 이건 이건 물 청소 청소 아니다 그냥 미지근하다 미지근하다 물장난 물장난 게임 자체 자체 재미있다 재미있다
PowerWash Simulator,이 게임 해보다 해보다 느끼다 느끼다 점 앞서 앞서 해보다 해보다 게임 답 버그 너무 많다 많다 난 상점 상점 중강 중강 강도 강도 머신 머신 삿는데 삿는데 불구 불구 하다 적용 적용 안되다 차량 차량 커리어 커리어 모드 모드 차량 차량 청소 청소 미션 미션 하다 있다 타이어 타이어 하나 청소 청소 안되다 덕분 덕분 미션 미션 깨지다 깨지다 하다 자기 청소 청소 너무 좋아하다 좋아하다 게임 청소 청소 하다 싶다 싶다 아니다 지금 당장 이 게임 구매 하다 비추다 비추다 하다 게임 그냥 시간 때우다 때우다 하다 꽤 괜찮다 괜찮다 게임 네 하다 하다
PowerWash Simulator,지우다 지우다 애매하다 애매하다 남다 남다 그 기분 기분 정말 불쾌하다 불쾌하다 짜증나다 짜증나다 나무 나무 격자 격자 울타리 울타리 를 오지 오지 잡아먹다 잡아먹다 그 부분 부분 물 뿌리 뿌리 겜 바로 튕겨버림 튕겨버림 내 컴퓨터 문제 문제 크다 크다 인터넷 인터넷 방송 방송 그 부분 부분 유독 유독 랙 걸리다 걸리다 현상 현상 발생 발생 함 나무 나무 격자 격자 울타리 울타리 포기 포기 하다 수정 수정 좀 하다 좋다 좋다
PowerWash Simulator,청소 청소 광 게임 청소 청소 광 친구 친구 하다 더 재밋읏니 재밋읏니
PowerWash Simulator,덥다 덥다 여름 여름 아무 생각 없이 없이 하다 가장 좋다 좋다 게임
PowerWash Simulator,요즘 내 최애 최애 겜 노래 노래 틀어놓다 틀어놓다 하다 보다 시간 어디 감 분명 분명 스트레스 스트레스 풀리다 풀리다 힐링 힐링 되다 눈알 눈알 고통스럽다 고통스럽다
PowerWash Simulator,다 좋다 좋다 커리어 커리어 모드 모드 아직 아직 다 하다 않다 끄다 끄다 키 채우다 채우다 채 다시 하다 버그 있다
PowerWash Simulator,청소 청소 하다 되다 부분 부분 다 하다 반짝거리다 반짝거리다 때 쾌감 쾌감 위해 하다 시간 개다 감 청소 청소 물 소리 소리 듣다 듣다 같다 보다 사람 보다 자다 자다 감 무 틀다 틀다 재밌다 재밌다 게임 하다 시간 날 때 거만 거만 팔다 팔다 중
PowerWash Simulator,게임 엄청 엄청 재밌다 재밌다 하다 있다 약간 문제점 문제점 같다 있다 첫 의 부분 부분 임 고정 고정 이다 를 누르다 누르다 마우스 마우스 돌리다 돌리다 보다 약간 강제 강제 임 고정 고정 되다 부분 부분 있다 오히려 쓸다 쓸다 때 좋다 좋다 경우 경우 있다 그래서 임 부분 부분 고정 고정 되다 자체 자체 없애다 없애다 좋다 좋다 같다 두번째 두번째 아무리 아무리 해도 닦이다 닦이다 않다 곳 오염 오염 표시 표시 있다 경우 경우 이다 간혹 간혹 완전하다 완전하다 닦다 닦다 없다 부분 부분 오염 오염 표시 표시 뜨다 뜨다 경우 경우 있다 이 버그 건지다 건지다 청소 청소 만들다 만들다 놓다 놓다 것 모르다 모르다 각도 각도 도저히 도저히 나오다 나오다 닦이다 닦이다 부분 부분 존재 존재 하다 이렇다 이렇다 부분 부분 대해 서다 서다 어떻다 어떻다 하다 모르다 모르다 안 닦이다 닦이다 부분 부분 오염 오염 자체 자체 넣다 넣다 주변 주변 지형 지형 좀 바꾸다 바꾸다 닦다 닦다 있다 하다 좋다 좋다 같다
PowerWash Simulator,조용하다 조용하다 하다 차다 차다 좋다 좋다 게임 이다 업데이트 업데이트 조금 늦다 늦다 감 있다 보다 한번 몰다 몰다 하다 여유 여유 가지 가지 하다 추천 추천 드리다 드리다 그렇다 보다 어느새다 어느새다 나다 나다 모르다 모르다 푹 빠지다 빠지다 하다 있다 자신 모습 모습 보다 되다 겁니다 집도 집도 이렇게 자다 자다 닦이다 닦이다 좋다 좋다
PowerWash Simulator,내 집다 집다 이나 이나 치우다 치우다 닦다 닦다 하다 게임 안 열심히 열심히 청소 청소 하다 날 보다 가끔 가끔 타 오다 오다 그래도 개운하다 개운하다 재밌다 재밌다
PowerWash Simulator,물이 물이 닿다 닿다 부분 부분 부분 부분 다르다 다르다 시간 지남 지남 따르다 따르다 물선 물선 명도 명도 다르다 다르다 단점 단점 아이템 아이템 사도 사도 설명 설명 안되다 끼다 끼다 없다
PowerWash Simulator,난 방 청소 청소 하다 게임 왜케 왜케 청소 청소 하다 좋다 좋다
PowerWash Simulator,재밌다 재밌다 심심하다 심심하다 때 킬링타임 킬링타임 용 특히 특히 롤 큐 돌리다 돌리다 때 좋다 좋다 팀 트롤 트롤 짓 을해 을해 멘탈 멘탈 치유 치유 라면 라면 화면 화면 뒤지다 편안하다 편안하다 짐
PowerWash Simulator,하다 없다 뭔가 하다 땐 뇌 빼다 빼다 하다 힐링 힐링 게임 추천 추천 하다
PowerWash Simulator,시간 가다 가다 줄 모르다 모르다 재밌다 재밌다 하다 더 이상 맵 없다 심심하다 심심하다 댓글달다 댓글달다 옴
PowerWash Simulator,뇌 비우다 비우다 무지 무지 힐링 힐링 하다 싶다 싶다 분 추천 추천 하다
PowerWash Simulator,여러분 방금 방금 차 세차 세차 하다 물 부족 부족 국가 국가 가구 가구 년 동안 쓸다 쓸다 양 물 낭비하다 낭비하다 축하 축하 드리다 드리다
PowerWash Simulator,명 괜찮다 괜찮다 명 명 방이 방이 들어가다 들어가다
PowerWash Simulator,괜찬 괜찬 함 근대 근대 이제 맵 없다 더 이상은 이상은 못 하내 하내 그거 그거 아쉽다 아쉽다
PowerWash Simulator,왜 재밌다 재밌다 모르다 모르다 아무튼 아무튼 재밌다 재밌다 약간 좀 부조리하다 부조리하다 부분 부분 제외 제외 하다 푹 빠지다 빠지다 하다 수 있다 제발 제발 화장실 화장실 칸막이 칸막이 것 묻다 묻다 더 닦다 닦다 하다 말다 말다
PowerWash Simulator,방 더러워지다 더러워지다 걸 하다 재미있다 재미있다 스킨 스킨 더 예쁘다 예쁘다 많이 많이 나오다 나오다 좋다 좋다 빼다 빼다 다 괜찮다 괜찮다 가끔 가끔 하다 자다 자다 있다 듣다 듣다 기분 기분
PowerWash Simulator,롤 멘탈 멘탈 터지다 터지다 오다 오다 청소 청소 하다 삿는데 삿는데 젠 그냥 하다 왜 하다 나다 나다 모름 모름
PowerWash Simulator,시간 플레이 후 평가 평가 게임 자체 자체 재미있다 재미있다 다기 다기 더럽다 더럽다 깨끗하다 깨끗하다 바꾸다 바꾸다 것 매우 크다 크다 재미 재미 행동 행동 달성 달성 감 매우 크다 크다 매우 고요하다 고요하다 청소 청소 후 자신 작업 작업 빠르다 빠르다 보여주다 보여주다 것 정말 좋다 좋다 시스템 같다 더럽다 더럽다 물품 물품 자신 손 빠르다 빠르다 청소 청소 하다 모습 모습 보다 정말 흐뭇하다 흐뭇하다 수압 수압 소리 소리 계속 계속 들다 들다 후 하다 구역 구역 청소 청소 후 수압 수압 끄다 끄다 버리다 버리다 찾아오다 찾아오다 정적 정적 감 너무 좋다 좋다 오브젝트 오브젝트 청소 청소 퍼 세다 세다 하다 정도 정도 체감 체감 하다 정도 정도 되다 정말 무난 무난 하다 생각 하다 조그마하다 조그마하다 부분 부분 놓치다 놓치다 완료 완료 되다 않다 찾아다니다 찾아다니다 확실하다 확실하다 스트레스 스트레스 적다 적다 청소 청소 하다 걸리다 걸리다 시간 많이 많이 걸리다 걸리다 상당하다 상당하다 힐링 힐링 게임 생각 함
PowerWash Simulator,친구 친구 없다 멀티 멀티 안 해봤다 해봤다 개 재밌다 재밌다 왜 다음 장소 장소 없다 빨리 빨리 내 놓다 놓다
PowerWash Simulator,지하철 지하철 끔찍하다 끔찍하다 더럽다 더럽다 잠시 물총 물총 내다 내다 두다 두다
PowerWash Simulator,아무 생각 없이 없이 물 소리 소리 새소리 새소리 들다 들다 하다 수 있다 힐링 힐링 겜
PowerWash Simulator,아직 아직 정식 정식 발매 발매 아니다 그렇다 컨텐츠 컨텐츠 좀 부족하다 부족하다 튜토리얼 튜토리얼 막 끝나다 끝나다 하다 없다
PowerWash Simulator,어지러움 어지러움 좀 있다 뇌 빼다 빼다 하다 매우 좋다 좋다 게임
PowerWash Simulator,비세라 비세라 이후 처음 처음 구매 하다 보다 청소 청소 게임 홀로 홀로 시간 때우다 때우다 게임 찾다 찾다 겸 멀티 멀티 가능하다 가능하다 대서 대서 지인 지인 같이 사다 사다 정작 정작 베타 베타 런가 런가 청소 청소 퍼센테 퍼센테 공유 공유 안 돼다 돼다 혼자 하다 중 그래도 뇌 비우다 비우다 킬링 킬링 임용 임용 나쁘다 나쁘다 않다 듯
PowerWash Simulator,멀티 멀티 오류 오류 좀 고치다 고치다 주다 주다 게임 재밌다 재밌다
PowerWash Simulator,멀티 멀티 오류 오류 고치다 고치다 멀티 멀티 오류 오류 고치다 고치다 멀티 멀티 오류 오류 고치다 고치다 멀티 멀티 오류 오류 고치다 고치다 멀티 멀티 오류 오류 고치다 고치다 멀티 멀티 오류 오류 고치다 고치다 멀티 멀티 오류 오류 고치다 고치다 멀티 멀티 오류 오류 고치다 고치다 멀티 멀티 오류 오류 고치다 고치다 멀티 멀티 오류 오류 고치다 고치다 멀티 멀티 오류 오류 고치다 고치다 멀티 멀티 오류 오류 고치다 고치다 멀티 멀티 오류 오류 고치다 고치다 멀티 멀티 오류 오류 고치다 고치다 멀티 멀티 오류 오류 고치다 고치다 멀티 멀티 오류 오류 고치다 고치다 멀티 멀티 오류 오류 고치다 고치다 멀티 멀티 오류 오류 고치다 고치다 멀티 멀티 오류 오류 고치다 고치다 멀티 멀티 오류 오류 고치다 고치다 멀티 멀티 오류 오류 고치다 고치다 멀티 멀티 오류 오류 고치다 고치다 멀티 멀티 오류 오류 고치다 고치다 멀티 멀티 오류 오류 고치다 고치다
PowerWash Simulator,재미있다 재미있다 가끔 가끔 각 나오다 나오다 곳 있다 짜증나다 짜증나다 하다 함
PowerWash Simulator,멀미 멀미 날 수도 수도 있다 말 있다 하다 보다 또 적응 적응 되다 아무렇다 아무렇다 않다 청소 청소 하다 작다 작다 것 재미있다 재미있다 크다 크다 좀 질리다 질리다 재미 재미 있다
PowerWash Simulator,재밌다 재밌다 얼른 얼른 업데이트 업데이트 되다 새롭다 새롭다 과제 과제 얼른 얼른 나오다 나오다 좋다 좋다
PowerWash Simulator,아니다 게임 진짜 진짜 재미없다 재미없다 진짜 진짜 왜 내 돈 주다 주다 청소 청소 하다 임 너무 싫다 싫다 따다 따다 봉 드리다 드리다 게스 게스 비낟 비낟
PowerWash Simulator,일단 첨 힘들다 힘들다 차근차근 차근차근 돈 모으다 모으다 장비 장비 사면 사면 성장하다 성장하다 맛 있다 청소 청소 하다 맛 있다
PowerWash Simulator,난 멍하니 멍하니 물 소리 소리 들다 들다 때 먼지 먼지 씻다 씻다 평온 평온 시간 가다 가다 보다 이하 이하 남다 남다 먼지 먼지 찾다 찾다 때 부터 평화 평화 사라지다 사라지다 본격 본격 게임 시작 시작 되다 이 조물 조물 이 부분 부분 덜하다 덜하다 그 조물 조물 전체 전체 하얗다 하얗다 반짝거리다 반짝거리다 친절하다 친절하다 알다 알다 눈 자다 자다 띄다 띄다 않다 화가 화가 나기 나기 시작 시작 다 씨발 어딘데 어딘데 그래서 어디 고 게이 밍 처럼 반짝 반짝 씨발 여기 여기 날 좀 물 씻기다 씻기다 달라 달라 새끼 정도 정도 강하다 강하다 자기 주장 주장 해주다 해주다 좋다 좋다
PowerWash Simulator,지금 청소 청소 하다 많이 많이 없다 나중 많이 많이 추가 추가 돼다 돼다 좋다 좋다
PowerWash Simulator,물소 물소 리가 리가 차다 차다 자연 자연 음 적절하다 적절하다 들어가다 들어가다 청소 청소 있다 힐링 힐링 되다
PowerWash Simulator,집 청소 청소 하다 이 게임 짧다 짧다 분 길다 길다 시간 걸리다 걸리다 사람 따르다 따르다 덥다 덥다 걸리다 걸리다 청소 청소 하다 겜 청소 청소 끝내다 끝내다 내 주변 주변 둘러보다 둘러보다 타가 타가 오다 오다 이 게임 사기 사기 꺼리다 꺼리다 그냥 집 청소 청소 하자 하자
PowerWash Simulator,멍 때리다 때리다 하다 진짜 진짜 좋다 좋다 습 니당다 니당다 쏘다 쏘다 시간 순삭 순삭 가끔 가끔 분명 분명 다 하다 안 돼다 돼다 하다 뒤지다 보다 안 보이다 보이다 때 빡치다 빡치다
PowerWash Simulator,개 혜자 혜자 업데이트 업데이트 개다 함 노동 노동 게임 좋아하다 좋아하다 무조건 무조건 추천 추천
PowerWash Simulator,카 바닥 바닥 벽 원래 원래 색 되찾다 되찾다 때 기분 기분 좋다 좋다
PowerWash Simulator,살다 살다 생각 많아지다 많아지다 때 머리 머리 식히다 식히다 용도 용도 딱이다 딱이다
PowerWash Simulator,머리 머리 복잡하다 복잡하다 상황 상황 하다 보다 머리 머리 마음 마음 저절로 저절로 비우다 비우다 힐링 힐링 게임 매우 좋다 좋다
PowerWash Simulator,일상 일상 해소 해소 하다 수 없다 모든 모든 강박증 강박증 여기 풀다 풀다 모든 모든 물체 물체 닦다 닦다 때 끝 향 하다 달려가다 달려가다 되다 게임 간단하다 간단하다 툴 더 크다 크다 만족감 만족감 줍다 줍다
PowerWash Simulator,재미 재미 있다 컨텐츠 컨텐츠 많이 많이 부족하다 부족하다 얼른 얼른 새롭다 새롭다 작업 작업 업데이트 업데이트 해주다 해주다
PowerWash Simulator,계속 계속 하다 있다 중독 중독 잇다 잇다 게임 아직 아직 끝 다 해보다 해보다 않다 하다 너무 힘들다 힘들다 끄다 끄다 잇다 잇다 노래 노래 틀 조용하다 조용하다 하다 싶다 싶다 떼 하다 수 잇다 잇다 게임
PowerWash Simulator,재미있다 재미있다 청소 청소 하다 쾌감 쾌감 지리다 지리다 게임 임 근데 근데 필자 필자 게임 어지러움 어지러움 속 매스 매스 움 느끼다 느끼다 뭔가 게임 화면 화면 알록달록 알록달록 하다 막 움직 움직 보 좀 멀미 멀미 같다 하다 기분 기분 이다 그치다 그치다 게임 재미있다 재미있다 자다 자다 하다 있다 중임 중임
PowerWash Simulator,플님 플님 하다 보고 해봤다 해봤다 아주 재미있다 재미있다
PowerWash Simulator,
PowerWash Simulator,띠링 띠링 소리 소리 들다 들다 만족하다 만족하다 나 원숭이 원숭이 너무 재미있다 재미있다 물 청소 청소 더 많다 많다 맵 원하다 원하다
PowerWash Simulator,진짜 진짜 너무 너무 재밌다 재밌다 비세라 비세라 진심 진심 사람 이다 게임 나오다 나오다 넘다 넘다 좋다 좋다 맵 더 추가 추가 해주다 해주다 다 깨다 깨다
PowerWash Simulator,평생 평생 겪다 겪다 보다 멀미 멀미 분만 분만 겪다 겪다 봄 재미 재미 있다 멀미 멀미 강하다 강하다 사람 하다
PowerWash Simulator,진 업데이트 업데이트 되다 기보 기보 졸라 눈물나다 눈물나다
PowerWash Simulator,아무 생각 없이 없이 시간 때우다 때우다 하다 정말 좋다 좋다 게임 그렇다 보다 졸리다 졸리다 마련 마련 이렇다 이렇다 졸리다 졸리다 걸 해결 해결 하다 방법 방법 탐험 탐험 대형 대형 설치 설치 물 위 떨어지다 떨어지다 옮기다 옮기다 버튼 버튼 누르다 누르다 하늘 하늘 뚫다 뚫다 날아가다 날아가다 버그 있다 하늘 하늘 뚫다 뚫다 하다 맵 탈출 탈출 하다 구경 구경 가능하다 가능하다 게임 단점 단점 청소 청소 하다 보다 화면 화면 막 돌리다 돌리다 경향 경향 있다 울렁증 울렁증 심하다 심하다 사람 토 하다 있다 놀라다 게임 핵 있다 간혹 간혹 멀티 멀티 핵 볼 수도 수도
PowerWash Simulator,킬링타임 킬링타임 용 힐링 힐링 게임 바닥 바닥 벽면 벽면 쓸데없이 쓸데없이 판정 판정 좋다 좋다 금방 금방 클리어 클리어 되어다 되어다 아쉽다 아쉽다 울타리 울타리 계단 계단 같다 복잡하다 복잡하다 곳 지대 지대 숨다 숨다 좁쌀 좁쌀 얼룩 얼룩 찾다 찾다 헤메 헤메 야하다 야하다
PowerWash Simulator,오다 오다 개꿀잼 개꿀잼 청소 청소 겜 뇌 빼다 빼다 명상 명상 하다 때 하다 효과 효과 배
PowerWash Simulator,재미있다 재미있다 빨리 빨리 다음 스테이지 스테이지 출시 하다 친구 친구 방만 방만 들어서다 들어서다 멀티 멀티 되게 되게 해주다 해주다 좋다 좋다
PowerWash Simulator,적당하다 적당하다 해보다 해보다 환불 하다 생각 이다 이미 이미 늦다 늦다 버리다 버리다
PowerWash Simulator,재밌다 재밌다 나중 저 엉덩이 닦다 닦다 달라 달라 하다 것 같다
PowerWash Simulator,왜 재밌다 재밌다 왜 재밌다 재밌다 진짜 진짜 재밌다 재밌다
PowerWash Simulator,시작 시작 시간 자리 자리 일어나다 일어나다 문명 문명 이후 처음 처음 이다
PowerWash Simulator,아무 생각 없이 없이 하다 좋다 좋다 게임 닦다 닦다 너무 많다 많다 맵 있다 그게 좀 힘들다 힘들다
PowerWash Simulator,퍼즐게임 퍼즐게임 머리 머리 쓰다 쓰다 싶다 싶다 않다 액션 액션 처럼 피지 피지 컬 같다 하다 싶다 싶다 않다 정신 정신 줄 놓다 놓다 게임 하다 싶다 싶다 때 하다 좋다 좋다 더럽다 더럽다 부분 부분 강조 강조 기능 기능 있다 편하다 편하다 부분 부분 당 정도 정도 달성 달성 하다 그냥 청소 청소 완료 완료 되게 되게 해주다 해주다 너무 빡빡 빡빡 하다 청소 청소 하다 않다 되다 근데 근데 넓다 넓다 분사 분사 하다 노즐 노즐 개 쓰레기 쓰레기 같다
PowerWash Simulator,너무 너무 너무 너무 너무 너무 너무 재미있다 재미있다 해보다 해보다 면알 면알
PowerWash Simulator,클라우드 클라우드 동기화 동기화 실패 실패 다 들다 들다 조심하다 조심하다 세이브 다 날리다 날리다 같다
PowerWash Simulator,강박증 강박증 싸우다 싸우다 게임 찍다 찍다 남다 남다 채우다 채우다 가장 빡센 빡센 게임
PowerWash Simulator,장점 장점 간단하다 간단하다 조작 조작 그 반하다 반하다 엄청나다 엄청나다 중독 중독 시간 삭제 삭제 기 단점 단점 작다 작다 볼륨 볼륨 반복 반복 노가다 노가다 오래 오래 하다 보다 좀 짜증나다 짜증나다
PowerWash Simulator,틀어놓다 틀어놓다 가만히 가만히 있다 적절하다 적절하다 백색소음 백색소음 공부 공부 집중 집중 돼다 돼다 틀어놓다 틀어놓다 잠 더 자다 자다 오기 오기 해
PowerWash Simulator,멀미 멀미 나다 나다 하다 화면 화면 작다 작다 하다 좀 멀리 멀리 쏘다 쏘다 괜찮다 괜찮다 생각 정리 정리 하다 시간 죽이다 죽이다 딱 좋다 좋다
PowerWash Simulator,더럽다 더럽다 것 불편하다 불편하다 사람 이면 이면 사다 사다 게임
PowerWash Simulator,팀 게임 때 스팀 키 데 정말 솔 플로 플로 즐기다 즐기다 좋다 좋다 힐링 힐링 되다
PowerWash Simulator,일단 장점 장점 스트레스 스트레스 좀 풀리다 풀리다 초반 초반 진짜 진짜 재밌다 재밌다 시간 이상 하다 보다 좀 질린다 질린다 달다 달다
PowerWash Simulator,하다 아무 생각 안듬 안듬 이 글 쓰다 쓰다 아무 생각 없다
PowerWash Simulator,재미 재미 있다 시간 보내다 보내다 매우 좋다 좋다 아직 아직 온라인 온라인 베타 베타 버전 버전 친구 친구 끼리 끼리 가능 가능 하다 싸인 싸인 저 직접 직접 방 만들다 만들다 모르다 모르다 유저 함께 플레이 하다 좋다 좋다 멀미 멀미 집중 집중 하다 하다 기 때문 오래 오래 하다 눈 머리 머리 아프다 아프다 수 있다
PowerWash Simulator,뭐 처음 처음 사고 사고 환불 신청 신청 하다 너무 하다 없다 다시 환불 취소 취소 하다 어느새다 어느새다 업글 업글 다했넹 다했넹
PowerWash Simulator,청소 청소 하다 때 쾌감 쾌감 느끼다 느끼다 있다 렉 걸리다 걸리다
PowerWash Simulator,시간 때우다 때우다 좋다 좋다 겜 물론 은근 은근 재미 재미 있다 하다 겜 없다 하다 추천 추천
PowerWash Simulator,원 없이 없이 하다 잉여 잉여 물 청소 청소 게임 닦다 닦다 나서다 나서다 쾌감 쾌감 흡사 흡사 숨은그림 숨은그림 찾기 찾기 처럼 찾다 찾다 일일이 일일이 청소 청소 하다 하다 자다 자다 정돈 정돈 되어다 되어다 있다 그래픽 그래픽 청소 청소 건의 건의 격감 격감 아직 아직 은 게임 많이 많이 열리다 열리다 않다 지나치다 지나치다 세밀 세밀 곳 닦다 닦다 하다 번거롭다 번거롭다 움 있다 특히 특히 나르다 나르다 제일 제일 화나다 화나다 하다 것 은 대관람차 대관람차 청소 청소 걸 청소 청소 차다 차다 이 뭐 재미있다 재미있다 생각 하다 당신 이제 청소 청소 건 놓다 놓다 못 하다 개깝 개깝 여름 여름 하다 시원하다 시원하다 재미있다 재미있다 전반 전반 나쁘다 나쁘다 않다 사다 사다 스테이지 스테이지 다껨 다껨 업데이트 업데이트 되다 헐레벌떡 헐레벌떡 들어오다 들어오다 킬링타임 킬링타임 최고 최고 임
PowerWash Simulator,업데이트 업데이트 기다리다 기다리다 하다 게임 덥다 덥다 제발 제발
PowerWash Simulator,킬링타임 킬링타임 용 사다 사다 너무 빨리 빨리 끝나다 끝나다 주변 주변 사람 도와주다 도와주다 지경 지경 도달 도달 하다 맵 빨리 빨리 만들다 만들다 안되다
PowerWash Simulator,정말 무것 무것 안 청소 청소 하다 힐링 힐링 하다 되다 게임 다만 울렁증 울렁증 약간 심하다 심하다 사람 심하다 심하다 멀미 멀미 하다 있다 하다 좋다 좋다
PowerWash Simulator,더 주다 주다 난 더욱 더욱 더 많다 많다 일거리 일거리 한단 한단 말
PowerWash Simulator,이 대체 대체 뭐라다 뭐라다 재밌다 재밌다 정신 정신 차리다 차리다 레벨 레벨 다 깨다 깨다
PowerWash Simulator,생각 없이 없이 하다 좋다 좋다 청소 청소 하다 보다 어느새다 어느새다 분 시간 지나가다 지나가다 때문 시간 때우다 때우다 기용 기용 괜찮다 괜찮다 아직 아직 시간 하다 컨텐츠 컨텐츠 부족 부족 자다 자다 느끼다 느끼다 어쨌든 어쨌든 겜
PowerWash Simulator,아무 생각 없이 없이 하다 좋다 좋다 게임 이다 꼭 추천 추천 못 하다 시간 너무 많이 많이 있다 하다 분 킬링타임 킬링타임 해도 좋다 좋다 같다
PowerWash Simulator,심심 심심 풀이 풀이 게임 용 나쁘다 나쁘다 않다 은근 은근 깨끗해지다 깨끗해지다 띠롱 띠롱 뭔가 쾌감 쾌감 짐 또 마지막 마지막 빠르다 빠르다 깨끗해지다 깨끗해지다 모습 모습 보여주다 보여주다 오다 오다 짐
PowerWash Simulator,재밌다 재밌다 이번 업데이트 업데이트 하다 청소 청소 하다 만 있었느데 있었느데 뜨다 뜨다 돈 벌다 벌다 그렇다 오류 오류 보다
PowerWash Simulator,재미있다 재미있다 오래 오래 하다 멀미 멀미 남 전체 전체 배경화면 배경화면 고정 고정 시키다 노즐 노즐 움직 움직 청소 청소 하다 방식 방식 바뀌다 바뀌다 멀미 멀미 날다 날다 같다 물 쏘다 쏘다 쏘다 쏘다 방향 방향 화면 화면 전체 전체 움직이다 움직이다 이건 이건 뭐 어질어질 어질어질 그거 그거 빼다 빼다 흥미롭다 흥미롭다 게임 임 분명하다 분명하다
PowerWash Simulator,오다 오다 나무 나무 오두막 오두막 거 달라 달라 버는거 버는거 이제 펀 하다 버그 땜 바로 스킵 스킵 되다 돈 받다 받다 쓰다 쓰다
PowerWash Simulator,장점 장점 정말 하다 없다 때 생각 시간 때우다 때우다 좋다 좋다 단점 단점 멀미 멀미 심하다 심하다 나름 나름 나 슈팅게임 슈팅게임 많이 많이 해봤다 해봤다 생각 하다 처음 처음 멀미 멀미 겪다 겪다
PowerWash Simulator,옆 방송 방송 틀어놓다 틀어놓다 잔잔하다 잔잔하다 하다 좋다 좋다 겜
PowerWash Simulator,엘 링 받다 받다 스트레스 스트레스 걸 힐링 힐링 함
PowerWash Simulator,아직 아직 하다 줄 남다 남다 맘대로 맘대로 완료 완료 되다 말
PowerWash Simulator,세상 세상 관리 관리 어떻다 어떻다 하다 이렇다 이렇다 곳 얼룩 얼룩 있다
PowerWash Simulator,시간 순삭 순삭 게임 깨끗해지다 깨끗해지다 걸 보다 마음 마음 편안하다 편안하다 짐 분량 분량 혜자 혜자
PowerWash Simulator,잔잔하다 잔잔하다 쾌감 쾌감 느끼다 느끼다 수 있다 빨리 빨리 업데이트 업데이트 해주다 해주다 하다 바람 바람 있다 맵 거진 거진 하루 하루 다 함
PowerWash Simulator,맵 더 많이 많이 친구 친구 더 많이 많이 도전 도전 모드 모드 더 많이 많이 빨리 빨리 빨리 빨리 업데이트 업데이트
PowerWash Simulator,업데이트 업데이트 없다 업데이트 업데이트 없다 업데이트 업데이트 없다 업데이트 업데이트 없다 업데이트 업데이트 없다 업데이트 업데이트 없다 업데이트 업데이트 없다 업데이트 업데이트 없다 업데이트 업데이트 없다 업데이트 업데이트 없다 업데이트 업데이트 없다 업데이트 업데이트 없다 업데이트 업데이트 없다 업데이트 업데이트 없다 업데이트 업데이트 없다 업데이트 업데이트 없다 업데이트 업데이트 없다 업데이트 업데이트 없다 업데이트 업데이트 없다 업데이트 업데이트 없다 업데이트 업데이트 없다 업데이트 업데이트 없다 업데이트 업데이트 없다 업데이트 업데이트 없다 업데이트 업데이트 없다 업데이트 업데이트 없다 업데이트 업데이트 없다 업데이트 업데이트 없다 업데이트 업데이트 없다 업데이트 업데이트 없다 업데이트 업데이트 없다 업데이트 업데이트 없다 업데이트 업데이트 없다 업데이트 업데이트 없다 업데이트 업데이트 없다 업데이트 업데이트 없다 업데이트 업데이트 없다 업데이트 업데이트 없다 업데이트 업데이트 없다 업데이트 업데이트 없다 업데이트 업데이트 없다 업데이트 업데이트 없다 업데이트 업데이트 없다 업데이트 업데이트 없다 업데이트 업데이트 없다 업데이트 업데이트 없다 업데이트 업데이트 없다 업데이트 업데이트 없다 업데이트 업데이트 없다 업데이트 업데이트 없다 업데이트 업데이트 없다 업데이트 업데이트 없다 업데이트 업데이트 없다 업데이트 업데이트 없다 업데이트 업데이트 없다 업데이트 업데이트 없다 업데이트 업데이트 없다 업데이트 업데이트 없다 업데이트 업데이트 없다 업데이트 업데이트 없다 업데이트 업데이트 없다 업데이트 업데이트 없다 업데이트 업데이트 없다 업데이트 업데이트 없다 업데이트 업데이트 없다 업데이트 업데이트 없다 업데이트 업데이트 없다 업데이트 업데이트 없다 업데이트 업데이트 없다 업데이트 업데이트 없다 업데이트 업데이트 없다 업데이트 업데이트 없다 업데이트 업데이트 없다 업데이트 업데이트 없다 업데이트 업데이트 없다 업데이트 업데이트 없다 업데이트 업데이트 없다 업데이트 업데이트 없다 업데이트 업데이트 없다 업데이트 업데이트 없다 업데이트 업데이트 없다 업데이트 업데이트 없다 업데이트 업데이트 없다 업데이트 업데이트 없다 업데이트 업데이트 없다 업데이트 업데이트 없다 업데이트 업데이트 없다 업데이트 업데이트 없다 업데이트 업데이트 없다 업데이트 업데이트 없다 업데이트 업데이트 없다 업데이트 업데이트 없다 업데이트 업데이트 없다 업데이트 업데이트 없다 업데이트 업데이트 없다 업데이트 업데이트 없다 업데이트 업데이트 없다 업데이트 업데이트 없다 업데이트 업데이트 없다 업데이트 업데이트 없다 업데이트 업데이트 없다 업데이트 업데이트 없다 업데이트 업데이트 없다 업데이트 업데이트 없다 업데이트 업데이트 없다 업데이트 업데이트 없다 업데이트 업데이트 없다 업데이트 업데이트 없다 업데이트 업데이트 없다 업데이트 업데이트 없다 업데이트 업데이트 없다 업데이트 업데이트 없다 업데이트 업데이트 없다 업데이트 업데이트 없다 업데이트 업데이트 없다 업데이트 업데이트 없다 업데이트 업데이트 없다 업데이트 업데이트 없다 업데이트 업데이트 없다 업데이트 업데이트 없다 업데이트 업데이트 없다 업데이트 업데이트 없다 업데이트 업데이트 없다 업데이트 업데이트 없다 업데이트 업데이트 없다 업데이트 업데이트 없다 업데이트 업데이트 없다 업데이트 업데이트 없다 업데이트 업데이트 없다 업데이트 업데이트 없다 업데이트 업데이트 없다 업데이트 업데이트 없다 업데이트 업데이트 없다 업데이트 업데이트 없다 업데이트 업데이트 없다 업데이트 업데이트 없다 업데이트 업데이트 없다 업데이트 업데이트 없다 업데이트 업데이트 없다 업데이트 업데이트 없다 업데이트 업데이트 없다 업데이트 업데이트 없다 업데이트 업데이트 없다 업데이트 업데이트 없다 업데이트 업데이트 없다 업데이트 업데이트 없다 업데이트 업데이트 없다 업데이트 업데이트 없다 업데이트 업데이트 없다 업데이트 업데이트 없다 업데이트 업데이트 없다 업데이트 업데이트 없다 업데이트 업데이트 없다 업데이트 업데이트 없다 업데이트 업데이트 없다 업데이트 업데이트 없다 업데이트 업데이트 없다 업데이트 업데이트 없다 업데이트 업데이트 없다 업데이트 업데이트 없다 업데이트 업데이트 없다 업데이트 업데이트 없다 업데이트 업데이트 없다 업데이트 업데이트 없다 업데이트 업데이트 없다 업데이트 업데이트 없다 업데이트 업데이트 없다 업데이트 업데이트 없다 업데이트 업데이트 없다 업데이트 업데이트 없다 업데이트 업데이트 없다 업데이트 업데이트 없다 업데이트 업데이트 없다 업데이트 업데이트 없다 업데이트 업데이트 없다 업데이트 업데이트 없다 업데이트 업데이트 없다 업데이트 업데이트 없다 업데이트 업데이트 없다 업데이트 업데이트 없다 업데이트 업데이트 없다 업데이트 업데이트 없다 업데이트 업데이트 없다 업데이트 업데이트 없다 업데이트 업데이트 없다 업데이트 업데이트 없다 업데이트 업데이트 없다 업데이트 업데이트 없다 업데이트 업데이트 없다 업데이트 업데이트 없다 업데이트 업데이트 없다 업데이트 업데이트 없다 업데이트 업데이트 없다 업데이트 업데이트 없다 업데이트 업데이트 없다 업데이트 업데이트 없다 업데이트 업데이트 없다 업데이트 업데이트 없다 업데이트 업데이트 없다 업데이트 업데이트 없다 업데이트 업데이트 없다 업데이트 업데이트 없다 업데이트 업데이트 없다 업데이트 업데이트 없다 업데이트 업데이트 없다 업데이트 업데이트 없다 업데이트 업데이트 없다 업데이트 업데이트 없다 업데이트 업데이트 없다 업데이트 업데이트 없다 업데이트 업데이트 없다 업데이트 업데이트 없다 업데이트 업데이트 없다 업데이트 업데이트 없다 업데이트 업데이트 없다 업데이트 업데이트 없다 업데이트 업데이트 없다 업데이트 업데이트 없다 업데이트 업데이트 없다 업데이트 업데이트 없다 업데이트 업데이트 없다 업데이트 업데이트 없다 업데이트 업데이트 없다 업데이트 업데이트 없다 업데이트 업데이트 없다 업데이트 업데이트 없다 업데이트 업데이트 없다 업데이트 업데이트 없다 업데이트 업데이트 없다 업데이트 업데이트 없다 업데이트 업데이트 없다 업데이트 업데이트 없다 업데이트 업데이트 없다 업데이트 업데이트 없다 업데이트 업데이트 없다 업데이트 업데이트 없다 업데이트 업데이트 없다 업데이트 업데이트 없다 업데이트 업데이트 없다 업데이트 업데이트 없다 업데이트 업데이트 없다 업데이트 업데이트 없다 업데이트 업데이트 없다 업데이트 업데이트 없다 업데이트 업데이트 없다 업데이트 업데이트 없다 업데이트 업데이트 없다 업데이트 업데이트 없다 업데이트 업데이트 없다 업데이트 업데이트 없다 업데이트 업데이트 없다 업데이트 업데이트 없다 업데이트 업데이트 없다 업데이트 업데이트 없다 업데이트 업데이트 없다 업데이트 업데이트 없다 업데이트 업데이트 없다
PowerWash Simulator,재미 재미 있다 하다 보다 얼룩 얼룩 다 지워지다 지워지다 지워지다 지워지다 뜨다 뜨다 게임 완료 완료 되다 않다 현상 현상 있다 구석구석 구석구석 불 다 뿌리다 뿌리다 보다 탭키 탭키 누르다 누르다 얼룩 얼룩 보이지 보이지 않다
PowerWash Simulator,일만 일만 싹 다 깨 버리다 버리다 시간 많다 많다 때 하다 좋다 좋다 함 만원 만원 넘다 넘다 주다 주다 사기 사기 아깝다 아깝다 게임 일해 일해 겁나다 겁나다 쌀 때 사다 사다
PowerWash Simulator,여 살 게임 캐릭터 캐릭터 스킨 스킨 더 추가 추가 되어다 되어다 좋다 좋다 커리어 커리어 모드 모드 명 되다 좋다 좋다 같다 멀티 멀티 모드 모드 친구 친구 친구 친구 초대 초대 하다 수 있다 좋다 좋다 같다
PowerWash Simulator,비세라 비세라 빡센 빡센 듯 손목 손목 오지 오지 아픔 아픔 근데 근데 희다 희다 감 성취 성취 감 개쩖 개쩖 취향 취향 타다 게임
PowerWash Simulator,청소 청소 시뮬레이션 시뮬레이션 딱 정도 정도 되게 되게 신속하다 신속하다 빠르다 빠르다 하다 순 없다 청소 청소 하다 느낌 느낌 그리다 그리다 오다 오다 닫다 닫다 않다
PowerWash Simulator,힘들다 힘들다 해도 성취 성취 감 좋다 좋다 개인 개인 청소 청소 좋아하다 좋아하다 사람 자다 자다 맞다 맞다 게임 오래 오래 하다 머리 머리 아프다 아프다 한번 시간 끊다 끊다 하다 걸 추천 추천
PowerWash Simulator,뇌 비우다 비우다 시간 태우다 태우다 게임 더럽다 더럽다 것 물 지지다 지지다 기분 기분 좋다 좋다 점점 더럽다 더럽다 정도 정도 심해지다 심해지다 하루 하루 종일 종일 청소 청소 하다 하다 것 문제 문제 혼자 하다 조금 힘들다 힘들다 있다 친구 친구 함께 하다 하다 게임
PowerWash Simulator,멀미 멀미 진짜 진짜 심하다 심하다 사람 조심하다 조심하다 저 멀미 멀미 개심 개심 데 모 게임 멀미 멀미 심 해보다 해보다 얼마나 심하다 심하다 하다 사다 사다 호 되게 되게 당하다 당하다 바로 환불 때리다 때리다
PowerWash Simulator,플레임 플레임 영상 영상 보고 결제 결제 후 다운 다운 받다 받다 해보다 해보다 너무 재밌다 재밌다 멍 때리다 때리다 하다 좋다 좋다 또는 또는 잡 생각 하다 하니 하니 시간 빠르다 빠르다 흘러가다 흘러가다 좋다 좋다
PowerWash Simulator,생각 없이 없이 재밌다 재밌다 하기는 하기는 좋다 좋다 근데 근데 진짜 진짜 업데이트 업데이트 좀 해주다 해주다 맵 너무 적다 적다
PowerWash Simulator,청소 청소 계 레전드 레전드 나 비비다 비비다 알 애로 애로 비볏 비볏 다가 다가 위 오 비다 비다 양쪽 양쪽 비다 비다 조 다가 다가 그냥 나 비비다 비비다 히 히 오줌 오줌 발샄 발샄
PowerWash Simulator,내 방 청소 청소 안해 안해 고압 고압 세척 세척 기 청소 청소 해보다 해보다 싶다 싶다 사람 해보다 해보다 추천 추천 함 근데 근데 너무 넓다 넓다 청소 청소 있다 좀 힘드다 힘드다
PowerWash Simulator,
PowerWash Simulator,다 괜찮다 괜찮다 멀미 멀미 너무 심해 심해 카메라 카메라 앵글 앵글 고정 고정 옵션 옵션 좀 추가 추가 해주다 해주다 멀미 멀미 나서다 나서다 더 하다
PowerWash Simulator,심심하다 심심하다 때 마다 마다 처럼 물 소리 소리 들다 들다 천천히 천천히 플레이 하다 좋다 좋다 자유 자유 모드 모드 커리어 커리어 모드 모드 별도 별도 제약 제약 없이 없이 편하다 편하다 청소 청소 하다 수 있다 좋다 좋다
PowerWash Simulator,맘 놓다 놓다 힐링 힐링 하다 위해 정말 좋다 좋다 게임 이다 단점 단점 손목 손목 눈 좀 아프다 아프다 수 있다
PowerWash Simulator,가격 대비 대비 컨텐츠 컨텐츠 없다 느낌 느낌 일 커리어 커리어 모드 모드 다 클리어 클리어 하다 추가 추가 업데이트 업데이트 없다
PowerWash Simulator,업데이트 업데이트 하다 렉 너무 심해지다 심해지다 하다
PowerWash Simulator,
PowerWash Simulator,시장 시장 집 청소 청소 받침 받침 단 어디가 어디가 더럽다 더럽다 모르다 모르다 나머지 나머지 다 청소 청소 하다 받치다 받치다 퍼 어딘 어딘 모르다 모르다 회전목마 회전목마 다 하다 거 때문 막히다 막히다 진행 하다 중 살리다 살리다 쇼
PowerWash Simulator,사람과 사람과 사다리 사다리 있다 우주여행 우주여행 하다 게임
PowerWash Simulator,이 왜 재다 재다 시간 가다 가다 줄 모르다 모르다 함 놀이기구 놀이기구 힘들다 힘들다 따다 따다
PowerWash Simulator,이 게임 플레임 플레임 영상 영상 보구 보구 구매 하다 하다 되어다 되어다 정말 너무 좋다 좋다 용 한국 한국 늦다 늦다 열다 열다 진짜 진짜 기대하다 기대하다 기다리다 기다리다 하다 구매 하다 너무 너무 좋다 좋다 강추입돠 강추입돠
PowerWash Simulator,게임 년차 년차 게임 섬렵 섬렵 내 게임 멀미 멀미 최초 최초 함 시발 근데 근데 재미 재미 있다
PowerWash Simulator,왜 그렇다 모르다 모르다 울렁증 울렁증 엄청 엄청 심하다 심하다 오다 오다 우주 우주 게임 그렇다 해도 오다 오다 울렁증 울렁증
PowerWash Simulator,힐링 힐링 하다 사다 사다 맨날 맨날 밤새다 밤새다 몸 축남 축남
PowerWash Simulator,커리어 커리어 멀티 멀티 들어가다 들어가다 호스트 호스트 장비 장비 이용 이용 하다 하다 사원 사원 아직도 아직도 세척 세척 기 도 노즐 노즐 밉다 밉다 중
PowerWash Simulator,청소 청소 하다 재밌다 재밌다 덥다 덥다 얼른 얼른 줄다 줄다 물 청소 청소 하다 그 쾌감 쾌감 잊다 잊다 수가 수가 없다 친구 친구 제일 제일 말 아니다 이 이색 이색
PowerWash Simulator,청소 청소 하다 앉다 앉다 엎드리다 엎드리다 시점 시점 높이 높이 차이 차이 심하다 심하다 멀미 멀미 남 고거 고거 빼다 빼다 짧다 짧다 시간 재밌다 재밌다 하다 재밌다 재밌다 하다 의향 의향 있다 멀미 멀미 포기 포기
PowerWash Simulator,플레이 타임 타임 시간 사람 감히 감히 한마디 남다 남다 장점 장점 멀티 멀티 되다 것 단점 단점 멀티 멀티 되다 것 이다 친구 친구 없다
PowerWash Simulator,소재 소재 별로 별로 다른 물소 물소 리가 리가 매력 매력 이다 노란색 노란색 초록색 초록색 노즐 노즐 위주 위주 사용 사용 하다 정제 정제 파워 파워 사용 사용 하다 않다 진행 하다 때 벗겨지다 벗겨지다 않다 결국 파워 파워 사다 사다 돈 생기다 생기다 때 하나 하나 업그레이드 업그레이드 하다 크다 크다 맵 작다 작다 맵 있다 크다 크다 맵 경우 경우 시간 여유 여유 때 하다 추천 추천 바닥 바닥 있다 때 찾다 찾다 분간 분간 헤매다 헤매다
PowerWash Simulator,과정 과정 결과 결과 중요시 중요시 하다 사람 추천 추천
PowerWash Simulator,시간 플레이 하다 지금 나오다 나오다 맵 다 클리어 클리어 해 버리다 버리다
PowerWash Simulator,멀티 멀티 던지다 던지다 아직 아직 부족하다 부족하다 부분 부분 보이다 보이다 게임 자체 자체 놓다 놓다 보다 굉장하다 굉장하다 괜찮다 괜찮다 게임 임 분명하다 분명하다 반복 반복 되다 경쟁 경쟁 게임 지루함 지루함 느끼다 느끼다 있다 사람 라면 라면 파워 파워 워시 워시 시뮬레이터 시뮬레이터 통해 통해 쉬다 쉬다 시간 가다 가다 보다 것 좋다 좋다 것 같다 추천 추천 드리다 드리다
PowerWash Simulator,그냥 시원하다 시원하다 맛 하다 게임 처음 처음 때리다 때리다 치다 치다 하다 난이도 난이도 있다 청소 청소 나다 나다 개운하다 개운하다 느낌 느낌 듬
PowerWash Simulator,화장실 화장실 청소 청소 하다 퍼 찾다 찾다 클릭 클릭 해보다 해보다 표시 표시 안되다 폼 제척 제척 뿌리다 뿌리다 봣 늘다 늘다 클리어 클리어 판정 판정 안되다 버그 어지러움 어지러움 빼다 빼다 꽤 괜찮다 괜찮다 힐링 힐링 게임 듯
PowerWash Simulator,폭탄 폭탄 터지다 터지다 것 더 더럽다 더럽다 곳 검댕 검댕 있다 들다 들다 청소 청소 하다 크다 크다 린 하다 보다 목적 목적 게임 생각 구석구석 구석구석 청소 청소 것 얼마나 재미있다 재미있다 알 수 있다 단점 단점 계속 계속 지속 지속 둘러보다 둘러보다 되다 눈 금방 금방 피로하다 피로하다 점 구석 구석 탱 어딘가 어딘가 박히다 박히다 하이라이트 하이라이트 시키다 보이지 보이지 않다 마지막 마지막 의 더러 더러 움 찾다 찾다 것 하루 하루 시간 정도 정도 하다 딱 좋다 좋다 힐링 힐링 게임
PowerWash Simulator,걸 어떻다 어떻다 혼자 다 청소 청소 하다
PowerWash Simulator,따다 따다 모르다 모르다 노동요 노동요 시간 짜다 짜다 틀어놓다 틀어놓다 시작 시작 하다 어느새다 어느새다 노래 노래 끝나다 끝나다 게임 사실 재미 재미 시간 지기 지기 최적화 최적화 되어다 되어다 보다
PowerWash Simulator,시간 떄 우기 우기 증 말로 말로 좋다 좋다 게임 쥬 근데 근데 멀미 멀미 없다 사람 계속 계속 흔들다 흔들다 재끼 재끼 머리 머리 아프다 아프다 하쥬 하쥬 그래도 할만하쥬 할만하쥬
PowerWash Simulator,노래 노래 틀어놓다 틀어놓다 하다 멍 때리다 때리다 싸다 싸다 가능 가능 재미있다 재미있다 단지 멀미 멀미 좀 날 수 있다 시야 시야 값 높다 높다 하다 하다
PowerWash Simulator,아직 아직 부족하다 부족하다 점도 점도 많다 많다 보이 보이 불편하다 불편하다 점도 점도 여럿 여럿 있다 제일 제일 중요하다 중요하다 게임 초적 초적 재미 재미 있다 얼리다 얼리다 액세스 액세스 앞 기대 기대 되다 게임
PowerWash Simulator,멀다 멀다 미나 미나 근데 근데 멀미 멀미 참고서 참고서 하다 게임 임 분 한번 쉬다 쉬다 꾸역꾸역 꾸역꾸역 함 멀티 멀티 버그 좀 있다 것 같다 근데 근데 멀미 멀미 나서다 나서다 오래 오래 해봤다 해봤다
PowerWash Simulator,너무 재미있다 재미있다 현재 현재 플레이 시간 여기 나오다 나오다 맵 다 깨다 깨다 언제 업뎃 업뎃 해주다 해주다 청소 청소 더 하다 해주다 해주다
Wallpaper Engine,어느 카테고리 카테고리 가다 가다 애니 애니 캐릭터 캐릭터 나오다 나오다 아니메 아니메 적히다 적히다 카테고리 카테고리 분명하다 분명하다 있다 네 씹다 씹다 들다 들다 개 의치 의치 않다 하다
Wallpaper Engine,거 왜 성인 성인 게임 분류 분류 돼다 돼다 추천 추천 게임 씹덕 씹덕 미연시 미연시 자꾸 자꾸 뜨다 뜨다 만들다 만들다 임 개 빡치다 빡치다
Wallpaper Engine,장점 장점 멋 들다 들다 배경화면 배경화면 움직이다 움직이다 분위기 분위기 맞다 맞다 노래 노래 나오다 나오다 바탕화면 바탕화면 보다 기분 기분 좋아지다 좋아지다 메모리 메모리 잡아먹다 잡아먹다 거의 없다 수준 수준 단점 단점 혼 모노 모노 오타쿠 오타쿠 창작 창작 마당 마당 점령 점령 카테고리 카테고리 지키다 지키다 금 수위 수위 너무 많다 많다 리뷰 리뷰 이렇다 이렇다 쓰다 쓰다 통한 통한 비추가 비추가 나르다 나르다 옴
Wallpaper Engine,창작 창작 마당 마당 하나 정리 정리 안되다 태그 태그 들어가다 들어가다 갑자기 크다 크다 엉덩이 나오다 나오다 않다 갑자기 가슴 내놓다 내놓다 있다 여자 여자 나오다 나오다 않다 제발 제발 창작 창작 마당 마당 정리 정리 좀 해주다 해주다 애니메이션 애니메이션 물이 물이 걸 차지 차지 있다 온갖 온갖 태그 태그 다 차지 차지 하다 있다 짜증 짜증 나다 나다
Wallpaper Engine,이 프로그램 프로그램 이미 이미 혼 모노 모노 점령 점령 하다
Wallpaper Engine,심심하다 심심하다 배경화면 배경화면 눈 즐겁다 즐겁다 만들다 만들다 하다 다만 오타쿠 오타쿠 곳 점령 점령 하다 때문 좀 아쉽다 아쉽다
Wallpaper Engine,평소 평소 씹덕 씹덕 의심 의심 되다 친구 친구 있다 이 제품 제품 그 친구 친구 선물 선물 해주다 해주다 강추 강추 선물 선물 후 친구 친구 창작 창작 마당 마당 즐겨찾기 즐겨찾기 목록 목록 확인 확인 하다 의심 의심 확신 확신 변하다 변하다 되다 것 이다
Wallpaper Engine,걸 찾다 찾다 당신 레전드 레전드 걸 구매 당신 전설 전설 레전드 레전드 나이 나이 등급 등급 풀다 풀다 장막 장막 들추다 들추다 보다 당신 레전드 레전드 그 자체 자체 이다
Wallpaper Engine,덕후 덕후 야동 야동 정상인 정상인 나머지 나머지 늘다 늘다 긴가민가하다 긴가민가하다
Wallpaper Engine,구매 다 설치 설치 다 움직이다 움직이다 배경화면 배경화면 보고 신세계 신세계 체험 체험 하다 다른 것 도 많다 많다 대감 대감 창작 창작 마당 마당 들어가다 들어가다 색다르다 색다르다 혼 모노 모노 배경화면 배경화면 발견 발견 함 정상 정상 배경화면 배경화면 서울 서울 김철수 김철수 찾기 찾기 듯이 듯이 찾아다니다 찾아다니다 혼 모노 모노 패배하다 패배하다 단계 단계 정리 정리 하다 프로그램 프로그램 좋다 좋다 리얼 리얼 금 혼 모노 모노 많다 많다 알 사다 사다
Wallpaper Engine,음 아직 아직 더 사용 사용 해보다 해보다 제대로 되다 평가 평가 해보다 해보다 아직 아직 못 보다 것 너무 많다 많다 더 알아보다 알아보다 야하다 야하다 같다
Wallpaper Engine,창작 창작 마당 마당 제대로 되다 월 페이퍼 페이퍼 하나 없다 시발 짤 보다 올리다 올리다 시발 단보 단보 루나 루나 처가 처가 란말 란말 프로그램 프로그램 자체 자체 배경화면 배경화면 용 정말 좋다 좋다 창작 창작 마당 마당 올라오다 올라오다 꼬 라지 라지 존나 역겹다 역겹다 움
Wallpaper Engine,싼값 싼값 구매 해보다 해보다 결과 결과 괜찮다 괜찮다 이미지 이미지 꽤 많다 많다 용도 용도 별개 별개 인물 인물 공급 공급 처 사용 사용 하다 사람 차다 차다 많다 많다
Wallpaper Engine,엉덩이 크다 크다 거 배경 배경 하다 두다 두다 사촌동생 사촌동생 보고 저 실망하다 실망하다 하하 저 이제 돼다 돼다 감사하다 감사하다
Wallpaper Engine,정말 단순하다 단순하다 발상 발상 그 누구 만들다 만들다 않다 프로그램 프로그램
Wallpaper Engine,소프트웨어 소프트웨어 좋다 좋다 바탕화면 바탕화면 좋다 좋다 다 좋다 좋다 창작 창작 마당 마당 유틸 유틸 관리 관리 좀 해주다 해주다 좋다 좋다 지금 무순 무순 창작 창작 마당 마당 씹덕 씹덕 대만 대만 중국인 중국인 소굴 소굴 되어다 되어다 온갖 온갖 영상 영상 그것 계열 계열 졸라 올라오다 올라오다 지금 도대체 도대체 무순 무순 영상 영상 인지도 인지도 모르다 모르다 올라오다 올라오다 게다가 다른 영상 영상 올리다 올리다 망하다 망하다 동영상 동영상 뭍혀 뭍혀 순위 순위 올라오다 올라오다 힘들다 힘들다 아니다 애 당초 당초 업로드 업로드 할떄 할떄 카테고리 카테고리 분류 분류 하다 되다 그걸 그걸 씹다 씹다 지다 지다 들다 들다 꼴리다 꼴리다 올리다 올리다 문제 문제 제발 제발 창작 창작 마당 마당 유틸 유틸 하나 관리 관리 하다 좋다 좋다 애니메이션 애니메이션 싫다 싫다 아니다 부분 부분 유틸 유틸 관리 관리 해주다 해주다 좋다 좋다 거지 거지 싫다 싫다 아니다 년 다시 설치 설치 해봤다 해봤다 카테고리 카테고리 좆 끄다 끄다 바로 뜨다 뜨다 야동 야동 답 없다 시발
Wallpaper Engine,분명 분명 창작 창작 마당 마당 혼 모노 모노 점령 점령 하다 그래도 조금 뒤지다 보다 쓸다 쓸다 것 많이 많이 있다 귀엽다 귀엽다 것 많다 많다 멋지다 멋지다 꽤 있다 그래도 아직 아직 은 창작 창작 마당 마당 개선 개선 꼭 필요하다 필요하다 어딜 어딜 가나 가나 혼 모노 모노 있다 보기 좀 힘들다 힘들다 프로그램 프로그램 자체 자체 좋다 좋다 그래도 살 사람 사고 사고 안 살 사람 사다 사다 난 추천 추천 가다 가다
Wallpaper Engine,처음 처음 그냥 바탕화면 바탕화면 이쁘다 이쁘다 사다 사다 필터 필터 없이 없이 누드 누드 움짤 움짤 흔들다 흔들다 대길 대길 크게 크게 만족하다 만족하다 사다 사다
Wallpaper Engine,기전 기전 걸 왜 돈 주다 주다 사지 사지 사고 사고 후 오다 오다 씨 걸 이제 삿 장점 장점 컴터 컴터 분위기 분위기 달라지다 달라지다 단점 단점 종류 종류 많다 많다 선택 선택 장애 장애 오다 오다 덕 종류 종류 많다 많다 원하다 원하다 배경 배경 찾기 찾기 조금 귀찮다 귀찮다
Wallpaper Engine,태그 태그 가다 가다 누드 누드 선택 선택 인기 인기 있다 게임
Wallpaper Engine,이다 바탕화면 바탕화면 걱정 걱정 없다 퀄 좋다 좋다 움짤 움짤 배경 배경 정말 많다 많다 듀얼모니터 듀얼모니터 개별 개별 설정 설정 슬라이드쇼 슬라이드쇼 목록 목록 설정 설정 편하다 편하다 저급하다 저급하다 쓰레기 쓰레기 배경 배경 정말 많다 많다 스팀 창작 창작 마당 마당 찾다 찾다 프로그램 프로그램 안 필터 필터 설정 설정 편하다 편하다 찾다 찾다 하자 하자 사이버펑크 사이버펑크 스팀펑크 스팀펑크 하늘 하늘 나 배 이렇다 이렇다 너무 좋다 좋다 그림 그림 효과 효과 넣다 넣다 괜찮다 괜찮다 것 많다 많다
Wallpaper Engine,이 게임 아니다 소프트웨어 소프트웨어 구매 이유 이유 다 들다 들다 알다 알다
Wallpaper Engine,울 아들 아들 좋아하다 좋아하다 제 다른 프로그램 프로그램 자다 자다 만지다 만지다 간단하다 간단하다 윾틸리티 윾틸리티 몇개 몇개 만지다 만지다 알다 알다 이번 스팀 월 페이퍼 페이퍼 엔진 엔진 나오다 나오다 일시 일시 불로 불로 구매 해봤다 해봤다 켜 보다 삼보 삼보 브랜드 브랜드 컴퓨터 만원 만원 로 자다 자다 돌아가다 돌아가다 너무 좋다 좋다 스팀 맘 공감 공감 하다 창작 창작 마당 마당 들어가다 들어가다 마치 멸망 멸망 직전 직전 로마 로마 보다 벗다 벗다 여자 여자 떼거지 떼거지 흔들다 흔들다 늘다 늘다 순간 순간 나 들어오다 들어오다 그거 그거 관리 관리 하다 그렇게 힘들다 힘들다 요 울 아들 아들 좋아하다 좋아하다 쓰다 쓰다 서두 서두 여자 여자 냥 거리 거리 바탕화면 바탕화면 쓰다 쓰다 보다 그렇다 너 이름 이름 오늘 오늘 세번 세번 보다 간 울 아들 아들 결혼 결혼 하다 같다 엄마 엄마 맘 퐈악 퐈악 상해 상해 부르다 부르다 스
Wallpaper Engine,움직이다 움직이다 배경 배경 신기하다 신기하다 구매 하다 근데 근데 배경 배경 할인 것 같다 어쨌건 어쨌건 나쁘다 나쁘다 않다 소프트웨어 소프트웨어 예쁘다 예쁘다 배경 배경 많다 많다 근데 근데 배경 배경 좀 적다 적다 아쉬움 아쉬움
Wallpaper Engine,맹맹하다 맹맹하다 평범하다 평범하다 배경화면 배경화면 싫다 싫다 허전하다 허전하다 배경화면 배경화면 꾸미다 꾸미다 싶다 싶다 그래서 저희 준비 준비 하다 단돈 단돈 천원 천원 한번 결제 결제
Wallpaper Engine,원 안 아깝다 아깝다 움 바탕화면 바탕화면 종류 종류 엄청 엄청 많다 많다 무엇 원하다 원하다 찾다 찾다 수 있다
Wallpaper Engine,절대로 절대로 부모님 부모님 비롯 비롯 가족 가족 주변 주변 창작 창작 마당 마당 들어가다 들어가다 안되다
Wallpaper Engine,진짜 진짜 죠 바탕화면 바탕화면 막 움직이다 움직이다 거기 거기 소리 소리 나다 나다 없다 땐 모르다 모르다 젠 없다 안되다 것 같다 정말 최고 최고
Wallpaper Engine,관련 관련 소프트웨어 소프트웨어 대한 지식 지식 없다 굉장하다 굉장하다 맘 편하다 편하다 사용 사용 하다 있다 제품 제품 생각 되다 얼리다 얼리다 엑세스 엑세스 베타 베타 버전 버전 개인 개인 상당하다 상당하다 만족 만족 하다 그동안 써다 써다 오다 오다 비슷하다 소프트웨어 소프트웨어 모두 휴지통 휴지통 넣다 넣다 원 매우 용이하다 용이하다 가성 가성 비 보이다 보이다 제품 제품 갈아타다 갈아타다 것 대한 후회 후회 도 없다 다만 아시아 아시아 미세먼지 미세먼지 족 그 민족 민족 상당하다 상당하다 덕 내공 내공 가지 가지 정성 정성 덕질 덕질 하다 공간 공간 므 스럽다 스럽다 부분 부분 상당하다 상당하다 있다 점 감안 감안 사용 사용 하다 하다 필자 필자 그렇다 부분 부분 전부 수용 수용 하다 넒 마음 마음 가지 가지 있다 원하다 원하다 것 정성 정성 스레 스레 만들다 만들다 업로드 업로드 거나 거나 타인 작품 작품 구독 구독 하다 것 쉬다 쉬다 가능하다 가능하다 유저 편하다 편하다 재밌다 재밌다 이용 이용 하다 있다 제품 제품 것 같다 생각 하다 조용하다 조용하다 추천 추천 가다 가다 이 제품 제품 돈 쓰다 쓰다 것 망설이다 망설이다 투자 투자 하다 아끼다 아끼다 마르다 마르다
Wallpaper Engine,최고 최고 라이브 라이브 바탕화면 바탕화면 관리 관리 툴 장점 장점 스팀 꺼지다 꺼지다 실행 실행 가능 가능 다른 작업 작업 시 알다 알다 라이브 라이브 중지 중지 및 다시 재생 재생 각종 에러 에러 창작 창작 마당 마당 관리 관리 미흡 미흡 생동감 생동감 있다 라이브 라이브 배경화면 배경화면 사양 사양 관련 관련 없이 없이 보고 싶다 싶다 분 배경화면 배경화면 꾸미다 꾸미다 많이 많이 변경 변경 하다 분 올해 올해 첫 리뷰 리뷰 바로 이 소프트웨어 소프트웨어 되어다 되어다 컴퓨터 사양 사양 낮다 낮다 레인미터 레인미터 늘다 늘다 설치 설치 하다 라이브 라이브 배경화면 배경화면 거 포기 포기 상태 상태 이다 이 소프트웨어 소프트웨어 구원 구원 손길 손길 내미다 내미다 그동안 라이브 라이브 배경화면 배경화면 해주다 해주다 수많다 수많다 툴 있다 그 어느 툴 이 낮다 낮다 리소스 리소스 점유 점유 율 보여주다 보여주다 하다 일명 일명 고스톱 고스톱 사무 사무 전용 전용 컴퓨터 아니다 이상 컴퓨터 켜다 켜다 것 모르다 모르다 정도 정도 사양 사양 낮다 낮다 게다가 스팀 꺼지다 꺼지다 실행 실행 가능하다 가능하다 스팀 자주 자주 이용 이용 하다 않다 사용자 사용자 배경화면 배경화면 꾸미다 꾸미다 관심 관심 있다 충분하다 충분하다 구매 하다 가치 가치 있다 보다 사양 사양 낮다 낮다 움직이다 움직이다 바탕화면 바탕화면 툴 기본 기본 다른 일 하다 시 알다 알다 라이브 라이브 멈추다 멈추다 것 물론 아이콘 아이콘 숨다 숨다 라이브 라이브 바탕화면 바탕화면 옵션 옵션 넣기 넣기 안티 안티 다이렉트 다이렉트 선택 선택 등 바탕화면 바탕화면 영상 영상 게임 재생 재생 하다 하다 등 여러가지 여러가지 컨텐츠 컨텐츠 및 옵션 옵션 지속 지속 업데이트 업데이트 이다 또한 움직이다 움직이다 배경화면 배경화면 직접 직접 만들기 만들기 어렵다 어렵다 사용자 사용자 위해 창작 창작 마당 마당 지원 지원 있다 도전 도전 과제 과제 연동 연동 하다 도전 도전 과제 과제 노리다 노리다 스팀러 스팀러 참여 참여 하다 수 있다 유도 유도 것 좋다 좋다 선택 선택 그로 그로 인하다 인하다 하루 하루 수십 수십 넘다 넘다 라이브 라이브 배경화면 배경화면 업로드 업로드 되다 있다 다만 문제 문제 아무래도 아무래도 앞서 앞서 해보다 해보다 툴 불안정하다 불안정하다 창작 창작 마당 마당 받다 받다 파일 에러 에러 나 프로그램 프로그램 꺼지다 꺼지다 복잡하다 복잡하다 작업 작업 하다 때 툴 인식 인식 자다 자다 하다 에러 에러 뿜는 뿜는 등 일반 일반 유저 알다 알다 힘드다 힘드다 에러 에러 존재 존재 하다 거기 거기 누구 창작 창작 마당 마당 이용 이용 하다 수 있다 점 도전 도전 과제 과제 연동 연동 되다 점 때문 퀄리티 퀄리티 혹은 문제 문제 있다 파일 창작 창작 마당 마당 올라오다 올라오다 하다 퀄리티 퀄리티 어쩔 어쩔 수 없다 로 표기 표기 되다 창작 창작 마당 마당 인기 인기 작품 작품 실상 실상 그리다 그리다 좋다 좋다 않다 해상도 해상도 가지다 가지다 작품 작품 있다 문제 문제 있다 파일 툴 강종 강종 시키다 등 에러 에러 뿜어내다 뿜어내다 물론 스팀 커뮤니티 커뮤니티 규율 규율 문제 문제 있다 파일 신고 신고 하다 삭제 삭제 및 정도 정도 심하다 심하다 시 해당 해당 유저 커뮤니티 커뮤니티 배다 배다 되다 이러하다 이러하다 점 때문 평가 평가 안되다 새롭다 새롭다 배경화면 배경화면 받다 받다 거부 거부 감 들다 들다 점 아쉽다 아쉽다 다소 불안정하다 불안정하다 있다 일반 일반 유저 이 외 선택 선택 지보 지보 좋다 좋다 선택 선택 없다 생각 되다 가격 저렴하다 저렴하다 다른 유료 유료 무료 무료 소프트웨어 소프트웨어 달리 달리 오직 배경화면 배경화면 영상 영상 지원 지원 하다 것 아니다 업데이트 업데이트 기능 기능 추가 추가 버그 잡다 잡다 등 활발하다 활발하다 행보 행보 보여주다 보여주다 있다 앞 얼마나 더 좋다 좋다 툴 되다 구매 로서 기대 기대 되다 행보 행보 하다 수 있다 추천 추천 하다
Wallpaper Engine,약 가다 가다 씹덕 씹덕 위 페이퍼 페이퍼 늘다 늘다 야동 야동 좋아하다 좋아하다 발정 발정 들다 들다 위 하다 늘다 늘다 정상 정상 므싯는거 므싯는거
Wallpaper Engine,창작 창작 마당 마당 다운로드 다운로드 받다 받다 자다 자다 사용 사용 있다
Wallpaper Engine,자신 피씨 피씨 바탕화면 바탕화면 편하다 편하다 바꾸다 바꾸다 수 있다 프로그램 프로그램 이다 귀찮다 귀찮다 그림 그림 다운 다운 받다 받다 하다 이유 이유 없다 프로그램 프로그램 언제 제어 제어 가능하다 가능하다 요
Wallpaper Engine,구매 전 오다 오다 바탕화면 바탕화면 움직이다 움직이다 창작 창작 마당 마당 있다 분명 분명 멋지다 멋지다 있다 구매 후 오 쉣 창작 창작 마당 마당 애니 애니 점령 점령 당하다 당하다 바탕화면 바탕화면 노출증 노출증 걸리다 걸리다 구독 구독 기다리다 기다리다 있다 소프트웨어 소프트웨어 참신하다 참신하다 좋다 좋다 창작 창작 마당 마당 상태 상태 보다 남 추천 추천 하다 차다 차다 민망하다 민망하다
Wallpaper Engine,이쁘다 이쁘다 배경 배경 많다 많다 근데 근데 친구 친구 즐겨찾기 즐겨찾기 배경화면 배경화면 들어가다 들어가다 보다 야하다 야하다 진짜 진짜 많다 많다
Wallpaper Engine,움직이다 움직이다 적 배경화면 배경화면 내 컴퓨터 바탕화면 바탕화면 더 특별하다 특별하다 바꾸다 바꾸다 보다 벌써 벌써 월 페이퍼 페이퍼 엔진 엔진 스팀 소프트웨어 소프트웨어 출시 한지 한지 어엿 어엿 년 되어다 되어다 아직도 아직도 이만 이만 월 페이퍼 페이퍼 소프트웨어 소프트웨어 거의 없다 것 같다 다소 저렴하다 저렴하다 가격 소프트웨어 소프트웨어 구매 하다 기본 기본 제공 제공 되다 적 배경화면 배경화면 스팀 창작 창작 마당 마당 통해 통해 사용자 사용자 제작 제작 배경화면 배경화면 살펴보다 살펴보다 수 있다 장르 장르 매우 다양하다 다양하다 때문 프로그램 프로그램 내 지원 지원 하다 태그 태그 기능 기능 이용 이용 하다 자신 원하다 원하다 태그 태그 체크 체크 하다 원하다 원하다 배경화면 배경화면 쉬다 쉬다 찾아보다 찾아보다 수 있다 많다 많다 사용자 사용자 선택 선택 추천 추천 배경화면 배경화면 기준 기준 찾아보다 찾아보다 수도 수도 있다 물론 창작 창작 마당 마당 때문 원하다 원하다 이미지 이미지 동영상 동영상 웹 게임 형식 형식 으 배경화면 배경화면 선택 선택 하다 제작 제작 하다 것 가능하다 가능하다 기본 기본 제공 제공 되다 배경화면 배경화면 색상 색상 변경 변경 재생 재생 속도 속도 변경 변경 등 독특하다 독특하다 기능 기능 기본 기본 더 제공 제공 되다 있다 개인 개인 창작 창작 마당 마당 다양하다 다양하다 사용자 사용자 올리다 올리다 배경화면 배경화면 자신 취향 취향 물론 선호 선호 하다 배경화면 배경화면 더 많이 많이 둘러보다 둘러보다 수 있다 많다 많다 사람 선호 선호 하다 되다 계기 계기 아니다 생각 하다 소프트웨어 소프트웨어 내 숨기다 숨기다 기능 기능 도전 도전 과제 과제 함께 지원 지원 있다 참고 참고 해보다 해보다
Wallpaper Engine,확실하다 확실하다 애니 애니 관련 관련 야하다 야하다 많다 많다 쓸다 쓸다 찾다 찾다 쓰다 쓰다 편이 꽤 좋다 좋다 생각 되다
Wallpaper Engine,난 새끼 세상 세상 그 누구 싫다 싫다 난 배경화면 배경화면 고르다 고르다 너무 귀찮다 귀찮다 대충 정 하다 난 중국인 중국인 가장 싫다 싫다 이분 이분 사시 사시 안되다 난 배경화면 배경화면 자주 자주 바꾸다 바꾸다 난 배경화면 배경화면 움직이다 움직이다 좋다 좋다 난 특이하다 특이하다 배경화면 배경화면 원하다 원하다 난 비다 비다 쯔끼 쯔끼 싸다 싸다 유우 유우 를 사랑 사랑 하다 이분 이분 사시 사시 되다
Wallpaper Engine,어머니 어머니 제 걸 씹다 씹다 떡 보고 있다 것 보다 말 없이 없이 저 방 부르다 부르다 분간 분간 욕 욕 다 먹다 먹다 후 환불 하다 어머니 어머니 몰래 몰래 다시 삿습니 삿습니
Wallpaper Engine,기반 기반 그 사이트 사이트 들이다 들이다 막히다 막히다 지금 유일하다 유일하다 그냥 즐기다 즐기다 수 있다 프로그램 프로그램 원만 원만 있다 안 부럽다 부럽다
Wallpaper Engine,씹덕 씹덕 많다 많다 별로 별로 보이다 보이다 근데 근데 원본 원본 사진 사진 해상도 해상도 낮추다 낮추다 업로드 업로드 하다 개새 개새 많다 많다
Wallpaper Engine,써다 써다 보다 사람 안다 것 제 의 구 처음 처음 하다 땐 예쁘다 예쁘다 아름답다 아름답다 바탕화면 바탕화면 랭킹 랭킹 많이 많이 올라오다 올라오다 부터 야하다 야하다 그림 그림 야하다 야하다 동영상 동영상 랭킹 랭킹 올라오다 올라오다 계속 계속 야하다 야하다 위 뜨다 뜨다
Wallpaper Engine,수많다 수많다 배경 배경 자연 자연 음 생활 생활 소음 소음 필요 필요 따르다 따르다 맞추다 맞추다 좋다 좋다 작업 작업 환경 환경 제공 제공 하다 줍다 줍다 사무 사무 작업 작업 용 유틸 유틸 좋다 좋다 또한 수많다 수많다 짤 기타 들이다 들이다 좀 많다 많다 그걸 그걸 원하다 원하다 분 좋다 좋다 겁니다 현자 현자 타임 타임 오다 오다 것 그렇다 그걸 그걸 목적 목적 구입 구입 하다 건 개인 개인 좀 그렇다 않다 싶다 싶다
Wallpaper Engine,집 일 하다 때 틀어놓다 틀어놓다 하다 샀슴다 샀슴다 바다 바다 화면 화면 틀어놓다 틀어놓다 일 하니 하니 휴가 휴가 오다 오다 기분 기분 이드 이드 홍홍 홍홍 넘다 넘다 모조 모조 암튼 암튼 진짜 진짜 좋다 좋다 진짜루 진짜루 메모리 메모리 의외로 의외로 조금 먹다 먹다 지금 로 돌리다 돌리다 오히려 일 하다 틀어놓다 틀어놓다 크롬 크롬 메모리 메모리 젤 많이 많이 먹다 먹다 똥컴 똥컴 버벅대다 버벅대다 여태 여태 사다 사다 오늘 오늘 집 일 하다 생각 충 구매 하다 하다 같다 욧
Wallpaper Engine,월 페이퍼 페이퍼 엔진 엔진 오딲끄 오딲끄 엔진 엔진 엔진 엔진 자체 자체 괜찮다 괜찮다 창작 창작 마당 마당 죄다 죄다 수위 수위 조절 조절 안되다 오타쿠 오타쿠 같다 걸 순 도배 도배 하다 창작 창작 마당 마당 둘러보다 둘러보다 내내 내내 배경화면 배경화면 장르 장르 한쪽 한쪽 쏠리다 쏠리다 도배 도배 하다 만들다 만들다 쓰다 쓰다 하다 원
Wallpaper Engine,이 프로그램 프로그램 도전 도전 과제 과제 있다 걸 이제야 이제야 알다 알다
Wallpaper Engine,배경화면 배경화면 엔진 엔진 하다 인 가다 가다 정말로 정말로 좋다 좋다 클릭 클릭 정말로 정말로 최고 최고 만족 만족 시키다 보다 좋다 좋다 게임 최고 최고
Wallpaper Engine,아아 아아 직 얼액 얼액 프로그램 프로그램 인지 인지 여러 여러 미비하다 미비하다 점 보이다 보이다 기 메모리 메모리 시대 시대 메모리 메모리 상주시 상주시 켜다 켜다 메모리 메모리 아깝다 아깝다 않다 그렇다 프로그램 프로그램 생각 하다 칙는 칙는 것 가능하다 가능하다 윈도우 윈도우 서치나 서치나 코타 코타 나 들어가다 들어가다 메모리 메모리 아깝다 아깝다 월 페이퍼 페이퍼 엔진 엔진 들어가다 들어가다 메모리 메모리 아깝다 아깝다 않다 자신 자신 취향 취향 반영 반영 되다 자신 좋아하다 좋아하다 그렇다 월 페이퍼 페이퍼 만들다 만들다 보다 물론 저 뭐 위 스샷 스샷 만족하다 만족하다 요 창작 창작 마당 마당 간체자 간체자 번체자 번체자 범람 범람 하다 차원 차원 세계 세계 자기 원하다 원하다 것 찾기 찾기 그리다 그리다 수월하다 수월하다 않다 자가발전 자가발전 하다 자신 수요 수요 충족 충족 시키다 필요 필요 다분하다 다분하다 뭐라다 뭐라다 경제 경제 이기 이기 위해 시장 시장 체제 체제 만들다 만들다 결국 은 가다 가다 시장 시장 답 되어다 되어다 버리다 버리다 몇몇 몇몇 시장 시장 체제 체제 떠올리다 떠올리다 하다 그렇다 상황 상황 창작 창작 마당 마당 이다 그래도 값 넘치다 넘치다 프로그램 프로그램 이다 가격 착하다 착하다 생각 되다 구매 하다 좋다 좋다 듯 하다
Wallpaper Engine,아직도 아직도 걸 사다 사다 만약 사다 사다 씹다 씹다 뜨다 뜨다 새끼 판치다 판치다 건 고려 고려 초 정도 정도 고민 고민 하다 척 사자 사자
Wallpaper Engine,우리 하다 위험하다 위험하다 게임 아래 있다 바탕화면 바탕화면 위험하다 위험하다 만들다 만들다 수 있다
Wallpaper Engine,흥미롭다 흥미롭다 다운 다운 받다 받다 즐기다 즐기다 자리 자리 비우다 비우다 때 바탕화면 바탕화면 보호 보호 기 로 사용 사용 되다 이제 컴퓨터 부팅 부팅 시 자동 자동 띄우다 띄우다 프로그램 프로그램 끄다 끄다 아무리 아무리 신기하다 신기하다 이제 감흥 감흥 없어지다 없어지다 기승 기승 전결 전결 명확하다 명확하다
Wallpaper Engine,좋다 좋다 기다 기다 애니 애니 애니 애니 아니다 말 말
Wallpaper Engine,밋밋하다 밋밋하다 배경화면 배경화면 움직 움직 소리 소리 나다 나다 바꾸다 바꾸다 혁명 혁명 유틸리티 유틸리티 몇 년 전 자다 자다 쓰다 쓰다 있다 천원 천원 이 정도 정도 혜자 혜자 스럽다 스럽다 움 씹덕 씹덕 스럽다 스럽다 움 극복 극복 하다 하다 왜 이렇게 평가판 평가판 싸움터 싸움터 되다 건지다 건지다 알 수 없다 다운 다운 안 받다 받다 사람 있다 한번 쓸다 쓸다 사람 없다
Wallpaper Engine,이전 이전 윈도우 윈도우 비스타 비스타 얼티밋 얼티밋 에디 에디 션 있다 기능 기능 드림씬 드림씬 하다 동영상 동영상 바탕화면 바탕화면 지정 지정 하다 수 있다 혁신 혁신 기능 기능 있다 우선 비스타 비스타 얼티밋 얼티밋 포함 포함 되어다 되어다 접근성 접근성 시망 시망 이다 비스타 비스타 이상 기타 에디 에디 션 락 패치 등 사용 사용 하다 수 있다 리소스 리소스 엄청 엄청 치다 치다 먹다 먹다 무겁다 무겁다 특히 특히 노트북 노트북 쓰기 쓰기 힘들다 힘들다 이 프로그램 프로그램 그 자체 자체 최적화 최적화 뛰어나다 뛰어나다 사용자 사용자 스스로 스스로 게임 옵션 옵션 조정 조정 듯 자신 사양 사양 따라서 퀄리티 퀄리티 설정 설정 가능하다 가능하다 사양 사양 노트북 노트북 아무 무리 무리 없이 없이 움직이다 움직이다 바탕화면 바탕화면 구현 구현 하다 수 있다 심지어 앱 바탕화면 바탕화면 하다 바탕화면 바탕화면 오브젝트 오브젝트 상호작용 상호작용 가능하다 가능하다 다만 쪽 부분 부분 워크샵 워크샵 활성화 활성화 덜 되어다 되어다 취향 취향 맞다 맞다 찾기 찾기 힘들다 힘들다 똑같이 똑같이 리소스 리소스 많이 많이 먹다 먹다 는걸 는걸 유명하다 유명하다 레인미터 레인미터 되다 아직 아직 갈다 갈다 길이 길이 멀다 멀다 발전 발전 가능성 가능성 매우 크기 크기 도하 도하 최적화 최적화 매우 좋다 좋다 바탕화면 바탕화면 꾸미다 꾸미다 관심 관심 있다 아무리 아무리 사양 사양 컴 가다 가다 구매 하다 것 추천 추천 하다
Wallpaper Engine,덕질 덕질 원하다 원하다 깔다 깔다 그냥 바탕화면 바탕화면 예쁘다 예쁘다 보이 보이 싶다 싶다 신분 신분 환영 환영
Wallpaper Engine,아니다 썅 프로그램 프로그램 좋다 좋다 창작 창작 마당 마당 건전하다 건전하다 찾기 찾기 왤케 왤케 힘들다 힘들다 죄다 죄다 금 뿐 망하다 망하다 놈 애니 애니 야하다 야하다 때문 원하다 원하다 거 찾기 찾기 너무 힘들다 힘들다
Wallpaper Engine,이 프로그램 프로그램 짱깨 짱깨 가득하다 가득하다 그것 혼 모노 모노 짱깨 짱깨
Wallpaper Engine,옛날 옛날 학창시절 학창시절 첫 스마트폰 스마트폰 가지 가지 배경화면 배경화면 꾸미다 꾸미다 열중 열중 하다 그때 떠올리다 떠올리다 함 딱하다 딱하다 뭐 없다 계속 계속 켜 보다 되다
Wallpaper Engine,넌 이미 이미 오타쿠 오타쿠 되어다 되어다
Wallpaper Engine,좋다 좋다 애니 애니 관련 관련 되다 만들다 만들다 정상 정상 것 좀 만들다 만들다 야동 야동 올리다 올리다 뭐 자제 자제 점
Wallpaper Engine,심심하다 심심하다 배경화면 배경화면 움직이다 움직이다 있다 바꾸다 바꾸다 좋다 좋다 소프트웨어 소프트웨어 막상 막상 그 배경화면 배경화면 깔다 깔다 하다 분 지나다 지나다 신경 신경 쓰다 쓰다 그래도 좋다 좋다
Wallpaper Engine,한낱 한낱 바탕화면 바탕화면 설정 설정 해주다 해주다 프로그램 프로그램 때문 맥 버리다 버리다 윈도우 윈도우 갈아타다 갈아타다 믿다 믿다
Wallpaper Engine,정말 좋다 좋다 듀얼모니터 듀얼모니터 따로따로 따로따로 설정 설정 가능하다 가능하다
Wallpaper Engine,이 프로그램 프로그램 사용자 사용자 비율 비율 응기 응기 이이이 이이이 잇다 잇다 배경 배경 차다 차다 예쁘다 예쁘다 걸 오 움직이다 움직이다 배경화면 배경화면 신기하다 신기하다
Wallpaper Engine,힐링 힐링 추천 추천 배경 배경 나중 괜찮다 괜찮다 거 또 발견 발견 하다 추가 추가 하다
Wallpaper Engine,원 행복 행복
Wallpaper Engine,컴퓨터 바탕화면 바탕화면 로 변경 변경 하다 움직이다 움직이다 바탕화면 바탕화면 너무 이쁘다 이쁘다 창작 창작 마당 마당 등 바탕화면 바탕화면 파일 엄청 엄청 많다 많다 진짜 진짜 최고 최고 임 모바일 모바일 연동 연동 가능하다 가능하다 모바일 모바일 바탕화면 바탕화면 가능 가능 가격 쓉 가성 가성 비
Wallpaper Engine,원 주다 주다 산 아깝다 아깝다 않다 정도 정도 멋있다 멋있다 예쁘다 예쁘다 배경 배경 엄청 엄청 많다 많다 퀄리티 퀄리티 장난 장난 아니다 없다 신분 신분 꼭 시기 시기 바 요
Wallpaper Engine,걸 산 이후 로부터 계속 계속 바탕화면 바탕화면 보다 되다
Wallpaper Engine,윈도우 윈도우 바탕화면 바탕화면 동영상 동영상 출력 출력 하다 해주다 해주다 소프트웨어 소프트웨어 스팀 배급 배급 하다 게이머 게이머 선풍 선풍 인기 인기 끌다 끌다 지금 최고 최고 인기 인기 제품 제품 스팀 창작 창작 마당 마당 통해 통해 다른 사람 만들다 만들다 것 쉬다 쉬다 구독 구독 하다 수 있다 자신 직접 직접 만들다 만들다 적용 적용 하다 수도 수도 있다 다양하다 다양하다 장르 장르 매력 매력 바탕화면 바탕화면 공유 공유 되다 있다 만족스럽다 만족스럽다 이미지 이미지 아니다 동영상 동영상 이기 이기 때문 고화질 고화질 및 기다 기다 길이 길이 동영상 동영상 바탕화면 바탕화면 설정 설정 하다 시스템 더 점유 점유 하다 되다 매우 낮다 낮다 사양 사양 라면 라면 조금 고려 고려 해보다 해보다 하다 것 다른 앱 실행 실행 거나 거나 최대 최대 화하다 화하다 작동 작동 중지 중지 하다 시스템 점유 점유 하다 않다 설정 설정 해결 해결 하다 수 있다 한편 한편 제품 제품 단점 단점 아니다 오랫동안 오랫동안 설정 설정 해 두다 두다 동영상 동영상 지겹다 지겹다 느낌 느낌 마찬가지 마찬가지 또한 동영상 동영상 므 사고 사고 생각 궁리 궁리 함 나 집중 집중 방해 방해 되다 때 있다 그래서 나 가끔 가끔 사용 사용 곤 하다 로 일상 일상 활 줄 수 있다 간단하다 간단하다 소프트웨어 소프트웨어 로써 추천 추천 하다
Wallpaper Engine,현재 현재 스팀 아주 유명하다 유명하다 소프트웨어 소프트웨어 웰 페이퍼 페이퍼 엔진 엔진 예전 예전 스트리머 스트리머 들이다 들이다 이 소프트웨어 소프트웨어 대한 주제 주제 평가 평가 많이 많이 해오다 해오다 사람 부터 배경화면 배경화면 꾸미다 꾸미다 좋다 좋다 프로그램 프로그램 소문나다 소문나다 유명하다 유명하다 이 프로그램 프로그램 구매 하다 말 결정 결정 하다 당신 현재 현재 이 평가 평가 보고 있다 결론 결론 말 하다 일단 흥미롭다 흥미롭다 배경 배경 많다 많다 종류 종류 굉장하다 굉장하다 많다 많다 문제 문제 배경화면 배경화면 장르 장르 애니메이션 애니메이션 집중 집중 되어다 되어다 있다 뭐 당신 씹덕 씹덕 거나 거나 취미 취미 맞다 맞다 상관없다 상관없다 애니 애니 대한 관심 관심 없다 싫어하다 싫어하다 다른 배경 배경 찾기 찾기 좀 힘들다 힘들다 그래도 상관없다 상관없다 이 프로그램 프로그램 구매 는걸 는걸 추천 추천 하다 제발 제발 야하다 야하다 좀 려
Wallpaper Engine,도전 도전 과제 과제 아니메 아니메 필터 필터 빼다 빼다 보다 멋지다 멋지다 배경화면 배경화면
Wallpaper Engine,프로그램 프로그램 자체 자체 훌륭하다 훌륭하다 창작 창작 마당 마당 관리 관리 필요하다 필요하다 그렇다 씹덕 씹덕 니 취향 취향 존중 존중 하다 창작 창작 마당 마당 들어가다 들어가다 페이지 페이지 넘어가다 넘어가다 애니 애니 캐릭터 캐릭터 떡칠 떡칠 되어다 되어다 보다 걸 원하다 원하다 않다 유저 얼마나 거부 거부 감 들다 들다 아니다 거 가지 가지 얘기 얘기 하다 취존 취존 취존 취존 취존 취존 말 불쾌하다 불쾌하다 빼애 빼애 애액 거리 거리 개 지랄 뜨다 뜨다 그렇다 애초 애초 프로그램 프로그램 이름 이름 여야 여야 제발 제발 좆 아니다 논리 논리 가지 가지 자기 주장 주장 합리화 합리화 시키다 좀 하다 말 니 존나 한심하다 한심하다 아니다 아니다 태어나다 태어나다 스팀 창작 창작 마당 마당 들어가다 들어가다 기분 기분 더럽다 더럽다 처음 처음
Wallpaper Engine,거 배경화면 배경화면 켜다 켜다 멍 때리다 때리다 힐링 힐링 음악 음악 듣다 듣다 그러면 시간 금방 금방 지나 지나 처음 처음 걸 왜삼 왜삼 하다 수 있다 사고 사고 나선 나선 하다 환불 다시 사다 사다 되다 이상하다 이상하다 비록 저 조금 하다 그 짧다 짧다 시간 동안 재밌다 재밌다 정말 좋다 좋다 연령 연령 설정 설정 하다 두다 두다 카테고리 카테고리 자다 자다 고르다 고르다 되다
Wallpaper Engine,앞서 앞서 해보다 해보다 오류 오류 나서다 나서다 프로그램 프로그램 종료 종료 되어다 되어다 도전 도전 과제 과제 달 성함 성함
Wallpaper Engine,바탕화면 바탕화면 움직 움직 소리 소리 들리다 들리다 것 자체 자체 혁명 혁명 너무 신기하다 신기하다 나머지 나머지 더 좋다 좋다 바탕화면 바탕화면 있다 찾아보다 찾아보다 열의 열의 아홉 씹다 씹다 뜨다 뜨다 억 사진 사진 도배 도배 되어다 되어다 창작 창작 마당 마당 씹다 씹다 뜨다 뜨다 마당 마당 만들다 만들다 덕후 덕후 당신 도대체 도대체
Wallpaper Engine,매일 매일 자동 자동 실행 실행 되다 악성 악성 프로그램 프로그램 이다 물론 수동 수동 거의 매일 매일 실행 실행 이다
Wallpaper Engine,별로 별로 안 먹다 먹다 충분하다 충분하다 가치 가치 있다 프로그램 프로그램
Wallpaper Engine,원만 원만 투자 투자 하다 도나 도나 깔다 깔다 쌈 배경화면 배경화면 사용 사용 하다 수 있다 자다 자다 만들다 만들다 창작 창작 마당 마당 들어가다 들어가다 보다 흠칫 흠칫 하다 되다 많다 많다 자다 자다 고르다 고르다 사용 사용 하다 바람 바람
Wallpaper Engine,단 돈 원 내 바탕화면 바탕화면 무수 무수 히 많다 많다 예쁘다 예쁘다 배경 배경 화면 화면 하다 수 있다 커피 커피 잔 값 평생 평생 동안 내 컴퓨터 배경 배경 화면 화면 알록달록 알록달록 거나 거나 멋지다 멋지다 예쁘다 예쁘다 귀엽다 귀엽다 아름답다 아름답다 등등 다양하다 다양하다 꾸미다 꾸미다 수 있다 전혀 전혀 돈 아깝다 아깝다 않다 물론 주로 주로 다른 화면 화면 띄우다 띄우다 놓다 놓다 배경 배경 화면 화면 바라보다 바라보다 시간 우리 컴퓨터 하다 시간 도 채 안 되다 것 컴퓨터 켜다 켜다 반기다 반기다 나 예쁘다 예쁘다 배경화면 배경화면 보다 기분 기분 좋다 좋다
Wallpaper Engine,년 월 일 기준 기준 성함 성함 씹다 씹다 뜨다 뜨다 억 요소 요소 창작 창작 마당 마당 지배 지배 것 처럼 보이 보이 막상 막상 살펴보다 살펴보다 그렇다 않다 평범하다 평범하다 바탕화면 바탕화면 많다 많다 비다 비다 배경화면 배경화면 쵝오 쵝오 창작 창작 마당 마당 들어가다 들어가다 오른쪽 오른쪽 보다 유형 유형 나오다 나오다 애니 애니 매가 매가 보기 싫다 싫다 거기 거기 필터 필터 링 하다 애니 애니 매다 매다 빼다 빼다 보다 괜춘 괜춘 하다 애니매이션 애니매이션 요소 요소 작품 작품 더럽다 더럽다 많다 많다
Wallpaper Engine,과거 과거 윈도우즈 윈도우즈 비스타 비스타 이다 있다 드림씬 드림씬 진보 진보 되다 제품 제품 보다 되다 그냥 점심 점심 끼값 끼값 투자 투자 하다 생각 무조건 무조건 사다 사다 권하다 권하다
Wallpaper Engine,거 보다 구매 느낌 느낌 들다 들다
Wallpaper Engine,좋다 좋다 다해 다해 사다 사다 내 원하다 원하다 분위기 분위기 찾다 찾다 없다 용소 용소 점령 점령 당하다 당하다 특히 특히 짱깨 짱깨 이상 애니메이션 애니메이션 같다 느낌 느낌 나다 나다 게다가 노출증 노출증 구독 구독 먹다 먹다 살다 살다 좀 부적절하다 부적절하다 썸네일 썸네일 자기 만들다 만들다 영상 영상 바탕화면 바탕화면 쓸다 쓸다 있다 최고 최고 장점 장점 있다 대부분 대부분 애니 애니 불편하다 불편하다 자기 전문 전문 애니메이터 애니메이터 던 만들다 만들다 쓸다 쓸다 아니다 비추다 비추다 초 이 앱 산 다운 다운 목적 목적 암 어딜 어딜 가든 가든 무료 무료 라이브 라이브 배경화면 배경화면 파다 파다
Wallpaper Engine,사양 사양 좋다 좋다 오타쿠 오타쿠 새끼 많이 많이 설치다 설치다
Wallpaper Engine,다양하다 다양하다 움직이다 움직이다 바탕화면 바탕화면 거 키 컴터 컴터 무리 무리 되다 게임 돌리지 돌리지 말다 말다 조금 차이 차이 느껴지다 느껴지다
Wallpaper Engine,제발 제발 망하다 망하다 오타쿠 오타쿠 배경 배경 좀 필터 필터 거 수 있다 해주다 해주다 그것 되다 프로그램 프로그램 인정 인정 인정 인정 또 인정 인정 하다
Wallpaper Engine,나다 나다 일본 일본 애니좋아 애니좋아 만화 만화 좋아하다 좋아하다 타쿠 타쿠 여기 올라오다 올라오다 것 너무 야하다 야하다 심하다 심하다 들이다 들이다 넘치다 넘치다 것 같다 그래도 이 프로그램 프로그램 자체 자체 좋다 좋다 추천 추천
Wallpaper Engine,맞춤 맞춤 배경화면 배경화면 거기 거기 움직이다 움직이다 효과 효과 덤 이다 씹덕 씹덕 문제 문제 그나마 그나마 유 분리 분리 시스템 넣다 넣다 놓다 놓다 이전 이전 모든 모든 분류 분류 모든 모든 배경 배경 씹덕 씹덕 것 아니다 제발 제발 씹덕 씹덕 씹덕 씹덕 태그 태그 올리다 올리다 왜 자동차 자동차 씹덕 씹덕 넣다 넣다 지랄
Wallpaper Engine,바탕화면 바탕화면 비 내리다 내리다 하다 구매 이렇다 이렇다 게 있다 줄 모르다 모르다 안 살다 살다 유저 있다 있다 거 알다 알다 안 살다 살다 유저 없다 듯 제 그렇다 근데 근데 창작 창작 마당 마당 보다 덕 너무 많이 많이 쌓다 쌓다 받다 받다 싶다 싶다 바탕화면 바탕화면 검색 검색 하다 늘다 늘다 일본 일본 애니메이션 애니메이션 뜨다 뜨다 비 내리다 내리다 바탕화면 바탕화면 좀 많이 많이 올라오다 올라오다 좋다 좋다
Wallpaper Engine,예전 예전 나아지다 나아지다 여전하다 여전하다 창작 창작 마당 마당 수준 수준 막장 막장 아니메 아니메 태그 태그 제외 제외 하다 아니메 아니메 여캐 여캐 이르다 적히다 적히다 화면 화면 정말 흔하다 흔하다 볼 수 있다 그렇다 상황 상황 이렇다 이렇다 것 적응 적응 안되다 있다 유저 창작 창작 마당 마당 들어가다 들어가다 거 자체 자체 고통스럽다 고통스럽다 예전 예전 훨씬 심하다 심하다 제발 제발 올리다 올리다 구분 구분 좀 하다 올리다 올리다 볼때 볼때 토 나오다 나오다
Wallpaper Engine,그 어디 있다 어디 없다 이 씨팔 씹덕 씹덕 새끼
Wallpaper Engine,네 좋다 좋다
Wallpaper Engine,최고 최고 이다 바탕화면 바탕화면 마음대로 꾸미다 꾸미다 수 있다 해주다 해주다 소프트웨어 소프트웨어 이다 자신 취향 취향 따르다 따르다 바탕화면 바탕화면 사용 사용 하다
Wallpaper Engine,이 뭐 정상인 정상인 없다 같다 또 새끼 삐 끄다 끄다 미치다 새끼 성욕 성욕 여기 푸네 푸네 더럽다 더럽다 씹덕 씹덕 새끼 쓰레기통 쓰레기통 정자 정자 겁나다 겁나다 많다 많다 그냥 노래 노래 틀 노래 노래 맞추다 맞추다 짝 대기 대기 움직이다 움직이다 쓸랬는데 쓸랬는데 눈 버리다 버리다 스팀 냄새 냄새 늘다 늘다 같다 노래 노래 틀때 틀때 짝 대기 대기 움직이다 움직이다 좋다 좋다 그 외 별거 별거 많다 많다 나 로고 로고 가다 가다 움직이다 움직이다 뭐 그렇다 잡다하다 잡다하다 많다 많다 유튜브 유튜브 영상 영상 반응 반응 함 오다 오다
Wallpaper Engine,이쁘다 이쁘다 너무 이쁘다 이쁘다 배경화면 배경화면 꾸미다 꾸미다 좋다 좋다 너무 애니 애니 가득하다 가득하다 아쉬움 아쉬움 처음 처음 몇개 몇개 건지다 건지다 외 애니 애니 외한 외한 건 보이지 보이지 않다
Wallpaper Engine,제 사용 사용 해보다 해보다 결과 결과 애니메이션 애니메이션 청 많이 많이 나오다 나오다 그래서 나쁘다 나쁘다 그건 그건 아니다 것 같다 우선 배경화면 배경화면 움직이다 움직이다 처음 처음 사용 사용 하다 때 배경화면 배경화면 움직이다 움직이다 변형 변형 되다 건 꿈 상상 상상 하다 그것 가능 가능 케 하다 노래 노래 들다 들다 때 비질 비질 나 배경 배경 모자 모자 라선 라선 노래 노래 틀어주다 틀어주다 배경 배경 마우스 마우스 커서 커서 따르다 따르다 조금씩 조금씩 변형 변형 하다 배경 배경 화면 화면 나오다 나오다
Wallpaper Engine,외 그래픽 그래픽 사용 사용 하다 충분하다 충분하다 돌리다 돌리다 있다 를 사용 사용 하다 노트북 노트북 그래픽 그래픽 점유 점유 율 대략 대략 먹다 먹다 전력 전력 소모 소모 정도 정도 있다 데탑 데탑 사용 사용 하다 바람 바람
Wallpaper Engine,혼 모노 모노 배경화면 배경화면 자다 자다 피하 피하 아주 고퀼 고퀼 배경화면 배경화면 얻다 얻다 수 있다 거 같다
Wallpaper Engine,워크샵 워크샵 가량 가량 씹다 씹다 뜨다 뜨다 물 가득하다 가득하다 씹다 씹다 뜨다 뜨다 억이 억이 아니다 일반인 일반인 워크샵 워크샵 오다 오다 항목 항목 걸다 걸다 시기 시기 바라다 바라다 이 둘 제외 제외 항 목도 목도 그 점령 점령 당하다 당하다 마찬가지 마찬가지 그 일반인 일반인 즐기다 즐기다 있다 만 항목 항목 많이 많이 있다
Wallpaper Engine,바탕화면 바탕화면 꾸다 꾸다 미기 미기 정말 좋다 좋다 소프트웨어 소프트웨어 이다 다른 평가 평가 많이 많이 말 하다 덕후 덕후 용 혹은 인 바탕화면 바탕화면 압도 압도 많다 많다 움직이다 움직이다 잔잔하다 잔잔하다 풍경 풍경 시계 시계 음악 음악 따르다 따르다 움직이다 움직이다 오디오 오디오 비쥬 비쥬 어르다 어르다 등 애니메이션 애니메이션 및 특정 특정 게임 바탕화면 바탕화면 이외 이외 것 의외로 의외로 건지다 건지다 많다 많다 덕분 덕분 질리다 질리다 때 마다 마다 바꾸다 바꾸다 재미 재미 있다 취향 취향 차이 차이 겠다 개인 개인 풍경 풍경 좋아하다 좋아하다 제 가장 오래 오래 사용 사용 하다 바탕화면 바탕화면 등 있다
Wallpaper Engine,이 소프트웨어 소프트웨어 저 인생 인생 다시 되돌아보다 되돌아보다 계기 계기 되어다 되어다 몇 년 전 저 스마트폰 스마트폰 배경화면 배경화면 자동 자동 동영상 동영상 재생 재생 되다 애플리케이션 애플리케이션 생기다 생기다 좋다 좋다 생각 적 있다 그렇다 중 며칠 며칠 뒤 동영상 동영상 재생 재생 되다 애플리케이션 애플리케이션 찾다 찾다 스마트폰 스마트폰 배경화면 배경화면 움직 움직 소리 소리 나오다 나오다 않다 소리 소리 안 나오다 나오다 하다 동영상 동영상 배경화면 배경화면 설정 설정 하다 수 있다 게 기쁘다 기쁘다 그 기쁨 기쁨 다시 찾아오다 찾아오다 줄 누가 알다 알다 죽다 죽다 여한 여한 없다 말 싶다 싶다 그것 살아가다 살아가다 희망 희망 안기다 안기다 정도 정도 인생 인생 산 기분 기분 이군 이군
Wallpaper Engine,스팀 소프트웨어 소프트웨어 중 가장 저렴하다 저렴하다 가치 가치 있다 소프트웨어 소프트웨어 생각 하다 한국어 한국어 추가 추가 평생 평생 무료 무료 창작 창작 마당 마당 모든 모든 이용 이용 가능 가능 다양하다 다양하다 주제 주제 바탕화면 바탕화면 나볼 나볼 수 있다 살다 살다 바탕화면 바탕화면 만날 만날 수 있다 점 이 소프트웨어 소프트웨어 최고 최고 말 싶다 싶다 애니메이션 애니메이션 장르 장르 많다 많다 것 부정 부정 하다 순 없다 그게 무엇 가치 가치 있다 않다 근데 근데 프레임 프레임 저하 저하 있다 건 확실하다 확실하다 보이다 보이다 난 이 제품 제품 추천 추천 하다
Wallpaper Engine,월 페이퍼 페이퍼 없다 모니터 모니터 볼 맛 나다 나다 조금 선정 선정 것 있다 태그 태그 피 하다 있다 때문 매우 추천 추천 씹덕 씹덕 라면 라면 필수 필수
Wallpaper Engine,트렌디 트렌디 하다 컴퓨터 꾸미다 꾸미다 방법 방법 하나 좋다 좋다 메모리 메모리 부족하다 부족하다 컴퓨터 비추다 비추다
Wallpaper Engine,갓 프로그램 프로그램 컴퓨터 화면 화면 꾸미다 꾸미다 걸 좋아하다 좋아하다 움직이다 움직이다 바탕화면 바탕화면 사용 사용 싶다 싶다 꼭 추천 추천
Wallpaper Engine,다 좋다 좋다 풍경 풍경 칸 풍경 풍경 올리다 올리다 애니 애니 칸 애니 애니 올리다 올리다 바다 바다 계곡 계곡 배경 배경 찾기 찾기 너무 어려움 어려움 니 좋다 좋다 태그 태그 맞다 맞다 않다 배경 배경 너무 많다 많다
Wallpaper Engine,밈 관련 관련 되다 배경화면 배경화면 많다 많다 좋다 좋다 애니 애니 관련 관련 되다 배경화면 배경화면 엄청 엄청 많다 많다 보다 힐링 힐링 되다 배경화면 배경화면 등등 종류 종류 엄청 엄청 많다 많다 다양하다 다양하다 쓸다 쓸다 수 있다 프로그램 프로그램
Wallpaper Engine,만 웰 페이퍼 페이퍼 엔진 엔진 창작 창작 마당 마당 둘러보다 둘러보다 하다 무슨 야동 야동 치다 치다 나오다 나오다 개도 개도 아니다 너무 관리 관리 하다 골 보다 되다 늘다 늘다 해도 야동 야동 배경화면 배경화면 하다
Wallpaper Engine,씹덕 씹덕 바탕화면 바탕화면 쓰다 쓰다 컴집 컴집 컴퓨터 맡기다 맡기다 때 당하다 당하다 그 수치 수치 알다 알다 견디다 견디다 씨 이발 이발 년 돌아가다 돌아가다
Wallpaper Engine,다크 다크 소울 소울 화방 화방 녀 언니 언니 예쁘다 예쁘다 하다 천원 천원 주다 주다 깔다 깔다 천원 천원 값 하다 개이득 개이득
Wallpaper Engine,혼 모노 모노 엔진 엔진 임 씹덕 씹덕 새끼 아니다 사다 사다 추천 추천 함 인기 인기 순위 순위 보다 정상 정상 바탕화면 바탕화면 없다
Wallpaper Engine,바탕화면 바탕화면 변경 변경 해주다 해주다 유틸리티 유틸리티 이다 저 사양 사양 컴퓨터 게임 많이 많이 하다 때문 불필요하다 불필요하다 시스템 자원 자원 먹다 먹다 윈도우 윈도우 꾸미다 꾸미다 유틸 유틸 거의 안 쓰다 쓰다 이 월 페이퍼 페이퍼 엔진 엔진 그렇다 걱정 걱정 하다 필요 필요 없다 기본 기본 상당하다 상당하다 가볍다 가볍다 것 같다 특히 특히 다른 어플리케이션 어플리케이션 동작 동작 전체 전체 창 모드 모드 전체 전체 화면 화면 인지 인지 소리 소리 나다 나다 등 구분 구분 하다 어떻다 어떻다 대응 대응 하다 세다 세다 설정 설정 가능하다 가능하다 특히 특히 창작 창작 마당 마당 지원 지원 하다 스팀 굉장하다 굉장하다 많다 많다 유저 작품 작품 있다 것 크다 크다 힘 되다
Wallpaper Engine,줄평 줄평 것 내 삶 윤택 윤택 압도 압도 감사 감사 소프트웨어 소프트웨어 가성 가성 비 다양성 다양성 만족도 만족도 플레이 윈도우 윈도우 시작 시작 프로그램 프로그램 한글화 한글화
Wallpaper Engine,별거 별거 아니다 화분 화분 나다 나다 모르다 모르다 공기 공기 정화 정화 시키다 브금 브금 나오다 나오다 우주 우주 배경화면 배경화면 설정 설정 하다 컴 킬때 킬때 나다 나다 모르다 모르다 마음 마음 정화 정화 되다
Wallpaper Engine,정말 좋다 좋다 작품 작품 들이다 들이다 읍 다 킬때 킬때 엄마 엄마 있다 보다 야하다 야하다
Wallpaper Engine,배경화면 배경화면 재생 재생 목록 목록 기능 기능 업데이트 업데이트 것 완벽하다 완벽하다
Wallpaper Engine,씹덕 씹덕 장악 장악 함 인기 인기 순 정렬 정렬 하다 때 꼭 아니메 아니메 카테고리 카테고리 끄다 끄다 추천 추천 하다
Wallpaper Engine,이 프로그램 프로그램 정말 유용하다 유용하다 기능 기능 있다 바탕화면 바탕화면 저스틴 저스틴 비버 비버 뮤직비디오 뮤직비디오 설정 설정 하다 두다 두다 컴퓨터 중독 중독 바로 벗어나다 벗어나다 수 있다 저 컴퓨터 중독 중독 때문 고민 고민 하다 저스틴 저스틴 비버 비버 동영상 동영상 바탕화면 바탕화면 설정 설정 하다 두 바로 치료 치료 되다 이번 설 사촌동생 사촌동생 집 가다 가다 사촌동생 사촌동생 컴퓨터 설치 설치 하다 수정 수정 컴퓨터 중독 중독 치료 치료 되다 줄 알다 알다 제 저스틴 저스틴 비버 비버 팬 되어다 되어다 버리다 버리다
Wallpaper Engine,기존 기존 밋밋하다 밋밋하다 바탕화면 바탕화면 아니다 영상 영상 되다 바탕화면 바탕화면 원하다 원하다 분 추천 추천 하다 소프트웨어 소프트웨어 폐쇄적 폐쇄적 가지 가지 바탕화면 바탕화면 사용 사용 하다 아니다 창작 창작 마당 마당 또는 또는 편집 편집 또는 또는 제작 제작 영상 영상 이용 이용 하다 바탕화면 바탕화면 설정 설정 가능하다 가능하다 심지어 영상 영상 내 소리 소리 출력 출력 음량 음량 조절 조절 가능 가능 가능하다 가능하다 이면 이면 매우 만족하다 만족하다 좋다 좋다 소프트웨어 소프트웨어 아니다 싶다 싶다
Wallpaper Engine,덕 성지 성지 아니메 아니메 여성 여성 이렇다 이렇다 태그 태그 빼다 빼다 보다 덕 들이다 들이다 많다 많다 그래도 쓸다 쓸다 함
Wallpaper Engine,이쁘다 이쁘다 멋지다 멋지다 좋다 좋다 덕질 덕질 하다 좋다 좋다 것 명 심해 심해 등 뒤 조심하다 조심하다
Wallpaper Engine,우리 같다 오타쿠 오타쿠 더 비싸다 비싸다 구매 하다
Wallpaper Engine,카테고리 카테고리 동물 동물 우주 우주 게임 어디 가도 가도 씹덕 씹덕 애니 애니 사진 사진 항상 항상 있다 왜 이다
Wallpaper Engine,연예인 연예인 사진 사진 배경화면 배경화면 하다 씹덕 씹덕 인증 인증 싶다 싶다 않다 게임 내 즐 찾다 찾다 게 왜 스팀 활동 활동 뜨다 뜨다
Wallpaper Engine,월 페이퍼 페이퍼 엔진 엔진 정말 좋다 좋다 처음 처음 친구 친구 추천 추천 하다 땐 무슨 오타쿠 오타쿠 전용 전용 바탕화면 바탕화면 꾸미다 꾸미다 프로그램 프로그램 생각 하다 장르 장르 필터 필터 꽤 자다 자다 구성 구성 되어다 되어다 있다 생각 창작물 창작물 다양하다 다양하다 분류 분류 되어다 되어다 있다 저 같다 경우 경우 사이버펑크 사이버펑크 분위기 분위기 배경화면 배경화면 좋아하다 좋아하다 일반 일반 웹사이트 웹사이트 하나 받다 받다 때 보다 배경 배경 역 적 퀄리티 퀄리티 있다 정말 만족하다 만족하다 있다 매번 인터넷 인터넷 찾다 찾다 받다 받다 배경화면 배경화면 질리다 질리다 귀찮다 귀찮다 분 추천 추천 드리다 드리다
Wallpaper Engine,굉장하다 굉장하다 맘 들다 들다 아트워크 아트워크 씹다 씹다 뜨다 뜨다 억 싸지르다 싸지르다 보이지 보이지 않다
Wallpaper Engine,멋지다 멋지다 배경화면 배경화면 많다 많다 것 기대하다 기대하다 사다 사다 현실 현실 씹덕 씹덕 미쿠 미쿠 바탕화면 바탕화면 천지 천지 이다 하다
Wallpaper Engine,영상 영상 바탕화면 바탕화면 사용 사용 하다 수 있다 거 정말 혁신 혁신 적다 적다
Wallpaper Engine,노트북 노트북 바꾸다 바꾸다 늘다 늘다 다시 살아나다 살아나다 이 프로그램 프로그램 제대로 사용 사용 하다 수 있다 돼다 돼다 남 다른 배경화면 배경화면 가지 가지 싶다 싶다 꼭 사다 사다 프로그램 프로그램
Wallpaper Engine,처음 처음 사고 사고 들어가다 들어가다 느끼다 느끼다 오다 오다 찌다 찌다 따다 따다 들다 들다 집합소 집합소 는걸 는걸 느끼다 느끼다 해주다 해주다 분명 분명 에디터 에디터 기능 기능 포르노 포르노 그렇다 피 알몸 알몸 규제 규제 하다 그렇다 당당하다 당당하다 돌아다니다 돌아다니다 여캐 여캐 나체 나체 그림 그림 영자 영자 일 하다 건지다 건지다 스팀 일 하다 건지다 건지다 결론 결론
Wallpaper Engine,킹 개 에픽 에픽 레전더 레전더 리 유니크 유니크 로얄 로얄 엠페러 엠페러 충무공 충무공 제너럴 제너럴 마제 마제 스티 스티 상전 상전 상감 상감 마마 마마 수령 수령 두목 두목 프레지던트 프레지던트 자장면 자장면 추가 추가 마르다 마르다 탕 당면 당면 추가열 추가열 라면 라면 순두부 순두부 넣기 넣기 불닭 불닭 볶음 볶음 컵 전자레인지 전자레인지 새다 새다 엔더 엔더 드래곤 드래곤
Wallpaper Engine,누구 있다 다른 누구 보여주다 보여주다 않다 자신 배경화면 배경화면
Wallpaper Engine,몇 이상하다 이상하다 변태 변태 빼다 빼다 완벽하다 완벽하다
Wallpaper Engine,사용자 사용자 증가 증가 하다 자료 자료 한없이 한없이 늘어나다 늘어나다 창작 창작 마당 마당 특성 특성 적극 적극 자다 자다 활용 활용 예시 예시
Wallpaper Engine,원 아깝다 아깝다 사람 위 해결 해결 법 월 페이퍼 페이퍼 엔진 엔진 환불 하다 여전하다 여전하다 남다 남다 정상 정상 작동 작동 하다 단 한가지 한가지 빼다 빼다 창작 창작 마당 마당 창작 창작 마당 마당 사용 사용 하다 의미 의미 없다 아니다 하다 따로 따로 워크샵 워크샵 다운 다운 로더 로더 파일 다운 다운 받다 받다 적용 적용 시키다 법도 법도 있다 그냥 환불 전 마음 마음 들다 들다 잔뜩 잔뜩 다운 다운 받다 받다 편하다 편하다 꼬우 꼬우 그냥 환불 하다 말다 말다 계세 계세
Wallpaper Engine,오다 오다 진심 진심 이건 이건 미치다 제 개인 개인 바탕화면 바탕화면 신경 신경 많이 많이 쓰다 쓰다 그렇다 저 이 월 페이퍼 페이퍼 엔진 엔진 하나 꽃 요 월 페이퍼 페이퍼 엔진 엔진 살다 살다 것 그것 원 하다 수 있다 제일 제일 의미 의미 있다 행동 행동
Wallpaper Engine,밥 도둑 도둑 개 지리다 지리다
Wallpaper Engine,바탕화면 바탕화면 변경 변경 해주다 해주다 프로그램 프로그램 바탕화면 바탕화면 음악 음악 나오다 나오다 움직이다 움직이다 게 거나 거나 유니티 유니티 제작 제작 되다 간단하다 간단하다 게임 상호작용 상호작용 하다 수 있다 하다 프로그램 프로그램 이다 창작 창작 마당 마당 통해 통해 많다 많다 사람 올리다 올리다 퀄리티 퀄리티 좋다 좋다 화면 화면 바탕화면 바탕화면 이용 이용 하다 수 있다 꾸미다 꾸미다 기르다 기르다 좋아하다 좋아하다 필수 필수 가깝다 가깝다 프로그램 프로그램
Wallpaper Engine,경고 경고 이미 이미 혼 모노 모노 녀석 녀석 점령 점령 소프트웨어 소프트웨어 창작 창작 마당 마당 정글 정글 안 수많다 수많다 오타쿠 오타쿠 바탕화면 바탕화면 피해 피해 정상 정상 바탕화면 바탕화면 찾다 찾다 용다 용다 소프트웨어 소프트웨어 구매 권장 권장 하다
Wallpaper Engine,혜자 혜자 배경화면 배경화면 퍼주 퍼주 데 여 기르다 기르다
Wallpaper Engine,다 좋다 좋다 컴 안좋다 안좋다 버벅거릴때 버벅거릴때 있다 씹드억 씹드억 용이 용이 많다 많다 금 만들다 만들다 개돼지 개돼지 다 뒈지다 뒈지다 좋다 좋다 금 배경화면 배경화면 보다 구독 구독 하다 신고 신고 하다 배경화면 배경화면 제작 제작 규정 규정 금 배경화면 배경화면 제작 제작 금지 금지 임 불구 불구 제작 제작 하다 또 라이 라이 들이다 들이다 개돼지 개돼지 신고 신고 먹다 먹다 보다 정신 정신 차리다 차리다
Wallpaper Engine,카툰 카툰 검색 검색 하다 아니메 아니메 더 많이 많이 뜨다 뜨다 경우 경우
Wallpaper Engine,걸 사다 사다 그렇다 아직 아직 스팀 하다 바탕화면 바탕화면 고화질 고화질 이쁘다 이쁘다 멋있다 멋있다 꼭 사다 사다
Wallpaper Engine,덕질 덕질 하다 깔다 깔다 않다 괜찮다 괜찮다 배경화면 배경화면 많다 많다 개인 개인 거 사다 사다 굉장하다 굉장하다 만족하다 만족하다
Wallpaper Engine,워패 워패 이다 처음 처음 나오다 나오다 때 그 트위치 트위치 하다 분 추천 추천 받다 받다 넣다 넣다 보다 움직이다 움직이다 배경화면 배경화면 도 프레임 프레임 부드럽다 부드럽다 고택 고택 스치다 스치다 가능하다 가능하다 하다 연 라이브 라이브 도 호환 호환 가능하다 가능하다 한글 한글 검은색 검은색 태마 태마 같다 것 가능하다 가능하다 유튜버 유튜버 방송 방송 하다 분 추천 추천 드리다 드리다 배경 배경 만들다 만들다 걸 모르다 모르다 하다 저 뎃글 뎃글 달 주시 주시 되다 음악 음악 디 맨션 맨션 뭐 등등하다 등등하다 여러가지 여러가지 만들다 만들다 하다 움직이다 움직이다 것 만들다 만들다 걸 돈 버 사람 있다 하다 위주 위주 필요하다 필요하다 모르다 모르다 분 언제 불다 불다
Wallpaper Engine,아마 스팀 폰 허다 허다 포지션 포지션 잡다 잡다 프로그램 프로그램 이다 창작 창작 마당 마당 좋다 좋다 거 구독 구독 하다 로컬 로컬 대보 대보 빠르다 빠르다 받다 받다 줌 즐겨찾기 즐겨찾기 하다 활동 활동 창 띄우다 띄우다 수 있다 밸브 밸브 호스팅 호스팅 하다 폰 허다 허다 수준 수준 이리 이리 좋다 좋다 걸 왜 안 살다 살다 거임 거임
Wallpaper Engine,일단 돈값 돈값 하다 몇 안되다 게임 게임 하다 프로그램 프로그램 더 가깝다 가깝다 하여튼 하여튼 돈값 돈값 하다 간혹 간혹 가다가 가다가 컴퓨터 켜 두다 두다 일 하다 때 본인 본인 재미없다 재미없다 바탕화면 바탕화면 나오다 나오다 걸 사면 사면 새롭다 새롭다 걸 경험 경험 하다 되다
Wallpaper Engine,창작 창작 마당 마당 관리 관리 시급하다 시급하다 자연 자연 배경 배경 찾다 찾다 해도 어딜 어딜 가나 가나 애니 애니 캐릭터 캐릭터 존재 존재 함 애니 애니 캐릭터 캐릭터 좋아하다 좋아하다 내 알 바 아니다 중복 중복 하나 계속 계속 보이다 보이다 있다 심지어 인물 인물 존재 존재 함 평범하다 평범하다 게임 배경 배경 또는 또는 눈 정화 정화 되다 배경 배경 흙속 흙속 다이아몬드 다이아몬드 찾다 찾다 일일 일일 히 찾다 찾다 야하다 야하다 소프트웨어 소프트웨어 자체 자체 너무 좋다 좋다 오다 오다 것 돼다 돼다 말 나오다 나오다 정도 정도 신기다 신기다 문제 문제 이용 이용 하다 유저 자신 애니 애니 캐릭터 캐릭터 좋아하다 좋아하다 추천 추천 애니 애니 캐릭터 캐릭터 별로 별로 관심 관심 없다 고려 고려 해보다 해보다 함 지금 문제 문제 조금 나아지다 나아지다 있다 나오다 나오다 만 애니 애니 캐릭터 캐릭터 거의 다나 다나 오다 오다 떄문 떄문 최신 최신 글 애니 애니 캐릭터 캐릭터 비중 비중 줄 있다 상태 상태 판단 판단 당신 몫 소프트웨어 소프트웨어 커뮤니티 커뮤니티 창작 창작 마당 마당 등
Wallpaper Engine,분 해보다 해보다 추천 추천 누르다 누르다 하다 분 이상은 이상은 하다 하다 하다 분 하다 남기다 남기다 대부분 대부분 배경화면 배경화면 여기저기 여기저기 퍼온 퍼온 일러스트 일러스트 사진 사진 위 효과 효과 덮다 덮다 씌우다 씌우다 얌체 얌체 족 의하다 의하다 만들어지다 만들어지다 그 사이 사이 비 집다 집다 오다 오다 능력자 능력자 배경화면 배경화면 다운 다운 받다 받다
Wallpaper Engine,
Wallpaper Engine,내 라이브러리 뜨다 뜨다 가요 가요
Wallpaper Engine,프로그램 프로그램 자체 자체 좋다 좋다 창작 창작 마당 마당 중국어 중국어 너무 많다 많다 읽다 읽다 힘들다 힘들다
Wallpaper Engine,정말 잘쓰다 잘쓰다 삶 질 높이다 높이다
Wallpaper Engine,정말 좋다 좋다 나 갑자기 검색 검색 하다 나오다 나오다 배경화면 배경화면 줄어들다 줄어들다 나 런가 런가
Wallpaper Engine,처음 처음 반신반의 반신반의 높다 높다 명성 명성 인기 인기 너무 좋다 좋다 가격 착하다 착하다 받다 받다 보다 신세계 신세계 경험 경험 하다 더 이상 따라오다 따라오다 프로그램 프로그램 없다
Wallpaper Engine,배경 배경 하다 바꾸다 바꾸다 있다
Wallpaper Engine,한번 지기 지기 시작 시작 하다 멈추다 멈추다 없다 정말 재밌다 재밌다 다만 좀 시간 지나다 지나다 내 바탕화면 바탕화면 이렇게 보다 느끼다 느끼다 되다
Wallpaper Engine,요구 요구 되다 사람 움직이다 움직이다 바탕화면 바탕화면 정말 취향 취향 거나 거나 필요하다 필요하다 사람 지금 당장 돈 쓸다 쓸다 없다 사람 자신 원하다 원하다 바탕화면 바탕화면 만들다 만들다 하다 사람 움직이다 움직이다 바탕화면 바탕화면 이르다 창작 창작 마당 마당 들어가다 들어가다 보고 실망하다 실망하다 사람 중요하다 중요하다 바탕화면 바탕화면 미연시 미연시 같다 것 기대하다 기대하다 사람
Wallpaper Engine,기능 기능 오버 오버 페이 페이 하다 정도 정도 좋다 좋다 또 가격 대비 대비 효율 효율 좋다 좋다 막상 막상 화면 화면 설정 설정 려고 려고 창작 창작 마당 마당 들어가다 들어가다 미쿠 미쿠 땅 페이지 페이지 있다 같다
Wallpaper Engine,하다 번 설치 설치 하다 를 켜다 켜다 때 자동 자동 시작 시작 돼다 돼다 좋다 좋다 커뮤니티 커뮤니티 활성화 활성화 되어다 되어다 있다 좋다 좋다 바탕화면 바탕화면 많이 많이 올라오다 올라오다 것 좋다 좋다 스팀 있다 바탕화면 바탕화면 프로그램 프로그램 중 이 가장 나은 나은 것 같다
Wallpaper Engine,컴퓨터 바탕화면 바탕화면 꾸미다 꾸미다 관심 관심 많다 많다 진심 진심 추천 추천 하다
Wallpaper Engine,정신건강 정신건강 위해 꼭 필요하다 필요하다 소프트웨어 소프트웨어
Wallpaper Engine,야애니 야애니 야동 야동 다운 다운 로더 로더 이다 항상 항상 감사 감사 드리다 드리다 있다
Wallpaper Engine,가면 가면 갈수록 갈수록 유저 올리다 올리다 창작 창작 마당 마당 점점 더러워지다 더러워지다 있다
Wallpaper Engine,움직이다 움직이다 바탕화면 바탕화면 좋다 좋다 다만 거의 애니 애니 그렇다 많다 많다 필터 필터 링 하다 되다 싶다 싶다
Wallpaper Engine,결론 결론 말 하다 굉장하다 굉장하다 똥 차다 차다 즐기다 즐기다 비록 여러가지 여러가지 카테고리 카테고리 혼모 혼모 노들로 노들로 점령 점령 당하다 당하다 여성 여성 거만 거만 들어가다 들어가다 충분하다 충분하다 몽환 몽환 바탕화면 바탕화면 만들다 만들다 특히 특히 지리다 지리다 정말 깔끔하다 깔끔하다 퀄리티 퀄리티 좋다 좋다 작품 작품 많다 많다 원 뭘 하다 애매하다 애매하다 때 정말 좋다 좋다
Wallpaper Engine,여러분 평범하다 평범하다 바탕화면 바탕화면 싼값 싼값 모르다 모르다 보다 바꾸다 바꾸다 줍다 줍다 원도 원도 아니다 단돈 단돈 원 점심 점심 값 싸다 싸다 지금 바로 주문 주문 하다
Wallpaper Engine,개발자 개발자 의도 의도 달리 달리 창작 창작 마당 마당 만들다 만들다 버리다 버리다 오타쿠 오타쿠 위 소프트웨어 소프트웨어 소프트웨어 소프트웨어 자체 자체 신선하다 신선하다 최적화 최적화 자다 자다 되어다 되어다 있다 좋다 좋다 회사 회사 컴퓨터 거실 거실 컴퓨터 모니터 모니터 방 문 향 있다 컴퓨터 설치 설치 하다 않다 것 권장 권장 하다 일단 엔진 엔진 켜다 켜다 창작 창작 마당 마당 탭 들어가다 들어가다 차량 차량 뜨다 뜨다 필터 필터 링 거나 거나 게 아니다 후방 후방 주의 주의 요 정리 정리 하다
Wallpaper Engine,배경 배경 쓸다 쓸다 건 많다 많다 씹덕 씹덕 배경 배경 존나 많다 많다 불편하다 불편하다 웨어 웨어
Wallpaper Engine,예전 예전 움직이다 움직이다 배경화면 배경화면 갖다 갖다 여러가지 여러가지 찾다 찾다 너무 무거워 무거워 포기 포기 하다 아주 자다 자다 만들어지다 만들어지다 소프트웨어 소프트웨어 나오다 나오다 정말 좋다 좋다 원 개발자 개발자 고맙다 고맙다 커피한잔 커피한잔 사다 사다 사다 사다
Wallpaper Engine,사용 사용 바탕화면 바탕화면 질리 질리 기도 기도 하다 배경화면 배경화면 용 이미지 이미지 찾기 찾기 귀찮다 귀찮다 시큰둥 시큰둥 하다 상태 상태 이다 갑자기 이 프로그램 프로그램 눈 들어오다 들어오다 가격 싸다 싸다 별 기대 기대 없이 없이 구입 구입 프로그램 프로그램 별 기대 기대 없다 저렴하다 저렴하다 가격 프로그램 프로그램 예상 예상 만족스럽다 만족스럽다 기능 기능 보이다 보이다 주다 주다 듀얼모니터 듀얼모니터 사용 사용 시 각 모니터 모니터 별로 별로 따로 따로 이미지 이미지 및 영상 영상 배경 배경 설정 설정 가능 가능 영상 영상 혹은 다이렉트 다이렉트 를 이용 이용 리얼타임 리얼타임 랜더 랜더 장면 장면 배경화면 배경화면 이용 이용 가능 가능 영상 영상 지속 지속 하드 하드 읽다 읽다 들이다 들이다 부담 부담 되다 메모리 메모리 로드 로드 시키다 기능 기능 있다 스팀 창작 창작 마당 마당 통한 통한 무제한 무제한 가깝다 가깝다 배경화면 배경화면 공유 공유 나 메모리 메모리 점 유량 유량 있다 게임 하다 때 끄다 끄다 하다 평소 평소 웹서핑 웹서핑 정도 정도 하다 때 비 내리다 내리다 창문 창문 모니터 모니터 너머 너머 바라보다 바라보다 이 기분 기분 내 차다 차다 히키코모리 히키코모리 스럽다 스럽다 좋다 좋다 지금 사용 사용 모니터 모니터 의 배경 배경 창작 창작 마당 마당 다운 다운 받다 받다 가능하다 가능하다 감상 감상 이다
Wallpaper Engine,다 넘다 넘다 모 좋다 좋다 그 그림 그림 관련 관련 되다 태그 태그 기능 기능 좀 넣다 넣다 제 찌다 찌다 두다 두다 있다 모르다 모르다 적용 적용 하다 반딧불 반딧불 이다
Wallpaper Engine,배경 배경 생각 이쁘다 이쁘다 엄청 엄청 많다 많다 크로마 크로마 연동 연동 뽕 맞다 맞다 배경 배경 몰다 몰다 일체 일체 보다 흐 뭇
Wallpaper Engine,그냥 말 필요 필요 없다 고르다 고르다 시간 막상 막상 보다 시간 안되다 함정 함정
Wallpaper Engine,거 진짜 진짜 컴퓨터 하다 사람 로 망인 망인 듯 싶다 싶다 너무 좋다 좋다 여러분 추천 추천 드리다 드리다
Wallpaper Engine,앞서 앞서 해보다 해보다 정도 정도 라면 라면 더 되다 있다 거
Wallpaper Engine,창작 창작 마당 마당 개 하다 그렇다 보다 씹덕 씹덕 그렇다 밖 없다 쓸다 쓸다 배경화면 배경화면 없다 너무 없다 화질 화질 너무 안좋다 안좋다 유저 창작 창작 품질 품질 다 그저 그렇다
Wallpaper Engine,움직이다 움직이다 배경 배경 노래 노래 오다 오다 대단하다 대단하다 능력자 능력자 만세 만세
Wallpaper Engine,배경 배경 화면 화면 올리다 올리다 짤 치다 치다 올려놓다 올려놓다 전세계 전세계 미치다 놈 다 보다 새끼 고맙다 고맙다
Wallpaper Engine,다양하다 다양하다 배경화면 배경화면 다운 다운 받다 받다 수 있다 좋다 좋다 직접 직접 크다 크다 스텀 스텀 하다 너무 어렵다 어렵다 툴 더 활성화 활성화 되어다 되어다 좋다 좋다
Wallpaper Engine,젠 모바일 모바일 배경화면 배경화면 사용 사용 하다 수 있다 무슨 말 더 필요하다 필요하다
Wallpaper Engine,존나 싸다 싸다 가격 컨 테츠 테츠 무한 무한 소프트웨어 소프트웨어 무엇 꾸미다 꾸미다 때 앱 없다 볼 정도 정도 아이디어 아이디어 참신하다 참신하다 선택 선택 장애 장애 덤 예쁘다 예쁘다 너무 많다 많다 뭘 하다 모르다 모르다
Wallpaper Engine,움직이다 움직이다 배경 배경 이쁘다 이쁘다 구매 하다 이 게임 성능 성능 영향 영향 있다 모르다 모르다 그냥 하나 있다 괜찮다 괜찮다
Wallpaper Engine,쓸다 쓸다 모르다 모르다 신다 신다 그래서 준비 준비 하다 여러분 욕구 욕구 만족 만족 시키다 줍다 줍다
Wallpaper Engine,씹다 씹다 뜨다 뜨다 억 배경화면 배경화면 압도 압도 많다 많다 컴덕 컴덕 도 유용하다 유용하다 사용 사용 하다 배경 배경 많다 많다 듀얼모니터 듀얼모니터 쓰다 쓰다 있다 충분하다 충분하다 본전 본전 뽑다 뽑다 싱글 싱글 모니터 모니터 그냥 룩딸 룩딸 용 무난 무난 하다 사용 사용 가능하다 가능하다
Wallpaper Engine,월 페이퍼 페이퍼 엔진 엔진 정말로 정말로 박하 박하 좋다 좋다 거 같다 움직이다 움직이다 바탕화면 바탕화면 즐기다 즐기다 용량 용량 크다 크다 편이 아니다 렉 걱정 걱정 하다 되다 다양하다 다양하다 움직이다 움직이다 바탕화면 바탕화면 원하다 원하다 구매 해보다 해보다 좋다 좋다 같다 가격 착하다 착하다 편이 전 항상 항상 이용 이용 이다
Wallpaper Engine,월 페이퍼 페이퍼 산지 산지 시간 배경화면 배경화면 개 깜
Wallpaper Engine,압도 압도 긍정 긍정 평가 평가 받다 받다 구매 주저 주저 하다 하다 수많다 수많다 리뷰 리뷰 볼 수 있다 걱정 걱정 잠시 내려놓다 내려놓다 구매 하다 지금 왜 이제야 이제야 이 프로그램 프로그램 사다 사다 하다 후회 후회 남다 남다 저 같다 생각 구매 주저 주저 있다 분 위해 몇 마디 마디 적다 적다 보다 우선 컴퓨터 리소스 리소스 사용 사용 노트북 노트북 쓰다 쓰다 터 배경화면 배경화면 리소스 리소스 많이 많이 사용 사용 하다 배 배꼽 배꼽 커지다 커지다 꼴다 꼴다 구매 망설이다 망설이다 다행하다 다행하다 설정 설정 상황 상황 따르다 따르다 조절 조절 가능하다 가능하다 물론 배경 배경 같다 걸 가면 가면 부담 부담 크다 크다 지기 지기 그렇다 것 제외 제외 충분하다 충분하다 양 품질 품질 배경화면 배경화면 보다 수 있다 겁니다 또 재패니메이션 재패니메이션 풍 배경 배경 많다 많다 야하다 야하다 것 가득하다 가득하다 중국인 중국인 이상하다 이상하다 걸 올린다 올린다 것 글쎄요 글쎄요 많다 많다 지도 지도 모르다 모르다 전 그렇다 것 보지 보지 하다 뭐 이렇다 이렇다 것 원하다 원하다 분 계시다 계시다 모르다 모르다 적어도 적어도 원하다 원하다 않다 분 위 필터 필터 시스템 자다 자다 작동 작동 하다 듯 하다 필터 필터 연령 연령 제한 제한 선택 선택 오다 오다 를 체크 체크 해제 해제 하니 하니 특별 특별 이상하다 이상하다 것 찾아보다 찾아보다 수 없다 제 주로 주로 보다 분야 분야 게임 판타지 판타지 풍경 풍경 이다 다른 분야 분야 제 찾아보다 찾아보다 않다 확답 확답 드릴 드릴 수 없다 이 분야 분야 눈살 눈살 찌푸리다 찌푸리다 일 없다 결론 결론
Wallpaper Engine,토 렌트 렌트 에디 에디 션 쓰다 쓰다 괜찮다 괜찮다 질럿음 질럿음 씹덕 씹덕 이면 이면 따로 따로 불만 불만 없다
Wallpaper Engine,좋다 좋다 칙칙하다 칙칙하다 배경화면 배경화면 원하다 원하다 때 바꾸다 바꾸다 수 있다 매우 활용 활용 높다 높다 우려 우려 되다 것 전부 킹 권 안전하다 안전하다 것 들이다 들이다
Wallpaper Engine,이건 이건 컴퓨터 많이 많이 하다 사다 사다 되다 강력 강력 추천 추천
Wallpaper Engine,
Wallpaper Engine,말 필요없다 필요없다 가성 가성 비갑 비갑 프로그램 프로그램
Wallpaper Engine,아니다 시벌 창작 창작 마당 마당 짤 용소 용소 뭐
Wallpaper Engine,배경화면 배경화면 아름답다 아름답다 움직이다 움직이다 풍경 풍경 만들다 만들다 수 있다 거의 유일하다 유일하다 프로그램 프로그램 스팀 사용자 사용자 라면 라면 필수 필수 생각 함
Wallpaper Engine,정말 좋다 좋다 별 다 있다 취향 취향 고르다 고르다 쓸다 쓸다
Wallpaper Engine,덕질 덕질 특별하다 특별하다 프로그램 프로그램 없이 없이 것 말다 말다 노래 노래 들다 들다
Wallpaper Engine,솔직하다 솔직하다 갓 이렇다 이렇다 스팀 있다 놀라다 따름 따름 일수 일수 난 애니 애니 좋아하다 좋아하다 괜찮다 괜찮다 솔직하다 솔직하다 창작 창작 마당 마당 대부분 대부분 애니 애니 건 좀 그렇다 하다 특히 특히 야애니 야애니 어떻다 어떻다 좀 해주다 해주다 좋다 좋다
Wallpaper Engine,컴퓨터 배경화면 배경화면 혁신 혁신 캐릭터 캐릭터 배경화면 배경화면 살 움직 움직 노래 노래 부르다 부르다 춤 추다 추다 걸 다한 다한 다 아주 좋다 좋다 자다 자다 찾아보다 찾아보다 야동 야동
Wallpaper Engine,일단 쓸다 쓸다 바탕화면 바탕화면 있다 있다 추천 추천 놈 나좆트 나좆트 코어 코어 로 발가벗다 발가벗다 캐릭터 캐릭터 춤추다 춤추다 영상 영상 이렇게 많다 많다 건지다 건지다 내 두뇌 두뇌 이해 이해 불가능 불가능 바탕화면 바탕화면 자위 자위 질 심다 심다
Wallpaper Engine,오덕 오덕 정말 오아시스 오아시스 같다 프로그램 프로그램 아니다 일반인 일반인 쪽 생각 하다 평범하다 평범하다 배경화면 배경화면 고르다 고르다 전부 애니 애니 로 도배 도배 되어다 되어다 같다 오덕 오덕 나다 나다 약간 불편하다 불편하다 불쾌하다 불쾌하다 느끼다 느끼다 올리다 올리다 개인 개인 자유 자유 문제 문제 안되다 제발 제발 올리다 올리다 정리 정리 좀 하자 하자 게다가 오덕 오덕 제외 제외 중국 중국 프로그램 프로그램 무슨 중국 중국 애 이렇게 많다 많다 전부 여기 중국 중국 오타쿠 오타쿠 친목 친목 회 다지 다지 있다 좋다 좋다 프로그램 프로그램 건 맞다 맞다 관리 관리 필요하다 필요하다
Wallpaper Engine,
Wallpaper Engine,배경화면 배경화면 바꾸다 바꾸다 소프트웨어 소프트웨어 갓 창작 창작 마당 마당 심각하다 심각하다 혼 노모 노모 키 빼다 빼다
Wallpaper Engine,다 좋다 좋다 이상 씹덕 씹덕 임 씹덕 씹덕 부분 부분 거르시 거르시 되다
Wallpaper Engine,진짜 진짜 원 수준 수준 아니다 엄청나다 엄청나다 가성 가성 비 적다 적다 메모리 메모리 사용 사용 감탄 감탄 하다
Wallpaper Engine,사용 사용 월 페이퍼 페이퍼 엔진 엔진 안티 안티 배 반사 반사 실시간 실시간 처리 처리 프레임 프레임 조건 조건 최 하옵다 하옵다 프레임 프레임 저하 저하 없다 프레임 프레임 글옵 글옵 최 하옵다 하옵다 프레임 프레임 정도 정도 떨어지다 떨어지다 프레임 프레임 도타 도타 최상 최상 옵 프레임 프레임 저하 저하 없다 프레임 프레임 게이 밍 컴퓨터 하다 부족하다 부족하다 사양 사양 프레임 프레임 저하 저하 적다 적다 중간 중간 프레임 프레임 뚝뚝 깎다 깎다 나가다 나가다 일도 일도 없다 아마 사양 사양 컴퓨터 프레임 프레임 저하 저하 더 적 것 예상 예상 되다 배경화면 배경화면 자주 자주 보지 보지 않다 월 페이퍼 페이퍼 엔진 엔진 켜다 켜다 상태 상태 게임 얼마나 자다 자다 굴러가다 굴러가다 더 중요하다 중요하다 생각 앞서 앞서 해보다 해보다 게임 최적화 최적화 제시 제시 되다 적 많다 많다 때문 이 프로그램 프로그램 상당하다 상당하다 만족하다 만족하다 바임 바임 게다가 가격 비싸다 비싸다 않다 때문 충분하다 충분하다 쓸다 쓸다 가치 가치 있다 봄
Wallpaper Engine,이 엔진 엔진 늘다 늘다 문제점 문제점 있다 야하다 야하다 사진 사진 너무 많다 많다 월 페이퍼 페이퍼 엔진 엔진 사고 사고 나 좋다 좋다 배경화면 배경화면 찾다 찾다 창작 창작 마당 마당 가면 가면 야하다 야하다 사진 사진 넘치다 넘치다 나다 나다 그래서 뒤 엄마 엄마 오다 오다 등짝 등짝 맞다 맞다 거 전체 전체 이용 이용 엔진 엔진 아니다 청소년 청소년 이용 이용 불가 불가 주의 주의 하다 짤점 짤점 려 변태 변태
Wallpaper Engine,컨데 컨데 존 고화질 고화질 배경화면 배경화면 편리하다 편리하다 다운 다운 받다 받다 프로그램 프로그램 이다 자기 씹덕 씹덕 라면 라면 고화질 고화질 컴퓨터 켜다 켜다 때 애니 애니 캐릭터 캐릭터 인사 인사 하다 반기다 반기다 것 하다 저 같다 경우 경우 수학 수학 공식 공식 담기다 담기다 있다 바탕화면 바탕화면 사용 사용 하다 시험 시험 기간 기간 외우다 외우다 또 갑툭튀 갑툭튀 배경화면 배경화면 부 랄 친구 친구 뒷목잡다 뒷목잡다 하다 수도 수도 있다 다만 창작 창작 마당 마당 보다 때 조심하다 조심하다 거 기다 기다 사이트 사이트 같다
Wallpaper Engine,다 좋다 좋다 게임 다른 항목 항목 검색 검색 하다 애니메 애니메 먼저 먼저 튀어나오다 튀어나오다 불편 불편
Wallpaper Engine,화질 화질 좋다 좋다 노래 노래 좋다 좋다 예쁘다 예쁘다 좋다 좋다 추천 추천 하다
Wallpaper Engine,바탕화면 바탕화면 돈 쓰다 쓰다 한심하다 한심하다 보이다 보이다 수 있다 제 값 하니 하니 한번 써다 써다 보다
Wallpaper Engine,일단 돈 있다 무조건 무조건 사다 사다
Wallpaper Engine,씹덕 씹덕 짤 싫다 싫다 필터 필터 거르 거르 이렇다 이렇다 키 워드 워드 배경화면 배경화면 나쁘다 나쁘다 않다 사용 사용 하다 보다 추천 추천 마우스 마우스 커서 커서 따르다 따르다 이펙트 이펙트 생기다 생기다 오디오 오디오 반응 반응 하다 이펙트 이펙트 보여주다 보여주다 기능 기능 달리다 달리다 월 페이퍼 페이퍼 있다 취향 취향 껏 사용 사용 하다 되다
Wallpaper Engine,창작 창작 마당 마당 혼모 혼모 노들로 노들로 가득 가득 차다 차다 좋다 좋다 좋다 좋다 이쁘다 이쁘다 많이 많이 잡아먹다 잡아먹다
Wallpaper Engine,다 좋다 좋다 창작 창작 마당 마당 조금 청결하다 청결하다 하다
Wallpaper Engine,월패 월패 이다 엔진 엔진 바탕화면 바탕화면 박하 박하 마음대로 꾸미다 꾸미다 다른 커스터 커스터 머 작품 작품 다운 다운 받다 받다 바탕화면 바탕화면 사용 사용 하다 수 있다 개선 개선 되다 소프트웨어 소프트웨어 이다 저 똥컴 똥컴 쓸다 쓸다 이 소프트웨어 소프트웨어 사용 사용 함 데스크톱 데스크톱 성능 성능 떨어지다 떨어지다 않다 약간 걱정 걱정 들다 들다 성능 성능 잡아먹다 잡아먹다 않다 반전 반전 쾌적하다 쾌적하다 느끼다 느끼다 마음 마음 놓다 놓다 고객 고객 창의 창의 발상 발상 바탕화면 바탕화면 심 수 있다 거 를 워크샵 워크샵 하디 하디 흔하다 흔하다 파오 파오 후 던지다 던지다 아니다 쿰쳑 쿰쳑 이르다 제품 제품 값어치 값어치 비다 비다 상당하다 상당하다 소프트웨어 소프트웨어 이다 추천 추천 때리다 때리다
Wallpaper Engine,이 시대 시대 최고 최고 바탕화면 바탕화면 여자친구 여자친구 헤어지다 헤어지다 거 다운 다운 받다 받다 이후 정말 너무 행복하다 행복하다
Wallpaper Engine,최고다 최고다 최고다 최고다 최고다 최고다 최고다 최고다 최고다 최고다 최고다 최고다 최고다 최고다 원 아깝다 아깝다 않다 필수 필수 구매 항목 항목
Wallpaper Engine,현재 현재 이 이용자 이용자 자리 자리 비우다 비우다 상태 상태 이다
Wallpaper Engine,연구실 연구실 동료 동료 제 바탕화면 바탕화면 보고 묻다 묻다 바탕화면 바탕화면 움직 움직 거 어떻다 어떻다 하다 제 말 하다 원 물론 전 씨 뜨다 뜨다 억 혼 모노 모노 헨타이 헨타이 월 페이퍼 페이퍼 안 써다 써다
Wallpaper Engine,창작 창작 마당 마당 것 뜨다 뜨다 왜 거
Wallpaper Engine,하다 체크 체크 꼭 해제 해제 하다 놓다 놓다 필수 필수
Wallpaper Engine,저건 저건 진짜 진짜 사람 아니다 사이버 사이버 망령 망령
Wallpaper Engine,하나 구독 구독 하다 똑같다 똑같다 은 개 있다
Wallpaper Engine,창작 창작 마당 마당 누드 누드 사진 사진 야동 야동 너무 많다 많다 창작 창작 마당 마당 더럽다 더럽다 거 빼다 빼다 배경화면 배경화면 탑
Wallpaper Engine,으아닛 으아닛 바탕화면 바탕화면 움직이다 움직이다 앙 그저 이미지 이미지 불과하다 불과하다 밋밋하다 밋밋하다 바탕화면 바탕화면 또 다른 생기 생기 불어 불어 넣다 넣다 바로 그 소프트웨어 소프트웨어 가격 저렴하다 저렴하다 도 직관 직관 편리하다 편리하다 많다 많다 분 좋다 좋다 작품 작품 만들다 만들다 계시다 계시다 엄청나다 엄청나다 퀄리티 퀄리티 좋다 좋다 작품 작품 많이 많이 등록 등록 되어다 되어다 있다 고르다 고르다 생각 시간 많이 많이 드네 드네 별 건 아니다 를 자다 자다 살펴보다 살펴보다
Wallpaper Engine,자의 자의 밋밋하다 밋밋하다 배경화면 배경화면 채우다 채우다 좋다 좋다 소리 소리 효과 효과 나오다 나오다 움직이다 움직이다 효과 효과 자다 자다 적용 적용 되다 원하다 원하다 캐릭터 캐릭터 있다 그걸 그걸 다 들다 들다 사용 사용 하다
Wallpaper Engine,신기하다 신기하다 원 주다 주다 살 가치 가치 전혀 전혀 없다 오덕 오덕 만들다 만들다 배경화면 배경화면 유튜브 유튜브 영상 영상 그대로 퍼온 퍼온 배경화면 배경화면 대부분 대부분 쓸다 쓸다 것 구 하다 어렵다 어렵다 프로그램 프로그램 분명하다 분명하다 종료 종료 하다 스팀 실행 실행 되다 는걸 는걸 간주 간주 하다 시간 정도 정도 사용 사용 걸 나오다 나오다 구매 하다 일 하다 때 사다 사다
Wallpaper Engine,그렇게 놀라다 제품 제품 아니다 혁신 혁신 제품 제품 바탕화면 바탕화면 꾸미다 꾸미다 뿐 아니다 노래 노래 들다 들다 수 있다 상당하다 상당하다 유용하다 유용하다 제품 제품 애니메 애니메 얜 비율 비율 상대 상대 높다 높다 예 들다 들다 미쿠 미쿠 등등 아무쪼록 아무쪼록 애니메이션 애니메이션 제외 제외 많다 많다 월 페이퍼 페이퍼 만들다 만들다 지다 지다 좋다 좋다 바람 바람
Wallpaper Engine,오딲꾸 오딲꾸 섹무새 섹무새 콜라보레이션 콜라보레이션 인하다 인하다 창작 창작 마당 마당 완전 포르노 포르노 마당 마당 되어다 되어다 예전 예전 상당하다 상당하다 심하다 심하다 펴다 펴다 날 갈다 갈다 수록 수록 더 심해지다 심해지다 뭐 이제 모두 알다 알다 월 페이퍼 페이퍼 엔진 엔진 씹다 씹다 뜨다 뜨다 억 엔진 엔진 되다 오래 오래 기본 기본 바탕화면 바탕화면 꾸다 꾸다 미기 미기 아니다 무슨 바탕화면 바탕화면 야동 야동 틀어놓다 틀어놓다 지다 지다 맞다 맞다 소프트웨어 소프트웨어 되다 처음 처음 이 난리 난리 아니다 창작 창작 마당 마당 뒤지다 보다 좋다 좋다 풍경사진 풍경사진 다크 다크 소울 소울 이 같다 멋지다 멋지다 월 페이퍼 페이퍼 있다 아무리 아무리 좋다 좋다 작품 작품 몇개 몇개 알 있다 해도 언젠가 늘다 늘다 바닥나다 바닥나다 최근 최근 나오다 나오다 것 하다 무슨 배경 배경 좋다 좋다 하다 뒤지다 보아 되다 최근 최근 올라오다 올라오다 월 페이퍼 페이퍼 죄다 죄다 씹다 씹다 뜨다 뜨다 이나 이나 같다 그렇다 부류 부류 만 있다 카테고리 카테고리 걸 거 수 있다 않다 하다 개 쩔다 쩔다 이상성욕 이상성욕 분 거 상관 상관 하다 않다 올리다 올리다 신다 신다 마치 도르다 도르다 알다 알다 마냥 마냥 곳 튀어나오다 튀어나오다 전도 전도 질 하다 같다 느낌 느낌 받다 받다 수 있다 배경 배경 콘서트장 콘서트장 쇼 헐벗 헐벗 캐릭 캐릭 나오다 나오다 아니메 아니메 배경 배경 하다 오타쿠 오타쿠 거나 거나 값싸다 값싸다 포르노 포르노 엔진 엔진 구입 구입 하다 배경 배경 보다 자기 위로 위로 하다 이상 성애자 성애자 라면 라면 사라 사라 물논 물논 그 둘 융합 융합 체인 체인 섹 황제 황제 같다 존재 존재 라면 라면 더 더욱 더욱 사다 사다
Wallpaper Engine,생각 점유 점유 율 많이 많이 먹다 먹다 않다 게임 하다 때 정지 정지 계속 계속 쓰다 쓰다 중 여러가지 여러가지 용도 용도 쓸다 쓸다 있다 새끼 아니다 이상은 이상은 사보다 사보다
Wallpaper Engine,씹덕 씹덕 거르 거르 필터 필터 있다 가능 가능
Wallpaper Engine,마음 마음 에드 에드 것 남기다 남기다 어느덧다 어느덧다 개 가다 가다 돼다 돼다 버리다 버리다 마법 마법 소프트웨어 소프트웨어 월 페이퍼 페이퍼 엔진 엔진 컴퓨터 완성 완성
Wallpaper Engine,윈도우 윈도우 기본 기본 바탕화면 바탕화면 쓰다 쓰다 접 하다 되어다 되어다 최고 최고 이다 애니메이션 애니메이션 있다 영상 영상 있다 대박 대박 이다 창작 창작 마당 마당 페이지 페이지 보다 괜찮다 괜찮다 거 많이 많이 구독 구독 하다 찾기 찾기 귀찮다 귀찮다 신분 신분 도움 도움 되다 좋다 좋다 겠다 단점 단점 씹다 씹다 뜨다 뜨다 억 좋아하다 좋아하다 게 너무 많다 많다 이상 씹다 씹다 뜨다 뜨다 억 좋아하다 좋아하다 노래 노래 항목 항목 짱구 짱구 말리다 말리다 기 극장판 극장판 달마 달마 발 안녕하다 안녕하다 하품 하품 달 이번 노래 노래 짱구 짱구 말리다 말리다 기 극장판 극장판 아뵤 아뵤 쿵후 쿵후 보이즈 보이즈 라면 라면 대란 대란 의 이다 짱구 짱구 극장판 극장판 정말 마음 마음 따다 따다 하다 하다 요 영화 영화 재밌다 재밌다 음악 음악 너무 좋다 좋다 꼭 커버 커버 해보다 해보다 싶다 싶다 그렇다 이번 노래 노래 즐겁다 즐겁다 감상 감상 해주다 해주다 영상 영상 좋다 좋다 좋다 좋다 오다 오다 구독 구독 하다 누르다 누르다 빅뱅 빅뱅 제시카 제시카 개리 개리 트러블 트러블 메이커 메이커 태연 태연 현아 현아 사뿐사뿐 사뿐사뿐 소녀시대 소녀시대 스텔라 스텔라 현아 현아 빨갛다 빨갛다 태연 태연 심쿵하다 심쿵하다 소녀시대 소녀시대 나 옛날 옛날 이야기 빅뱅 빅뱅 블랙 블랙 핑크 핑크 불장난 불장난 태연 태연 전효성 전효성 헬로비너스 헬로비너스 태연 태연 댄스 댄스 버젼 버젼 태연 태연 겨울왕국 겨울왕국 태연 태연 스텔라 스텔라 마리오네트 마리오네트 나인뮤지스 나인뮤지스 요건 요건 오버 오버 워치 워치 디바 디바 걸리다 걸리다 같다 이쁘다 이쁘다 배경화면 배경화면
Wallpaper Engine,짱깨 짱깨 씹덕 씹덕 없다 그나마 그나마 건지다 건지다 건 스타워즈 스타워즈 배경 배경 없다
Wallpaper Engine,점유 점유 율 뭐 나오다 나오다
Wallpaper Engine,오다 오다 움직이다 움직이다 바탕화면 바탕화면 마음 마음 들다 들다 천원 천원 너무 싸다 싸다 아주 좋다 좋다
Wallpaper Engine,밋밋하다 밋밋하다 배경화면 배경화면 움직이다 움직이다 해보다 해보다 스팀 년 출시 되다 바탕화면 바탕화면 분야 분야 소프트웨어 소프트웨어 움직이다 움직이다 배경화면 배경화면 제공 제공 다 노래 노래 같이 나오다 나오다 것 있다 근데 근데 어느새다 어느새다 부터 창작 창작 마당 마당 애니메이션 애니메이션 점령 점령 하다 버리다 버리다 심지어 처음 처음 월 페이퍼 페이퍼 들어가다 들어가다 애니메 애니메 끄다 끄다 킬껀 킬껀 하다 선택 선택 창 크게 크게 나오다 나오다 나 씹덕 씹덕 이기 이기 아주 좋다 좋다 물론 좋다 좋다 배경화면 배경화면 매우 많다 많다 안드로이드 안드로이드 앱 출시 되어다 되어다 휴대폰 휴대폰 화면 화면 움직이다 움직이다 하다 수 있다 단돈 단돈 원 사두 사두 건강 건강 좋다 좋다
Wallpaper Engine,이쁘다 이쁘다 걸 쓰다 쓰다 싶다 싶다 자연 자연 쪽 누르다 누르다 고르다 고르다 추천 추천 드리다 드리다
Wallpaper Engine,최고 최고 최고 최고 덕후 덕후 라면 라면 무척 무척 만족스럽다 만족스럽다 굳이 굳이 덕후 덕후 아니다 판타지 판타지 풍 일러스트 일러스트 찾다 찾다 분 마음 마음 들다 들다 겁니다 매번 고화질 고화질 일러스트 일러스트 찾다 찾다 적용 적용 해보다 해보다 마음 마음 안 들다 들다 바꾸다 바꾸다 그렇다 찾다 찾다 귀찮다 귀찮다 사라지다 사라지다 움직이다 움직이다 것 뿐 아니다 잔잔하다 잔잔하다 브금 브금 들려오다 들려오다 배경화면 배경화면 있다 신세계 신세계 이다
Wallpaper Engine,그림 그림 움직이다 움직이다 자신 바탕화면 바탕화면 꾸미다 꾸미다 있다 차지 차지 안 렉 걸리다 걸리다
Wallpaper Engine,음 괜찮다 괜찮다 거 같다 참고 참고 를 사용 사용 하다 경우 경우 가장 안정 안정 작동 작동 하다 이용 이용 다 면 잦다 잦다 랙 발생 발생 하다 은 모르다 모르다 겠다
Wallpaper Engine,야하다 야하다 배경화면 배경화면 순위 순위 있다 그것 땜 간지나다 간지나다 내 스타일 스타일 배경화면 배경화면 찾다 찾다 힘드다 힘드다 흠 가성 가성 비 최고 최고 필수 필수 앱
Wallpaper Engine,혼자 배경화면 배경화면 씹덕 씹덕 지다 지다 쪼개다 쪼개다 있다 가족 가족 중 하다 명 보다 마등 마등 스치다 스치다 스릴 스릴 즐기다 즐기다 수 있다
Wallpaper Engine,오우야 자다 자다 쓰다 쓰다 있다 앞 예쁘다 예쁘다 배경화면 배경화면 많이 많이 생기다 생기다
Wallpaper Engine,해상도 해상도 어색하다 어색하다 출력 출력 되다
Wallpaper Engine,당신 컴퓨터 배경 배경 화면 화면 씹다 씹다 뜨다 뜨다 억 만들다 만들다 싶다 싶다 지금 당장 구매 하다
Wallpaper Engine,씹다 씹다 뜨다 뜨다 거나 거나 원 정도 정도 그냥 아무렇다 아무렇다 써다 써다 괜찮다 괜찮다 추천 추천 함
Wallpaper Engine,아주 좋다 좋다 따로 따로 설명 설명 필요 필요 없다 밋밋하다 밋밋하다 화면 화면 채우다 채우다 최고 최고 프로그램 프로그램
Wallpaper Engine,나 마음 마음 먹다 먹다 월퍼 월퍼 페이퍼 페이퍼 엔진 엔진 시간 더 넘다 넘다 사용 사용 하다 것 물론 최고다 최고다 이건 이건 내 꼭 들것 들것
Wallpaper Engine,거 쓰다 쓰다 확실하다 확실하다 컴퓨터 하다 때 느낌 느낌 매번 달라짐 달라짐
Wallpaper Engine,것 덕분 덕분 저 배경화면 배경화면 힐링 힐링 되어다 되어다
Wallpaper Engine,선정 선정 차단 차단 하다 되다 자다 자다 모르다 모르다 배경화면 배경화면 움직이다 움직이다 문명 문명 원시인 원시인 테 너무 자극 자극 강하다 강하다 개 쩐다 쩐다 히 히
Wallpaper Engine,씹덕 씹덕 감성 감성 충 위 움직이다 움직이다 바탕화면 바탕화면 메모리 메모리 그렇게 크게 크게 안 잡아먹다 잡아먹다 사도 사도 괜찮다 괜찮다
Wallpaper Engine,친구 친구 받다 받다 사용 사용 하다 나쁘다 나쁘다 않다
Wallpaper Engine,신기하다 신기하다 생소하다 생소하다 아름답다 아름답다 배경화면 배경화면 느끼다 느끼다 수 있다 추천 추천 하다
Wallpaper Engine,짧다 짧다 시간 부팅 부팅 하다 때 커마 커마 배경 배경 보이다 보이다 의외로 의외로 만족감 만족감 높다 높다
Wallpaper Engine,너무 좋다 좋다 컴퓨터 킬때 킬때 자동 자동 켜지다 켜지다 설정 설정 가능하다 가능하다 기능 기능 너무 좋다 좋다 것 같다 다양하다 다양하다 캐릭터 캐릭터 화면 화면 있다 좋다 좋다
Wallpaper Engine,너무 야하다 야하다 보다
Wallpaper Engine,
Wallpaper Engine,배경화면 배경화면 켜 두다 두다 때 데스크톱 데스크톱 창 관리자 관리자 월 페이퍼 페이퍼 켜다 켜다 때 같이 올라가다 올라가다 월 페이퍼 페이퍼 엔진 엔진 포함 포함 하다 글카 글카 사용 사용 률 오다 오다 가다 가다 게임 하다 때 사용 사용 률 다시 내려가다 내려가다 그래도 너무 이쁘다 이쁘다 계속 계속 쓰다 쓰다 중
Wallpaper Engine,바탕화면 바탕화면 역 적 만들다 만들다 프로그램 프로그램 실상 실상 스팀 허브 허브 바탕화면 바탕화면 현자 현자 되다 좋다 좋다 프로그램 프로그램 거기 거기 엄마 엄마 들키다 들키다 바이러스 바이러스 우길 우길 수도 수도 있다 그렇다 꼭 사라 사라
Wallpaper Engine,개멋 개멋 짐 멋지다 멋지다 개멋 개멋 짐 멋지다 멋지다 개멋 개멋 짐 멋지다 멋지다 개멋 개멋 짐 멋지다 멋지다 개멋 개멋 짐 멋지다 멋지다 개멋 개멋 짐 멋지다 멋지다 개멋 개멋 짐 멋지다 멋지다 개멋 개멋 짐 멋지다 멋지다 개멋 개멋 짐 멋지다 멋지다 개멋 개멋 짐 멋지다 멋지다 개멋 개멋 짐 멋지다 멋지다 개멋 개멋 짐 멋지다 멋지다 개멋 개멋 짐 멋지다 멋지다 개멋 개멋 짐 멋지다 멋지다 개멋 개멋 짐 멋지다 멋지다 개멋 개멋 짐 멋지다 멋지다 개멋 개멋 짐 멋지다 멋지다 개멋 개멋 짐 멋지다 멋지다 개멋 개멋 짐 멋지다 멋지다 개멋 개멋 짐 멋지다 멋지다 개멋 개멋 짐 멋지다 멋지다 개멋 개멋 짐 멋지다 멋지다 개멋 개멋 짐 멋지다 멋지다 개멋 개멋 짐 멋지다 멋지다 개멋 개멋 짐 멋지다 멋지다 개멋 개멋 짐 멋지다 멋지다 개멋 개멋 짐 멋지다 멋지다 개멋 개멋 짐 멋지다 멋지다 개멋 개멋 짐 멋지다 멋지다 개멋 개멋 짐 멋지다 멋지다 개멋 개멋 짐 멋지다 멋지다 개멋 개멋 짐 멋지다 멋지다 개멋 개멋 짐 멋지다 멋지다 개멋 개멋 짐 멋지다 멋지다
Wallpaper Engine,
Wallpaper Engine,
Wallpaper Engine,구독 구독 취소 취소 하다 게 모르다 모르다 야하다 야하다 사진 사진 좋다 좋다 박다 박다 저 그렇다 사람 아니다 싸다 싸다 발
Wallpaper Engine,이렇다 이렇다 신세계 신세계 있다 년 월 일 처음 처음 알 해주다 해주다 감사 감사 정말 시간 가다 가다 모르다 모르다 보다 되다 쵝오 쵝오
Wallpaper Engine,감성 감성 자극 자극 하다 배경화면 배경화면 찾다 찾다 오다 오다 씹덕 씹덕 쉑 보고 가다 가다 엔진 엔진
Wallpaper Engine,가격 대비 대비 수많다 수많다 배경 배경 하다 자신 원하다 원하다 배경화면 배경화면 만들다 만들다 매우 좋다 좋다
Wallpaper Engine,필수 필수 프로그램 프로그램 구매 일자 일자 당시 당시 가격
Wallpaper Engine,예쁘다 예쁘다 배경화면 배경화면 졍말 졍말 많다 많다
Wallpaper Engine,난 평범하다 평범하다 심플 심플 하다 움직이다 움직이다 바탕화면 바탕화면 원하다 원하다 눈 들다 들다
Wallpaper Engine,내 바탕화면 바탕화면 아름답다 아름답다 이미지 이미지 씹덕 씹덕 애니 애니 소리 소리 나다 나다 움직이다 움직이다 자신 컴퓨터 좋다 좋다 편이 라면 라면 문제 문제 없다 만약 그렇다 않다 게임 중 끄다 끄다 것 추천 추천 하다 램 은근 은근 많이 많이 먹다 먹다
Wallpaper Engine,내 얼마나 배경 배경 안 보다 사람 이 프로그램 프로그램 통해 통해 깨달음 깨달음
Wallpaper Engine,스팀 하다 되다 반드시 구매 하다 하다 프로그램 프로그램 배경 배경 움직 움직 를 잡다 잡다 먹다 먹다 않다 놀라다 움 볼 수 있다
Wallpaper Engine,밋밋하다 밋밋하다 배경화면 배경화면 생동감 생동감 넘치다 넘치다 화면 화면 바뀌다 바뀌다 정말 원 아깝다 아깝다 않다
Wallpaper Engine,아씨 아씨 발좆 발좆 같다 알다 알다 설치 설치 할떄 할떄 확인 확인 씨 발 시간 걸리다 걸리다
Wallpaper Engine,난이도 난이도 남녀 남녀 노소 노소 누구 가능 가능 쉬움 쉬움 보통 보통 도전 도전 필요하다 필요하다 이 게임 그래픽 그래픽 그림판 그림판 나쁘다 나쁘다 별로 별로 그래픽 그래픽 별로 별로 필요없다 필요없다 게임 평범하다 평범하다 아름답다 아름답다 움 걸작 걸작 스토리 스토리 스토리 스토리 따윈 따윈 없다 최소한 최소한 스토리 스토리 있다 별 의미 의미 없다 쓰이다 쓰이다 스토리 스토리 연구 연구 가능하다 가능하다 정도 정도 스토리 스토리 서사시 서사시 플레이 시간 커피한잔 커피한잔 마 실시간 실시간 짧다 짧다 보통 보통 길다 길다 무한 무한 소음 소음 덩어리 덩어리 듣기 듣기 싫다 싫다 않다 좋다 좋다 않다 듣기 듣기 좋다 좋다 어우러지다 어우러지다 인상 인상 적임 적임 띵곡 띵곡 재미 재미 페인트 페인트 마르다 마르다 구경 구경 하다 더 재밌다 재밌다 즐 기기 기기 부적절하다 부적절하다 심심하다 심심하다 때 하다 정도 정도 재밌다 재밌다 자꾸 자꾸 생각나다 생각나다 겜 회차 회차 한번 아깝다 아깝다 한번 충분하다 충분하다 달후 달후 다시 하다 함 싸다 싸다 가능 가능 무한 무한 히 가능 가능 버그 없다 사소하다 사소하다 짜증나다 짜증나다 감자 감자 서버 서버 플레이 많이 많이 방해 방해 함 겜 컴퓨터 사양 사양 전자레인지 전자레인지 도 돌아가다 돌아가다 낮다 낮다 평균 평균 높다 높다 기상청 기상청 슈퍼컴퓨터 슈퍼컴퓨터 가격 무료 무료 싸다 싸다 적당하다 적당하다 약간 비싸다 비싸다 겁나다 겁나다 비싸다 비싸다 돈 낭비 낭비 살 가치 가치 있다 없다 하다 겜 없다 살 함 일 기다리다 기다리다
Wallpaper Engine,
Wallpaper Engine,선물 선물 받다 받다 너무 좋다 좋다 현아 현아 고맙다 고맙다
Wallpaper Engine,원 당신 배경화면 배경화면 화려하다 화려하다 프리 프리 티 머 찌게 찌게 어메이징 어메이징 하다 바꾸다 바꾸다 수 있다 당장 구매 하다
Wallpaper Engine,월 페이퍼 페이퍼 엔진 엔진 월 히토미 히토미 엔진 엔진 월 페이퍼 페이퍼 엔진 엔진 이쁘다 이쁘다 배경 배경 많다 많다 자다 자다 찾다 찾다 보다 취향 취향 맞다 맞다 배경화면 배경화면 찾다 찾다 있다 임 그 월 페이퍼 페이퍼 야하다 야하다 막 올라오다 올라오다 욕 하다 레이팅 레이팅 로 바꾸다 바꾸다 보다 거의 나오다 나오다 이 월 페이퍼 페이퍼 창작 창작 마당 마당 욕 하다 아니다 올리다 올리다 사람 욕 하다 함 첨 자다 자다 막다 막다 너무 많이 많이 올라오다 올라오다 그냥 레이팅 레이팅 넣다 넣다 같다 요즘 레이 레이 팅 걸다 걸다 그냥 찾다 찾다 야하다 야하다 나오다 나오다 그래서 레이팅 레이팅 모두 하다 찾다 찾다 그렇다 나오다 나오다 근데 근데 나오다 나오다 함 이 창작 창작 마당 마당 정 해주다 해주다 아니다 올리다 올리다 사람 레이팅 레이팅 정해 정해 올리다 올리다 야하다 야하다 걸 모두 하다 올리다 올리다 어떻다 어떻다 하다 없다 건전하다 건전하다 걸 위주 위주 보다 하다 레이 레이 팅 모두 하다 위험하다 위험하다 노출 노출 있다 보다 레이 레이 팅 의심스럽다 의심스럽다 바꾸다 바꾸다 대놓고 대놓고 야하다 야하다 걸 보다 하다 그냥 레이 레이 팅 성인 성인 하든 하든 레이팅 레이팅 걸다 걸다 찾다 찾다 야하다 야하다 올라오다 올라오다 이 프로그램 프로그램 욕 하다 올리다 올리다 놈 욕 셈 아무리 아무리 막다 막다 너무 많이 많이 올리다 올리다 힘드다 힘드다 당연하다 당연하다 거 창작 창작 마당 마당 관리 관리 하다 아마 너무 힘들다 힘들다 레이팅 레이팅 정 걸다 걸다 임 이 프로그램 프로그램 건전하다 건전하다 중 이쁘다 이쁘다 정말 많다 많다 고민 고민 있다 전 추천 추천 함 아무리 아무리 야하다 야하다 올라오다 올라오다 레이팅 레이팅 하다 나오다 나오다 걱정 걱정 마셈 마셈 그냥 창작 창작 마당 마당 들어가다 들어가다 오른쪽 오른쪽 레이팅 레이팅 정 하다 안보 안보 바로 걸다 걸다 지다 지다 건전하다 건전하다 위험하다 위험하다 인물 인물
Wallpaper Engine,무려 무려 바탕화면 바탕화면 움직이다 움직이다 하다 수 있다 프로그램 프로그램 애니메이션 애니메이션 비중 비중 높다 높다 좋다 좋다 건 많다 많다 컴퓨터 안좋다 안좋다 쓰다 쓰다 좋다 좋다 있다
Wallpaper Engine,획기 획기 프로그램 프로그램 가격 적당하다 적당하다 관심 관심 많다 많다 사람 라면 라면 사서 사서 사용 사용 해보다 해보다 바라다 바라다
Wallpaper Engine,친구 친구 거 산 놈 있다 확률 확률 임 물론 난 아니다
Wallpaper Engine,친구 친구 배경화면 배경화면 보다 움직이다 움직이다 헉 이 뭐 신기하다 신기하다 어떻다 어떻다 하다 물어보다 물어보다 를 사면 사면 되다 알다 알다 그래서 바로 구매 움직이다 움직이다 배경화면 배경화면 사실 하나 충분하다 충분하다 만족스럽다 만족스럽다 거기 거기 다양하다 다양하다 퀄리티 퀄리티 배경화면 배경화면 계속 계속 나오니 나오니 너무 좋다 좋다 단점 단점 컴퓨터 렉 많다 많다 하다 분 쓰기 쓰기 힘들다 힘들다 점 있다
Wallpaper Engine,좋다 좋다 아이 애 선물 선물 하다 것 추천 추천 하다 않다 컴덕 컴덕 태 해주다 해주다
Wallpaper Engine,자신 배경화면 배경화면 칙칙하다 칙칙하다 지금 당장 사다 사다 자신 개성 개성 넘치다 넘치다 직품 직품 만들다 만들다 수 있다 금 손분 손분 작품 작품 노래 노래 조화 조화 느끼다 느끼다 볼 수 있다 사양 사양 게임 하다 때 끄다 끄다 추천 추천 하다 뭐 슈퍼 슈퍼 컴 분 상관 상관 없다 여 정가 정가 좋다 좋다 일시 일시 자신 배경화면 배경화면 돈 투자 투자 싶다 싶다 꼭 사보다 사보다 눈 호강 호강 될껍니 될껍니
Wallpaper Engine,솔직하다 솔직하다 말 하다 솔직하다 솔직하다 말 하다 개인 개인 바탕화면 바탕화면 움직이다 움직이다 빼다 빼다 그저 그렇다 년전 년전 사다 사다 문제 문제 쓰다 쓰다 컴 바꾸다 바꾸다 쓰기 쓰기 시작 시작 하다 뭔가 그저 그렇다 특별하다 특별하다 기능 기능 치면 치면 그냥 바탕화면 바탕화면 일반 일반 바탕화면 바탕화면 다르다 다르다 정도 정도 단순하다 단순하다 상관 상관 없다 글카 글카 좀 잡아먹다 잡아먹다 쓰다 쓰다 겜 하다 때 프레임 프레임 드랍 드랍 생기다 생기다 참고 참고 하다
Wallpaper Engine,정말 다양하다 다양하다 배경화면 배경화면 많다 많다 개인 개인 정말 맘 듭니 듭니 다만 뭐 검색 검색 하다 그 사진 사진 들이다 들이다 나오다 나오다 제 원하다 원하다 배경화면 배경화면 찾다 찾다 서울 서울 김 서방 서방 찾기 찾기 애니 애니 좋아하다 좋아하다 그렇다 배경화면 배경화면 찾다 찾다 계시다 계시다 무조건 무조건 사다 사다 만족하다 만족하다 겁니다
Wallpaper Engine,만족하다 만족하다 화려하다 화려하다 화면 화면 움직임 움직임 그것 매우 흥미롭다 흥미롭다 이다 여러분 써다 써다 보다 즐거움 즐거움 또한 배 여러가지 여러가지 작품 작품
Wallpaper Engine,배경화면 배경화면 이쁘다 이쁘다 많다 많다 서브컬쳐 서브컬쳐 쪽 별로 별로 좋아하다 좋아하다 싫다 싫다 하다 수 있다
Wallpaper Engine,자신 바탕화면 바탕화면 만들다 만들다 남 만들다 만들다 바탕화면 바탕화면 받다 받다 프로그램 프로그램 비디오 비디오 쌩 비디오 비디오 하나 올리다 올리다 편집 편집 안되다 타 프로그램 프로그램 만들다 만들다 오다 오다 야하다 야하다 보통 보통 스샷 스샷 하나 쉐이크 쉐이크 물결 물결 주다 주다 움직이다 움직이다 것 처럼 만들다 만들다 처음 처음 만들다 만들다 보다 빡치다 빡치다 남 만들다 만들다 패키지 패키지 파일 뜯다 뜯다 공부 공부 자기 만들다 만들다 게 젤 편하다 편하다
Wallpaper Engine,다양하다 다양하다 바탕화면 바탕화면 짤 여러분 모니터 모니터 사이즈 사이즈 맞추다 맞추다 그닥 그닥 힘들다 힘들다 않다 찾다 찾다 수 있다 심지어 노래 노래 맞추다 맞추다 움직이다 움직이다 바탕화면 바탕화면 있다 또한 사회 사회 죽음 죽음 원하다 원하다 가정 가정 불화 불화 불러일으키다 불러일으키다 싶다 싶다 그렇다 욕구 욕구 충족 충족 시키다 배경화면 배경화면 있다 아니다 많다 많다 물론 걸 찾다 찾다 쓰시 쓰시 건실 건실 스팀 게이머 게이머 라면 라면 이미 이미 달성 달성 되다 것 요
Wallpaper Engine,네 씹다 씹다 들다 들다 위 배경화면 배경화면 정도 정도 구입 구입 하다 따다 따다 정말 좋다 좋다 소프트웨어 소프트웨어
Wallpaper Engine,너무 좋다 좋다 진짜 진짜 배경화면 배경화면 진짜 진짜 너무 이쁘다 이쁘다
Wallpaper Engine,니 상상 상상 하다 상의 상의 것 거 안 있다 말 알
Wallpaper Engine,성인탭 성인탭 상상 상상 초월 초월 하다 막 변하다 변하다 짤 이해 이해 하다 야동 야동 그대로 올려놓다 올려놓다 신사 신사 뭐 하다 놈
Wallpaper Engine,
Wallpaper Engine,처음 처음 바탕화면 바탕화면 방 꾸미다 꾸미다 생각 구매 하다 아시 아시 모두 손 내리다 내리다 화면 화면 감상 감상 하다 손 내리다 내리다 있다
Wallpaper Engine,아주 좋다 좋다 소프트웨어 소프트웨어 이다 오직 딸라 딸라 여러가지 여러가지 다양하다 다양하다 배경화면 배경화면 얻다 얻다 수 있다 점 있다 오직 장면 장면 아니다 영상 영상 배경화면 배경화면 있다 자신 컴퓨터 배경화면 배경화면 꾸미다 꾸미다 아주 좋다 좋다 소프트웨어 소프트웨어 것 다양하다 다양하다 태그 태그 나눠지다 나눠지다 자신 원하다 원하다 태그 태그 직접 직접 찾아보다 찾아보다 수 있다 장점 장점 있다 이 소프트웨어 소프트웨어 성능 성능 비다 비다 가격 아주 싸다 싸다 월 페이퍼 페이퍼 엔진 엔진 산 것 대해 서다 서다 결코 결코 후회 후회 하다 않다 제 후회 후회 하다 점 걸 왜 진작 진작 안 사다 사다 후회 후회 하다 하다 결론 결론 아주 좋다 좋다 소프트웨어 소프트웨어
Wallpaper Engine,매우 좋다 좋다 듀얼모니터 듀얼모니터 쓴다 쓴다 더 굳다 굳다 매번 컴퓨터 킬때 킬때 신선하다 신선하다 느낌 느낌
Wallpaper Engine,씹덕 씹덕 대해 버티다 버티다 중 정상 정상 찾다 찾다
Wallpaper Engine,처음 처음 간지나다 간지나다 배경화면 배경화면 찾다 찾다 창작 창작 마당 마당 들어가다 들어가다 남다 남다 쪽 애니 애니 배경화면 배경화면 뿐 이드 이드
Wallpaper Engine,거 왜 사다 사다
Wallpaper Engine,월 페이퍼 페이퍼 스팀 오류 오류 때문 창작 창작 마당 마당 쓰다 쓰다 씨발
Wallpaper Engine,
Wallpaper Engine,거 사시 사시 바탕화면 바탕화면 심심하다 심심하다 사다 사다 용하다 용하다
Wallpaper Engine,완전 추천 추천 함 거 덕분 덕분 컴퓨터 배경화면 배경화면 귀요미 귀요미 하다 짐
Wallpaper Engine,원 값 하다 소프트웨어 소프트웨어 당신 걸 산다 산다 당신 신사 신사 되다
Wallpaper Engine,원 적당하다 적당하다 딸라 딸라 하다
Wallpaper Engine,원 다른 하다 많다 많다
Wallpaper Engine,컴퓨터 배경화면 배경화면 예쁘다 예쁘다 만들다 만들다 수 있다 무조건 무조건 추천 추천
Wallpaper Engine,대단하다 대단하다 소프트웨어 소프트웨어 바탕화면 바탕화면 자동차 자동차 레이싱 레이싱 애니메이션 애니메이션 동물 동물 감상 감상 넓다 넓다 넓다 넓다 바다 바다 예쁘다 예쁘다 여자 여자 혹은 예쁘다 예쁘다 여자 여자 아니다 예쁘다 예쁘다 여자 여자 캐릭터 캐릭터 를 보다
Wallpaper Engine,제 거 안사면 안사면 노답 노답 임 제 거 안사면 안사면 노답 노답 임 왜 번 써다 써다 왜 번 써다 써다
Wallpaper Engine,거 만들다 만들다 개발자 개발자 나오다 나오다 보다 아주 하다
Wallpaper Engine,사막 사막 같다 바탕화면 바탕화면 화사하다 화사하다 만들다 만들다 월 페이퍼 페이퍼 엔진 엔진
Wallpaper Engine,제발 제발 태그 태그 설정 설정 좀 똑바로 똑바로 해 생각 없이 없이 거나 거나 막 올리다 올리다 사람 빼다 빼다 정말 좋다 좋다 배경 배경 많다 많다 단 그 미치다 놈 더 많다 많다 원하다 원하다 배경 배경 찾기 찾기 힘들다 힘들다 점 알 두다 두다
Wallpaper Engine,바탕화면 바탕화면 정말 멋있다 멋있다 만들다 만들다 재미있다 재미있다 꼭 사다 사다 바라다 바라다 돈 아깝다 아깝다 않다 문제 문제 튜토리얼 튜토리얼 보다 영어 영어 하나 알다 알다 들다 들다
Wallpaper Engine,추천 추천 하다 닼소 닼소 화방 화방 녀 정말 좋다 좋다
Wallpaper Engine,애니 애니 캐릭터 캐릭터 많다 많다 걸그룹 걸그룹 가수 가수 등등 직캠 직캠 배경화면 배경화면 이쁘다 이쁘다 배경 배경 좀 있다 나름 나름 만족하다 만족하다 꽃길 꽃길 뮤비 뮤비 배경화면 배경화면 꿀꿀하다 꿀꿀하다
Wallpaper Engine,빵댕 빵댕 보고 감탄 감탄 하다 읍니 읍니
Wallpaper Engine,빵댕 빵댕 보고 쌀 뻔하다 뻔하다 바탕화면 바탕화면 심심하다 심심하다 때 쓰기 쓰기 좋다 좋다
Wallpaper Engine,미치다 아트워크 아트워크 시작 시작 하다 움직임 움직임 등등 진짜 진짜 예술 예술 작품 작품 보다 느낌 느낌 주다 주다 진짜 진짜 꼭 사라 사라 왜 배경화면 배경화면 앱 걸사 걸사 용하다 용하다 되다 이유 이유 써다 써다 보다 알다 알다
Wallpaper Engine,풍부하다 풍부하다 창작 창작 마당 마당 컨텐츠 컨텐츠 낮다 낮다 점유 점유 율 추천 추천 바탕화면 바탕화면 보기 위해 스팀 로그인 로그인 하다 하다
Wallpaper Engine,원하다 원하다 배경화면 배경화면 하다 있다 좋다 좋다
Wallpaper Engine,그냥 세영 세영 똥컴 똥컴 가능 가능
Wallpaper Engine,제 컴퓨터 정말 유용하다 유용하다 꾸미다 꾸미다 있다 것 같다 너무 좋다 좋다 근데 근데 좀 아쉽다 아쉽다 점 너무 나 애니 애니 같다 것 지나치다 지나치다 편중 편중 되어다 되어다 있다 점 게임 자연 자연 중세 중세 분야 분야 더 멋지다 멋지다 것 추가 추가 되어다 되어다 하다
Wallpaper Engine,
Wallpaper Engine,움직이다 움직이다 배경화면 배경화면 만들다 만들다 수 있다 최고 최고 프로그램 프로그램
Wallpaper Engine,정말 환상 환상 영상 영상 실행 실행 어렵다 어렵다 않다 앱 유튜브 유튜브 보다 자기 원하다 원하다 되다 추천 추천 드리다 드리다
Wallpaper Engine,애니메이션 애니메이션 좋아하다 좋아하다 필수 필수 프로그램 프로그램
Wallpaper Engine,술사 술사 럭스 럭스 있다 다운 다운
Wallpaper Engine,별로 별로 써다 써다 보다 정말 예쁘다 예쁘다 같다
Wallpaper Engine,용량 용량 차다 차다 렉 없다 월 페이퍼 페이퍼 엔진 엔진 너무 좋다 좋다 다
Wallpaper Engine,렉 먹다 먹다 쓸다 쓸다 프로그램 프로그램
Wallpaper Engine,바탕화면 바탕화면 꾸미다 꾸미다 이보 이보 좋다 좋다 것 없다 같다 다른 것 좋다 좋다 크다 크다
Wallpaper Engine,덕후 덕후 쓰기 쓰기 좋다 좋다
Wallpaper Engine,아주 좋다 좋다 컴퓨터 킬떄 킬떄 눈 즐겁다 즐겁다 여
Wallpaper Engine,옹 바탕화면 바탕화면 살 움직이다 움직이다
Wallpaper Engine,
Wallpaper Engine,좋다 좋다 이상하다 이상하다 애니 애니 캐릭터 캐릭터 춤추다 춤추다 비다 비다 배경 배경 중앙 중앙 시계 시계 박히다 박히다 있다 배경 배경 진짜 진짜 다 좋다 좋다 듯
Wallpaper Engine,음 다 좋다 좋다 내 다운 다운 받다 받다 배경화면 배경화면 정리 정리 하다 폴더 폴더 만들다 만들다 기능 기능 있다 좋다 좋다 플레이 리스트 리스트 같다
Wallpaper Engine,오따꾸 오따꾸 그 켜다 켜다 은 사실 나다 나다 이유 이유 삼
Wallpaper Engine,더 이상 자세하다 자세하다 설명 설명 생략 생략 하다
Wallpaper Engine,씹다 씹다 뜨다 뜨다 억 행 덜 존경 존경 하다
Wallpaper Engine,자기 배경화면 배경화면 만들다 만들다 수 있다 나름 나름 재미 재미 있다 사진 사진 동영상 동영상 편집 편집 하다 다른 프로그램 프로그램 같이 써다 써다 되다 응용프로그램 응용프로그램 화면 화면 전문 전문 지식 지식 있다 가능하다 가능하다 그래도 메모리 메모리 별로 별로 안 먹다 먹다 정도 정도 좋다 좋다
Wallpaper Engine,컴퓨터 킬때 킬때 눈 즐겁다 즐겁다
Wallpaper Engine,으 아니다 것 굉장하다 굉장하다 도
Wallpaper Engine,아주 좋다 좋다 월 페이퍼 페이퍼 엔진 엔진 이다 바탕화면 바탕화면 심심하다 심심하다 때 기적 기적 바꾸다 바꾸다 너무 좋다 좋다
Wallpaper Engine,애 미애 미애 비 다 뒤지다 씹덕 씹덕 새끼 거르 거르 훌륭하다 훌륭하다
Wallpaper Engine,조오오오오 조오오오오 오금 오금 가격 싸다 싸다 좋다 좋다
Wallpaper Engine,다른 비슷하다 프로그램 프로그램 달리 달리 렉 리소스 리소스 많이 많이 잡아먹다 잡아먹다 않다
Wallpaper Engine,최고다 최고다
Wallpaper Engine,정가 정가 사도 사도 돈 아깝다 아깝다 않다
Wallpaper Engine,배경화면 배경화면 시간 날아가다 날아가다 기적 기적 맛보다 맛보다
Wallpaper Engine,애니메이션 애니메이션 배경화면 배경화면 마음 마음 들다 들다 않다 오른쪽 오른쪽 탭 아니메 아니메 제외 제외 장르 장르 선택 선택 하다
Wallpaper Engine,자신 가지다 가지다 기호 기호 따라서 여러 여러 가지 가지 배경화면 배경화면 손쉽다 손쉽다 구 하다 수 있다 제품 제품 움직 움직 아름답다 아름답다 이 흐르다 흐르다 배경화면 배경화면 사용자 사용자 마음 마음 흐뭇하다 흐뭇하다 만 들어주다 들어주다
Wallpaper Engine,정말 대단하다 대단하다 제품 제품 이다 창작 창작 마당 마당 없애다 없애다 더 대단하다 대단하다 수 있다 것 같다
Wallpaper Engine,제발 제발 짱깨 짱깨 새끼
Wallpaper Engine,거 자체 자체 진짜 진짜 괜찮다 괜찮다 애니 애니 배경 배경 따로 따로 항목 항목 만들다 만들다 하다 구분 구분 해주다 해주다 좋다 좋다 애니 애니 도배 도배 되다 마음 마음 들다 들다 배경화면 배경화면 찾기 찾기 힘들다 힘들다
Wallpaper Engine,메모리 메모리 넉넉하다 넉넉하다 상관없다 상관없다 쓰다 쓰다 를 쯤 먹다 먹다 켜다 켜다 게임 하다 버벅버벅 버벅버벅 함 그래도 뭐 훌륭하다 훌륭하다
Wallpaper Engine,오버 오버 워치 워치 다가 다가 자꾸 자꾸 바탕화면 바탕화면 나 가짐 가짐 어쩌지 어쩌지
Wallpaper Engine,처음 처음 사면 사면 기본 기본 시간 바탕화면 바탕화면 소통 소통 하다 들어주다 들어주다
Wallpaper Engine,오타쿠 오타쿠 배경 배경 싫다 싫다 창작 창작 마당 마당 검색 검색 하다 충분하다 충분하다 멋지다 멋지다 배경화면 배경화면 찾다 찾다 또 유투브 유투브 링크 링크 배경 배경 넣다 넣다 유투브 유투브 플레이 어로 어로 네이버 네이버 웹툰 웹툰 보다 원 전혀 전혀 아깝다 아깝다 않다 프로그램 프로그램
Wallpaper Engine,바탕화면 바탕화면 보다 시간 바탕화면 바탕화면 찾다 찾다 구독 구독 하다 시간 더 많다 많다
Wallpaper Engine,조항 조항
Wallpaper Engine,컴 바탕화면 바탕화면 움직이다 움직이다 걸 듣다 듣다 사다 사다 내 원하다 원하다 바탕화면 바탕화면 있다 좋다 좋다 진짜 진짜 신세계 신세계 보고 있다
Wallpaper Engine,오타쿠 오타쿠 진짜 진짜 모으다 모으다 패 싶다 싶다
Wallpaper Engine,데햇 데햇 걸 햇 다 능 데햇 데햇 게이 븐뉴웰 븐뉴웰 짱짱 능데햇 능데햇
Wallpaper Engine,진짜 진짜 좋다 좋다 프로그램 프로그램 오다 오다 창작 창작 마당 마당 보다 정말 말 나오다 나오다 정도 정도 점령 점령 당하다 당하다 스팀 차원 차원 아니메 아니메 필터 필터 링 하다 수 있다 수단 수단 만들다 만들다 그만큼 그만큼 나아지다 나아지다
Wallpaper Engine,아이디어 아이디어 좋다 좋다 창작 창작 마당 마당 혼 모노 모노 천지 천지 거기 거기 보다 아니다 컨텐츠 컨텐츠 자다 자다 마냥 마냥 가져오다 가져오다 공식 공식 올리다 올리다 달라 달라 징징 징징 되다 보다 더욱 더욱 답 없다 소프트웨어 소프트웨어 자체 자체 괜찮다 괜찮다 창작 창작 마당 마당 관리 관리 필요하다 필요하다
Wallpaper Engine,좋다 좋다 오타쿠 오타쿠 같다 이렇게 많다 많다
Wallpaper Engine,사촌동생 사촌동생 거 보고 오덕 오덕 고 의심 의심 함 선량하다 선량하다
Wallpaper Engine,자신 원하다 원하다 배경화면 배경화면 만들다 만들다 다운 다운 받다 받다 행복 행복 느끼다 느끼다 잇다 잇다 좋다 좋다 것 같다
Wallpaper Engine,
Wallpaper Engine,굉장하다 굉장하다 자다 자다 사용 사용 있다 한가지 한가지 아쉽다 아쉽다 점 있다 배경화면 배경화면 폴더 폴더 별로 별로 정리 정리 하다 수 있다 기능 기능 추가 추가 해주다 해주다 좋다 좋다
Wallpaper Engine,엄청 엄청 좋다 좋다 움직이다 움직이다 불구 불구 메모리 메모리 안 먹히다 먹히다 맞다 맞다 대신 대신 제일 제일 싫어하다 싫어하다 중국사람 중국사람 애니 애니 가득 가득 넣다 넣다
