title,review_clear1
Hollow Knight,"Posted: February 24
[[ 그래픽 ]]
□ 황홀함
■ 멋있고 개성 있음
□ 개성 있음
□ 괜찮음
□ 어느정도 괜찮음
□ 불편함
□ 눈을 버리고 싶어짐

[[ 사운드 ]]
□ 지림
■ 찰짐
□ 알맞음
□ 괜찮음
□ 싫증남
□ 구림
□ 고막을 찢고 싶음

[[ 인터페이스 ]]
□ 게임이 나를 엄마보다 잘 챙겨줌
□ 유저 친화적
■ 크게 불편하지 않음
□ 약간 불편함
□ 비효율적이고 답답함
□ 플레이 자체가 노동

[[ 사양 ]]
□ 할머니댁 컴퓨터
□ 노트북
□ 보급형 컴퓨터
■ 적당한 컴퓨터 - 생각보다 사양이 높습니다.
□ 고사양 컴퓨터
□ 초고사양 컴퓨터

[[ 한국어화 ]]
□ 번역이 원본을 뛰어넘음
■ 제대로 한국어화가 되어있음
□ 한국어화가 되어있는데 애매함
□ 유저 한국어화가 되어있음
□ 유저 한국어가 되어있는데 애매함
□ 비한국어화지만 지장 없음
□ 비한국어화로 플레이가 어려움

[[ DLC ]]
□ 없음
□ 캐릭터 꾸밈 컨텐츠나 가벼운 추가 컨텐츠(무기, 아이템, 추가 임무)를 구매할 수 있음
■ 확장판 수준의 컨텐츠 추가 DLC가 하나 혹은 몇 개 있음
□ 컨텐츠의 대부분을 DLC로 발매함
□ DLC를 구매하지 않으면 게임 플레이에 지장이 있음

[[ 모드 ]]
□ 모드가 이 게임의 핵심
□ 다양하고 종류가 많음
■ 비공식 추가 컨텐츠 모드들이 있음
□ 텍스처 개선 및 커스텀 스킨 등 가벼운 모드 위주
□ 모드 설치 불가능 / 모드 제작자 없음

[[ 난이도 ]]
□ 세 살 조카도 가능
□ 우리 엄마도 가능
□ 켠김에 왕까지 문제 없음
□ 난이도를 줄이는 방법이 있음
■ 적응되면 할 만함
□ 고인물 게임
□ 사람이 할 짓이 아님

[[ 스토리 ]]
■ 소름 돋음
□ 튼튼하고 독창적임
□ 튼튼함
□ 평범하지만 개성있음
□ 무난함
□ 무난하지만 엉성함
□ 부실함
□ 발로 썼냐
□ 뇌를 씻고 싶다

[[ 레벨 디자인 ]]
□ 레벨 디자인 교과서
■ 독보적임
□ 참신함
□ 평이함
□ 허술함
□ 부조리함
□ 한숨이 절로 나옴

[[ 플레이타임 ]]
■ 100시간 이상
□ 50시간 이상
□ 30시간 이상
□ 10시간 이상
□ 5시간 가량
□ 1시간 이하

[[ 버그 ]]
□ 발견하지 못함
■ 크게 신경 쓰이지 않음
□ 꽤 많음
□ 플레이 불가 수준
□ 게임 자체가 버그 덩어리

[[ 몰입도 ]]
■ 정신을 차리고 보니 다음날
□ 시간이 너무 잘 감
□ 빠져듬
□ 적당함
□ 집중이 안 됨
□ 합법 고문

[[ 중독성 ]]
■ 일상생활이 안 됨
□ 다른 일을 하다가도 생각이 남
□ 가끔씩 하고 싶음
□ 엔딩 본 이후로 안하게 됨
□ 이런 게임이 있었나..?

[[ 노가다 ]]
□ 필요 없음
□ 필요한 부분만 하면 됨
□ 노가다를 해야 해금되는 요소가 있음
□ 게임 내의 불편한 점을 해소하려면 노가다를 해야함
■ 노가다를 여러가지 해야 됨
□ 노가다를 하지 않으면 아예 진행이 안 됨

[[ 게임성 ]]
□ 완벽에 가까움
■ 정교함
□ 쫄깃함
□ 적절함
□ 부족함
□ 지루함
□ 게임이 아님
□ AVGN

개인적 평가: 재밌고 캐릭터도 귀엽고 게임성도 좋아요. 저는 할인할때 샀지만 정가로 사도 충분한 값을 한다고 생각해요. 나중에 기회가 된다면 DLC도 사보고 싶을 정도에요! 이 평가까지 읽으셨으면 구매할만 하지 않나요?? 같이 실크송 망령이 되어봐요!
+추가
지금이 게임은 제 인생게임이고 이 게임 없었으면 진짜진짜 너무 할 게임이 없었을정도로 많이 하고 있어요! 귀여운 그래픽에 난이도퍼즐게임을 좋아하신다면 강추드려요!


그래서 실크송 언제나와"
Hollow Knight,"Posted: May 25, 2018
인디 팀에서 만든 메트로베니아 게임 할로우 나이트입니다. 스토리는 대충 귀여운 벌레 주인공이 '거대거대거대'한 왕국을 여행하며 '다크소울 그거'하는 내용입니다. 훌륭한 음악과 좋은 게임 디자인이 합쳐져 정말 재미있게 플레이했던것 같습니다. 저는 이 게임에 대해 무슨 말을 해야할까요? 키보드 워리어가 되기 힘든 게임입니다. 쓰고 지우고, 쓰고 지우고... 너무 개쩌는 게임입니다.

분량.. 많습니다. 제가 30시간을 해서 103% 클리어했내요. 가볍게 플레이할 생각은 하지 않는게 좋습니다. 저같은 경우는 굉장히 지쳐서 다시 할 생각이 들지 않을 정도입니다.

진보스를 보기 위해 클리어해야하는 지역인 백색 궁전이 플랫포밍 기믹인게 좀 아쉽습니다. 진엔딩과 진보스를 보려는 두근두근한 마음이 가시에 닿을때마다 점점 식더라구요. 후반부 지역을 플랫포밍으로 때운 다른 게임으론 역시 형제격인 솔트 앤 생츄어리가 있군요. 찬찬히 생각해보면 백색왕궁만큼은 솔트 앤 생츄어리의 그 어느 지역보다 더 심했던거같습니다.

온갖 전투 기술을 다 받고, 정작 조우하게 될 지역은 그런거 안쓰고 타이밍 맞춰 벽 점프 or 벽 S or 하단 칼질만하는 지역이면 조금 슬픈거같습니다. 대못사부 세명에게 전수받은 기술은 바보들의 투기장 3막을 제외하곤 전혀 쓸모 없었는데, (심지어 그중에서도 강타 한개) '차라리 백색 궁전의 기믹은 중후반이나 히든 지역으로 옮겨두고 전투 위주로 하는게 어땠을까?'하는 아쉬움이 남네요. (물론 대못사부들의 기술은 충분히 좋은 기술이지만 게임을 진행하면서 이것에 대해 사용해야할 필요성을 별로 느끼지 못했습니다.)

지역적으로 아쉬운 곳을 뽑자면 수정 봉우리를 뺄 수 없겠군요. 애벌레를 구하려면 프레스기를 패스해야하는데 이 프레스기가 너무 너무 너무 너무 너무 너무 너무 싫었습니다. 처음엔 그 타이밍이 너무 말도 안된다고 생각해서 섀도우 대시를 얻으면 편하게 가는건줄 알았습니다만 이게 왠일, 그냥 어려운거였습니다 -_-; 진짜 그 구간 싫어요..악몽 그 자체입니다..거기만큼은 백색왕궁이었습니다..

길찾기에 대해선 그렇게 어려운 생각은 안들었네요. 지도의 안가본 부분을 계속 찾아서 가는 즐거움이 있었습니다. 보스전에 대해서는..개인적으로 게임의 모든 보스를 통틀어 사마귀 군주들이 제일 좋았습니다. 그러고보니 배신자 군주 얘는 대체 왜 2딜인지 모르겠어요. 이거 떄문에 뚝배기 터지고..가는 길은 묘하게 짱나고.. 라스트 보스는 라스트 보스치곤 좀 비겁했던거같아요. 혼자 2딜 박고.. 트라이 정말 많이했내요.

길 찾기, 탐험류를 좋아하는 사람이라면 정말 즐겁게 오래오래 할 게임입니다. 추천할 수 밖에 없는 게임이에요. 하지만 길찾기를 헤매거나 어려운 것을 힘들어하는 사람이 있다면 그 사람을 개인적으로 레벨업 시킨 뒤에 이 게임을 추천하는게 어떨까 싶습니다."
Hollow Knight,"Posted: February 5, 2020
보통 이런 어려운 게임은 '앗쉬 겁나 어렵네'라며 비추를 주는 사람들에 의해 평가는 매우 긍정적정도로 나오지만, 이 게임은 그냥 압도적으로 긍정적이었다. 일단 여기서 한번 끌렸다. 스팀친구분께 추천받아 간간히 들어본 게임이긴 해서 찜목록에 추가해놓고 있다가 설 연휴로 세일하길래 사봤는데..아니 내가 왜 이걸 진작 안했지 싶은 게임이다. 일단 너무 재밌다. 내가 이렇게 겜에 불타올라본 적이 오랜만이다. 이게 왜 그런가 생각해봤는데 나온 결론이 게임을 너무 잘 만들어서이다. 보통 다른 게임에서 NPC들이 나를 '모험가'나 '여행자' 라고 부르는 것에서 나는 아무 느낌도 들지 않았는데, 이 게임은 진짜 그런 기분이 난다. 정말로 지역을 탐험하는 듯한 느낌이 난다. 내가 길치임에도 불구하고 이런 재미를 느낄 수 있다니 신선했다. 느껴지는 성취감이
보스 클리어: ★★★★★라면
새로운 지역을 발견했을때: ★★★★★★★★이다.
그렇다고 보스를 잡았을때 성취감이 없다는 게 아니다. 얘네들이 어렵긴 한데 보스들이 각각 고유의 패턴들을 가지고 있어서 그 패턴들을 조금씩 분석하고 익숙해지면 쉽게 잡을 수 있을 것이다. 보스가 겁내 힘들다면 잡았을때 성취감마저 엄청날 것이다. 이런 점이 마음에 들었다. 보통 게임이 어려우면 '아니 답없네 이걸 어떻게해' 하고 빡종하지만 이건 계속 죽더라도 이미 내 머릿속으로는 이론상으로 보스의 뒤통수를 후려갈긴 상태라서 계속 트라이하게 되는 것 같다.
몽환적이고 아름다운 그래픽이나 하는 내내 귀를 호강시켜주는 BGM, 귀여운 캐릭터들도 마음에 든다. 근데 깊은둥지< 여기는 어우야 ㅆ
그렇다고 단점이 없는 것도 아닌게, 길찾기가 정말 뭐같다. 앞에서 탐험하는것 같다고 뭐라뭐라 하긴 했는데, 지도에서 어 여기 안가봤네? -> 아 막혀있었구나 -> 어 여기 안가봤네? -> 아 막혀있었구나 -> 어 여기 안가봤네? -> 아 막혀있었ㄱ십ㅂ 한 이렇게 무한반복해서 진엔딩까지 플탐이 51시간이나 나온 것 같다. 또 게임이 좀 불친절해서도 그런 것 같다..
그 핑크색 뿅뿅이 하단공격하면 반동으로 높이 튀어오른다는걸 모르고(지금 생각해보니 신선했던 시스템) 잘 안착하면 뿅뿅이가 일반 지형으로 인식되어서 일반 점프를 할 수 있던 버그로 열심히 길 올라가다가 나중에서야 알았었던 기억이 있다. 또한 안죽도록 설계된 애를 1시간동안 죽이려고 붙잡고 있다가 켜무위키 보고 안죽는다는걸 알고 현탐온적도 있다. 이렇게 날린 플탐만 한 5~6시간은 될 것이다.. 그렇다고 이런 불친절한 시스템이 플레이어가 직접 알아가는 재미를 느껴보게 해주기도 하니 단점만은 아닌 것 같다.
그리고 좀 디엘시좀 유료로 내줘요 살게.....
전체적인 틀을 잡지 않고 나열하니까 나도 읽기 혼란스러운데
이 겜을 한 단어로 요약하면


갓겜"
Hollow Knight,"Posted: May 10, 2018
100%채우고 진엔딩까지 보고도 놓지를 못하겠음.
그래서 못지우고 가끔씩켜서 맵돌아다니고 추억회상하고.
새로시작해서 깼던보스 다시깨고, 했던미션 다시하고, 샀던지도 다시사고...
오리를 너무 여운깊게했던터라 비슷한게임찾다가 하게됐는데
난이도, 맵, 스토리, 보스 모든게 오리보다 한수위라고 봄.
아직도 할로우 나이트 브금들으면 소름돋음.
꼭 한번 해보셈. 님들 인생에 한 획을 그을 게임이 될거임."
Hollow Knight,"Posted: February 11, 2021
도전과제 63개 중 62개 깨고 남기는 평가 - 80시간 박고 결국 다 깸

지도가 제공되지만 결국 내가 탐험해서 완성시켜야 하고 숨겨진 길도 많은 편이라 길찾기가 쉽지만은 않다.
몇몇 길에는 가시가 있어 가다가 맞으면 처음으로 돌아가게 되어있다.

보스전은 패턴 숙지를 해야 무난하게 깰 수 있는데 왠만한 사람들은 1트에 보스깨기는 무리일 것이다.
하지만 계속 도전하다 보면 패턴에도 익숙해 지고 게임을 한 만큼 내 실력도 올라가기에 어느순간 보스를 잡고 성취감을 느끼고 있는 나 자신을 보게 된다.

내가 수집욕이나 도전정신이 남다르다고 생각되는 사람이면 무조건 플레이해봐야 한다고 생각하는 게임이다."
Hollow Knight,"Posted: July 25, 2021
정말 재미있는 편이었다.
허나, 이런 메트로배니아류의 게임을 접하지 못한 사람에게는 절망을 안겨줄 것이다.
정말 극악무도한 난이도로 한대 맞았다고 가면 깨지는 걸 보니 rpg를 한 내가 절망스러웠다.
개인적으로 맞든 말든 탱크형 형식으로 게임을 즐기던 사람이었는데 여러모로 공격형이 되어가는 내 모습이 인상적이었다.
스토리 라인은 매우 견고하고 흥미로운 편이고, 세계관 구축이 정말정말 잘되어있어서 난이도만 제외하면 몰입력이 상당했다.
다만 적극적으로 스토리를 설명해주는 편이 아니라, 찾아다니면서 스토리를 캐내야했는데 탐험심을 요구하는 것 같아 개인적으로 즐거웠다.
2번 죽으면 지오가 공중부양해서 샷건을 많이 치는 바람에 상다리가 휘어지긴 했어도 이 게임은 50000원을 요구해도 살만한 가치를 지녔다고 생각한다. 아 물론 내가 다 깨서 할 수 있는 말이긴 하다.
정말 이 게임 공략 영상을 너무 많이 봤다.
그리고 그 영상 찍으신 분들 존경합니다.
여튼간에 자신이 컨트롤에 자신이 있다고 생각하면 아주 격하게 추천하고, 만일 컨트롤이 약하고, 한 게임에 20시간이 달하는 노력을 하지 못하는 사람에게는 비추천한다.
나처럼 컨트롤 약하지만 한 게임에 20시간 정도는 그냥 투자할 수 있는 사람에게는 아주아주 추천한다. 보스 한명을 잡아 죽일 때 마다 그 희열이 장난아니다."
Hollow Knight,"Posted: March 7, 2021
""하.....망겜 진짜....""


...
(다시 시도한다)

개인적으로 하면서 느낀 점들

- 주인공은 뒤집어진 이빨(...)이 아니라 사슴벌레다.
- 전반적으로 하드코어하다.
- 스토리도 하드코어하다. 내가 분명 바보가 아니라면 주인공은 도대체 무엇 때문에 이 세상을 배회하고 있는가? 언어영역 풀듯이 해보자
- 게임 내에서 등장하는 캐릭터들의 대화들은 분명히 한국말인데 그들의 언어로 말하기에 간단히 즐기기엔 좀처럼 이해하기 힘들다. 우리 시점(?)으로 이해하기 조금 어렵다고 해야 할까. 아이템 설명도 직접 이용해보지 않는 한 이게 도대체 뭐에 쓰는 것이여? 할 수 있음. (EX. ""이것은 우리같은 애들에게 지상에서의 천국같은 느낌을 가져다주지"" -> ""회복약"" 같은 느낌)
- 전투 시 전반적으로 플레이어들의 플레이 패턴을 노리고 공격해서 정말x10 개빡침. 개똥벌래 같은 녀석들을 우리가 왜 싸워야 할까? 도대체 왜? 짜증나는건 둘째치고 개연성이 없는 부분이 조금 많으며, 왜 이렇게 굴러가는지 알 수 없는 경우가 많다.
- 이 게임을 공략없이 할거라면 처음부터 갈 수 없는 지역 또는 구간을 하나하나 체크해야 한다. 구역 진행을 숫자로 한다면 1 -> 2 -> 3 -> 2 -> 5 -> 1 -> 4 ... 이런 식으로 흘러감. 즉, 후에 배운 스킬을 이용해서 기존에 갈 수 없던 지역을 가야 한다.

무엇보다 이 게임에서 제일 많이 생각하게 되는 것은...



""내가 지금 무엇을 해야 하지? .. 도대체 뭘 해야 하지?.."""
Hollow Knight,"Posted: December 28, 2021
아름답고 아기자기한 그래픽,감성 넘치는 BGM,재밌는 전투까지 뭐하나 빠질게 없이 완벽하다
2인 작품이라는게 믿기지가않는 게임"
Hollow Knight,"Posted: September 29, 2020
Product received for free

벌레 징그러워서 소름이 돋을 정도로 싫어합니다.
근데 친구가 이걸 던져주고 깨래요. 개 같은 인간입니다.


재밌네요. 좋은 친구를 뒀습니다."
Hollow Knight,"Posted: October 10, 2017
불닭볶음면 같은 게임.

맛있는데 맵다.... 엄청 맵다 ..ㅠ 근데도 계속 하게된다.

아직 절반도 플레이하지 않았지만, 구매에 후회는 없을 게임."
Hollow Knight,"Posted: June 3, 2020
내 인생 첫 메트로베니아 게임이며 내 어린 시절 모험한다는 기분을 다시 느끼게 해주었다.
처음으로 땅의 마을에 방문해서 신성둥지로 내려갈 때의 기분은 아직도 잊지 못할 거다.
한 지역을 클리어한다면 보상을 받고 점점 새로운 지역으로 나아가는 느낌이 너무나 좋았다.
이동 기술을 얻을 때마다 모험을 즐기는 구간은 더욱 많아져
게임의 폭을 갑자기 확 넓혀 주어서 순간 나는 당황스러웠지만
그만큼 도착 가능한 지역들에 또 무엇이 있을지 너무나 기대가 되었다.
지도의 빈부분을 채워 나가며 모든 장소들을 지도에 그렸을 때의 쾌감은 정말 오랜만에 느껴보는 느낌이었다.
나쁘게 말하자면 맨땅에 헤딩이지만 모험이라는 느낌을 정말로 원하는 사람이라면 나는 추천을 마다하지 않을 것이다"
Hollow Knight,"Posted: June 17, 2017
유저 한글판이 업데이트로 인해 막혀서 영문으로 하고 있는데도

다크소울 + ori같은 메트로배니아 게임의 액션을 너무 잘 살려서 재밌습니다.

ost와 분위기도 일품입니다. 정말 갓겜이라 안할수가없네요.

영문사전 찾아가면서 엄청 집중하면서 하는 중입니다. dlc도 기대됩니다. 공식 한글패치가 나온다고 합니다.

높은 완성도와 액션성, 재미 다 보장합니다. 갓겜."
Hollow Knight,"Posted: November 23, 2017
<아주 애정하는 최고의 게임>

16000 정가가 아깝지 않음. 심지어 dlc 없이 업뎃도 계속되고 있음

첫 보스 때려잡고 입덕해버렸음 (너무 커여운거 아니냐!!!?!_무기 그것.. 못봤으면 꼭봐야함)
노래고 배경이고 인물들이고 도대체 부족한 것이 없음
*단, 매운맛 주의 (난 재밋게함. 이래야 깨는맛이 있지. _다크소울류)

맵 시스탬 그지같다고 저평하시는데
솔직히 빠른속도로 앤딩보고싶으신 분들은 힘든 것이 맞음

그러나 맵 구석구석 숨어있는 깨알 포인트들을 찾아본다면,
이 세계관과 캐릭터들에게 애정을 가지게 되는 자신을 발견할거임
그 순간 이 맵 시스탬은 문제가 되지 않음

하루하루 게임을 하면서
""아 벌써 끝나면 어떡하지 더 즐기고싶다.""
이 생각으로 가득했음
솔직히 이런생각이 드는 게임은 처음이었음;;

아 일단 사서 해보세요. 빠져든다니까"
Hollow Knight,"Posted: August 13, 2019
고귀한 존재들, 당신들을 위해 말한다.

이 세상속엔 위대하고 신비로운 이야기가 숨겨져있다.

그것들을 눈과 손가락, 그리고 머릿속에 꼭꼭 담아두도록 하라.

최후이자 유일한 문명, 그리고 영원한 왕국, 신성둥지를 아름다운 음악과 함께 탐험해보아라."
Hollow Knight,"Posted: December 7, 2021
최고의 게임.. 개인적으로 애벌레를 무서워해서 수로에서 너무 힘들었지만 뇌 빨아서 기억 지우고 다시 하고 싶어요 모든 사람들에게 추천합니다 고통을 즐기는 사람이라면 더더욱 추천합니다
실크송도 주세요"
Hollow Knight,"Posted: January 21, 2018
1. 길치다.
2. 발컨이다.
3. 직관적이고 친절한 게임을 원한다.
4. 계속 공략을 봐 가며 하기는 싫다.

어렵다고 하는 건 봤어도 게임성을 까는 사람은 잘 못 봄.
하지만 위 내용 중에 몇 가지가 해당되시면 고민 좀 해 보시고 구입하시길..
할인 해서 샀다가 라이브러리에서 썩는 건 순식간"
Hollow Knight,"Posted: February 13, 2020
역시 명성대로 대단한 게임은 맞다.

인디게임이라 가볍고 심플할줄 알았는데 전혀 아니다.

왠만한 AAA게임들보다도 꽉차있고 긴장감 하나는 손에 꼽을 정도다.

다크소울 정신을 이어받아서 그런지 매우 불친절하고 어렵다.

처음 시작을 하게되면 이상한 마을에 홀로 던져진다. 그게 끝이다.

뭘 해야 되고 어디로 진행을 해야되는지 전혀 알려주지 않는다.

홀로 NPC들을 찾아다니며 정보를 캐내고 맵을 발견하며 스토리를 이어나가야 한다.

하지만 진행하면서 만나는 몹들은 그런 주인공을 쉽게 반겨주지 않는다.

귀여운 캐릭터들을 보고 만만하게 봤다면 큰코 다친다.

이 게임은 그런 게임이다.

목표가 노멀엔딩수준이라면 그럭저럭 할만할지도 모른다.

하지만 진엔딩이라면 다크소울을 넘어서 극악의 난이도를 보여준다.

컨트롤에 자신이 없다면 노멀엔딩까지만을 보는걸 권한다.

그러나 반대로 자신의 손가락을 믿고싶다면 한번 시도해보라.

엄청난 도전 욕구가 생길것이다.

이런점들이 이게임의 묘미가 아닐까 생각한다."
Hollow Knight,"Posted: April 16, 2019
주인공의 기원과 왕국 파멸의 원인을 찾아서 떠나는 멋진 모험기. Hollow Knight

나에게 있어서는 비주얼, 구성, 만족감 모두 높은 점수를 주고 싶은 최고의 메트로베니아 어드벤처 게임이다. 정적인 분위기속에서 조용하게 풀어나가는 스토리와 배경 설정, 매력적인 캐릭터들, 다채롭게 설계된 맵, 몬스터들의 패턴 등 2명이서 개발했다기에 너무나 대단한 요소들을 두루 갖춘 게임이라 생각된다. 게다가 이 게임의 가격이 16000원이라는 것과 엄청난 분량의 무료 DLC 업데이트를 보고있자면 팀 체리의 개발자 두분은 정말 부처가 아닐까 생각이 된다. 너무 아낌없이 주는 게 아닐까. 그리고 유료 DLC를 처음 내시겠다고 하더니 아예 호넷이 주인공이 된 후속작을 가지고 오셨다. Team Cherry.. 당신들은 도덕책."
Prehistoric Kingdom,"Posted: 28 April
EARLY ACCESS REVIEW
8년간의 존버는 옳았다

장장 8년을 기다린 게임이 드디어 나왔습니다. 너무나도 감격스럽습니다. 이 게임의 제작발표가 나온 시점부터 모더들이 만들어준 것들을 다운받은 채 주타이쿤 2와 쥬오제를 하며, 저 게임은 언제 나올지 줄곧 기다려왔습니다. 군대에 가기 직전 킥스타터 모금에도 참여했습니다. 킥스타터 모금이 완료되자 본격적으로 개발이 시작되었을테니 전역하면 게임이 나오겠지 하고 기대에 부풀었지만 게임은 나오지 않았습니다. 그래도 개발은 줄곧 이루어졌고, 작년부터 후원자들을 위한 특권들이 풀리기 시작했습니다. 그래서 다른 사람들보다 먼저 즐겨보고 난 뒤 판단할 수 있었습니다.

저는 확실히 프킹을 줄곧 기다린 보람이 있었다고 생각합니다. 프킹의 킥스타터 언급이 나오기 시작하던 시점에 또다른 공룡 동물원 건설 게임인 쥬라기 월드 에볼루션의 제작발표가 있었고, 당시에는 어쩌면 프킹을 묻어버리는 것이 아닌가 하는 생각도 들곤 했습니다. 하지만 나중에 그 게임을 해 보니 그런 생각은 들지 않을 정도로, 상당히 실망스러웠습니다. 사실 쥬오제 이후 15년만에 나온다는 정통 쥬라기 공원 건설 게임인만큼 그래도 나름대로 기대를 했건만 자유도의 부재라던가 맵의 규모 면에서 생각한것만큼 뭔가를 만들어내기 힘들다는 점은 상당히 실망스럽게 다가왔습니다. 그래도 쥬라기 월드 에볼루션 2에서는 그나마 게임으로서의 구색을 맞추긴 했다고 생각하지만 굳이 추가했어야 하는지 궁금해지는 그런 귀찮은 요소들도 존재합니다. 공룡 생겨먹은 거 신경 안 쓰고 게임성 부분만 봐도 상당히 불친절했기에 별로 안 좋아합니다.

아무래도 고생물을 소재로 한 파크빌더 시뮬레이션 게임인만큼 쥬라기 월드 에볼루션 시리즈와 비교를 하지 않을 수 없다고 생각합니다. 프리히스토릭 킹덤은 상당히 편의성이 좋은 편이라고 생각합니다. 일단 제가 프리히스토릭 킹덤 내에서 높게 사는 점들은 동물을 들여오는 부분이나 아이템들의 다양성들과 같은 부분들도 존재하지만 무엇보다도 플래닛 주나 플래닛 코스터처럼 자유로운 건설을 지원한다는 것입니다. 이렇게만 보면 상당히 단순한 이유들이라고 생각하실 수 있겠지만 사실 이는 강점입니다. 건물을 하나하나 만든다는 것이 그리 쉽지는 않습니다. 트렐로에 올라온 로드맵을 보면 한두달 내에 창작마당을 지원할 예정이라고 합니다. 디스코드 내에서 자신들이 만든 건물들을 올리는 곳도 있지만, 창작마당이 공식적으로 지원된다면 플래닛 주나 플래닛 코스터에서 그랬던 것과 같이 다른 사람들이 만든 파일들을 다운받아서 적용할 수 있습니다. 게임이 '완성된다면' 어떤 게임이 나올지 상당히 기대됩니다.

저는 프리히스토릭 킹덤에 걸었던 8년간의 기대가 헛되지 않았다고 생각합니다. 이것이야말로 우리가 정말 기다려온 공룡 게임이라고 생각합니다. 한글화에 기여할 수 있다면 반드시 참여까지 하고 싶습니다. 번역을 해 보고 싶으신 분들이 있다면, 사우루스랑 사우르스 중에서 무슨 표기법이 옳은지 구분할 줄 아시는 분들은 언젠가 저랑 같이 작업합시다. 그래도 공룡 좋아하는 사람들이 번역을 해야 잘 되겠죠? 파카사우루스 번역 꼴 나면 안 되니까요."
Prehistoric Kingdom,"Posted: 28 April
EARLY ACCESS REVIEW
몇년을... 기다린거지...?
아무튼 취소 안되고 나와줘서 너무 고맙다!!!!"
Prehistoric Kingdom,"Posted: 28 April
EARLY ACCESS REVIEW
공룡대탐험 나이젤 마븐과의 선사시대 왕국
대략 5년간 저의 스팀 찜목록 1위를 차지했던 게임이 드디어 저의 라이브러리에 추가가 되었습니다.
오랫동안 기다렸던 게임인만큼 실망했던 점들도 있었으나, 좋았던 점들도 있었습니다.

먼저 좋은 얘기부터 하고 갑시다, 장점들입니다.

* 공룡을 괴물이 아닌 동물로서 봐주는 점
- 쥬라기 월드 에볼루션 시리즈를 하면서도 아쉬웠던게 초식공룡들은 그나마 동물 같았으나 육식공룡쪽은 다 하나 같이 괴물 같이 공격적이고 자신이 마음에 들지 않으면 일단 부수고 죽이는 느낌입니다.
허나, 프리히스토릭 킹덤에서의 육식공룡들도 동물 같이 대해주며 우리 안에서 밥 먹고, 물 마시고, 자고, 똥 싸고 하는 모습이 집에서 키우는 애완동물 같았습니다, 내가 혼돈의 공원을 운영하는게 아닌 동물원 경영을 하는 중이라는 느낌을 줘서 만족스러웠습니다.

* 성우로 직접 참여한 나이젤 마븐
- 공룡대탐험, 바다괴물, 프리히스토릭 파크등 선사시대 동물 관련 페이크 다큐에 출연 하셨던 나이젤 마븐이 이 게임에서 성우이자 캐릭터로 참여했습니다. 어렸을 때 TV에서 더빙된거나 DVD랑 VHS 아주 많이 돌려보면서 저에게 어렸을 때의 공룡 아저씨가 다시 한번 공룡을 소개시켜주며 친절히 게임을 설명해주시는게 너무 좋았습니다. 마치 어린 아이 시절로 돌아간 기분이었습니다.

*
2022년 4월 28일 앞서 해보기 기준으로 몇몇은 우리가 쥬라기 공원에서 보던 모습이 아니라 놀랄 수도 있는데 전 오히려 현실적인 디자인의 공룡들이 더 마음에 들었습니다.
특히 사람들 사이에서 얘기가 많은 털 공룡들이나 최근에 복원도가 바뀐 공룡들의 경우 개발자들이 신경써서 리모델링 하는 걸 보고 앞으로 더 많이 추가될 동물들과 스킨들이 기대됩니다.

*
- 이 게임은 플래닛 주의 건축 스타일을 갖고 있습니다. 모듈 형식이며 자기가 원하는 모습의 건물을 일일이 만들 수 있으며, 개발자가 만들어 놓은 건축물로도 채워 놓을 수 있습니다.
아주 높은 자유도의 건축 시스템이라 플래닛 주에서의 시스템을 좋아하시는 분들이라면 마음에 드실겁니다.
또한 맵도 아주 넓어서 자신이 짓고 싶은 공원의 모습을 모드나 제한 없이 만드실 수 있습니다, 나중에 플래닛 주처럼 우리나라 에버랜드 모습의 공원 만드는 분도 나타나시면 좋겠네요.

*
- 앞서 해보기 출시 후 매분기별 연간 총 4번의 대규모 업데이트와 매달 마이너 업데이트가 있을 예정입니다. 인디 개발사인걸 생각하면 매우 힘든 사항이 될 수도 있는데 매달 정기적으로 컨텐츠 추가가 약속되어 있는 점이라 앞으로가 기대됩니다.

그리고 단점입니다

*
- 아직 앞서 해보기인 상태이지만 뭔가 게임으로서 출시한게 아닌 '테크 데모' 단계로 출시한 느낌이 들었습니다.
현재 시나리오 모드로 튜토리얼만 가능하고, 챌린지와 샌드박스 모드로 자기가 원하는 공원을 꾸미고 만들 수 있으나, 게임으로서의 목적이나 무엇을 해야하나 등 뭔가 정해진 길이 없이 너무나 자유로워서 길을 잃을 정도입니다.
사실상 지금 컨텐츠는 공원 꾸미고, 사진 찍기와 다큐 촬영이 전부인 상태
주타이쿤2와 쥬오제의 정신적 후속작인지라 게임으로선 경영 시뮬레이션이지만, 아직 경영 시스템이 제대로 있는 거 같지도 않고, 관람객들은 돌아다니는 모션이 전부이고 그 어떠한 상호작용이 없습니다.
게이머 입장에서 쥬라기 월드 에볼루션이 그나마 더 게임이라고 느껴진 점은 도전 욕구를 자극해서 게임을 더 오래 하게 붙잡아 놨지만, 이 게임에 경우 게임이 나에게 요구하는 무언가가 없이 자유로워 언제든 살짝이라도 지겨워지면 게임을 종료하게 됩니다.

*
- 동물들끼리 서로의 상호작용 모션이 아예 없습니다. 싸우는 모션은 당연히 없으며 동물들의 행동도 가 끝입니다. 개발 진행 상황을 그동안 지켜봤지만 적어도 앞서 해보기 출시때는 AI가 나아지겠지 했는데 아직 여전히 멀어보입니다.


*
- 이건 단점이라고 하긴 그렇지만
이번 앞서 해보기 출시 전까지 알파와 베타 테스트가 있었으며, 4년만에 이제 거의 플레이가 가능해진 정도로 이번에 앞서 해보기 드디어 출시가 되었습니다. 허나 이 앞서 해보기 단계도 베타에서의 몇 업데이트만 더 이뤄졌을 뿐 크게 달라진 모습이 아니라 실망적이네요. (게임의 개발 과정이 험난해서 실제로 지금 하고 있는 앞서 해보기 제작은 2018년부터 들어간지라 시간이 걸린 것으로 생각됩니다. )
정식 출시는 빨라야 2023년 후반기에서 2024년으로 보고 있는데 개발팀이 공개한 로드맵을 보았을 때는 더 많은 걸 기대하려면 적어도 2023년에 가서야 많이 달라진 모습을 볼 수 있을 거 같습니다.


솔직히 게임으로서는 앞서 해보기 0.1.0 상태임에도 크게 베타때랑 달라진 모습이 적어 비추천을 하고 싶으나 개발 팀이 킥스타터 후원 같은 거 보단 스팀에서 직접적인 게임 구매를 통해 더 많은 지원을 받아 개발을 더 빨리 해줬음 하는 마음에 추천을 하였습니다.
오랜만에 새로운 공룡 게임이다 하면서 무턱대고 구매를 하였다가 실망을 하실 분들도 계시겠지만, 이 개발팀은 보고 있는 비전이 큰 개발팀입니다.
지금 앞서 해보기 단계만으로도 전 어렸을 때 플레이 하였던 주타이쿤2의 기분을 받았으며 후에 더 많이 개발이 된다면 최고의 선사시대 공원 경영 게임이 되지 않을까 생각합니다.

현재 게임계의 경영 게임들을 독점중인 프론티어 사의 게임들도
첫 출시엔 미완성 상태로 내놓고 DLC와 추 후 업데이트로 점점 게임을 만들어가고 있는데
이 작은 개발 팀에게 더 많은 시간과 지원만 있다면 프론티어와 같은 대규모 회사보다 더 높은 퀄리티의 게임을 완성시키지 않을까 생각합니다.

지금 저 말고도 킥스타터 후원등으로 더 많은 돈을 지불하고 대략 6년 이상을 기다리신 분들도 계십니다.
어렸을 때 공룡을 좋아했던 분들이라면 지금의 31,000원으로 나중에 이 게임이 더 큰 게임이 되길 기대해보는건 어떨까요?


*) 한글 관련
- 우선 지금 앞서 해보기 단계에선 영어만 지원합니다. 다만 개발팀에서 몇달 안에 새로운 업데이트로 현지화 업데이트 할 예정이라고 합니다.
또한, 유니티 게임 특성상 한글 작업이 안되어있으면 한글 폰트가 깨지는데 게임 내에서 한글이 폰트 깨짐 없이 제대로 나오는 걸 보면 첫 업데이트때 한글화 지원이 될 가능성이 높습니다."
Prehistoric Kingdom,"Posted: 28 April
EARLY ACCESS REVIEW
드디어 오랜 기간을 기다린 끝에 앞서 해보기로 발매 되었다~

앞서 해보기라 아직 부족한 점은 많지만 비주얼 만큼은 여태까지 나온 공룡게임중에 최고라고 봐도 무방함.

조작 측면에서도 아직 불편한 점은 많지만 차차 나아질거라고 봄"
Prehistoric Kingdom,"Posted: 17 June
EARLY ACCESS REVIEW
튜토리얼 진행이 불가능할 정도로 버그가 많음. 추후 개선되겠지 뭐"
Prehistoric Kingdom,"Posted: 18 May
EARLY ACCESS REVIEW
한국어 평가는 다 긍정적인 것만 있는데 (아마도 이러한류의 게임이 오랜만에 나왔기때문일듯)
긍정적인 게임평과와는 별개로 튜토리얼이 굉장히 불친절하고, 인터페이스가 생각보다 굉장히 직관적이지 않습니다.
그래픽적인 것과 게임 시스템은 나름 완성도가 있지만, 게임시스템이 좀 개선이 필요해보이네요.

상당히 많이요. 조작이 많이 불편합니다. 그래픽은 꽤 마음에 들지만, 최적화도 많이 부족해보여요...
8년을 만들었건 뭐건간에 그런 히스토리를 모르는 그냥 일반 게이머가 한다면 글쎄요...

좀 만져봐야할 것 같습니다."
Prehistoric Kingdom,"Posted: 28 April
EARLY ACCESS REVIEW
짧게 둘러보기만 했는데

우선 얼리액세스라 별거 없긴 합니다. 지금 당장 사야만 할 정도의 가치는 아닙니다. 다만 미래가 아주 창창해 보입니다. 얼리액세스라서 나중에 가격오를텐데 그걸 감안한다면 선발매 할인이라 생각해도 괜찮을듯합니다.

경쟁작인 쥬라기 월드 에볼루션 2는 아무래도 훨씬 다듬어져있고 UI도 더 깔끔합니다만 IP로 묶인 프랜차이즈 작품이라 더 이상 크게 발전할 요소가 없는 방면 프리히스토릭 킹덤은 이제가 시작이고 미래가 기되대는 게임이죠. 그래서 한편으로 초기 투자라고 하고 지르는건 괜찮다고 봅니다.

얼리임을 감안하고.. 그래픽은 최대 확대로 본 결과 인디게임치고는 OK입니다. 유니티 엔진 특유의 한계를 보이기는 하지만 쥬월에 만큼 좋지는 않아도 공룡 묘사는 부족하지 않아요.

현재 이슈는 최적화인거 같은데 개인적으로 아직은 게임이 플래닛 주 같이 무거운 느낌이에요. 2020년 출시한 라데온 그래픽카드 사용중인데 FHD 올울트라시 최초 미션에서 가까이보면 30대 멀리서 보면 40~50대 정도 나옵니다. 제 컴퓨터 문제인지는 모르겠는데 해상도를 2배로 올리니까 평균 프레임이 10~20 오르네요. 약간 프레임은 아쉽네요. 그렇지만 자세히 보니 이 게임의 맵은 플래닛 주나 쥬월에 보다 훨씬 광활한 맵(아직 다 안해봐서 모릅니다만 존나 큽니다) 임을 감안을 해야될거같습니다. 뭐 어차피 광활한 맵에서 무언가를 만드는 게임들치고 사양 아무리 좋아도 액션 게임 할때의 프레임 만큼 잘나오는건 아직까지 딱히 없으니까요.

마지막으로.. 아직 영어뿐이지만 정식 출시하고 나서


그리고 한 가지.. 부탁드립니다. 관람객 공격하는 모션 넣어주세요 주타이쿤도 그러했듯이 최종 컨텐츠는 아포칼립스 아니겠습니까?"
Prehistoric Kingdom,"Posted: April 28
EARLY ACCESS REVIEW
님들 라면드시지마세요 체질이라는게바뀝니다 예를들어 초식공룡과 육식공룡이잇는데요 초식공룡처럼힘약해질려면 라면을드시고 육식공룡처럼 힘쌔지고싶으시면 라면드시지마세요
합기도배운놈 따라하고 유도배운놈이겨서따라하고 복싱배운놈이겨서따라하고 잡종맛좀봐라 이얏 합기도+유도+복싱+태권도+ 아침밥 꼭먹고 학교가기ㅋㅋ아침밥머기전 물2잔ㅇㅋ10초간격으로 물1한마시고또물1한잔 20분후 식사ㄱㄱ밥먹을때 국잇어야됨 아침,점심,저녁 꼭 꼬박꼬박 챙겨드세요 군것질해봣자 몸무게만늘고 힘빠지고 식사후2시간동안 똥누면안됨 힘쌔질려멱 그리고 이온음료,탄산음료 는 목막힐때만 먹는거임 과자는 먹어봣짜 힘빠지고 아스크림 힘빠지고 초콜릿 힘빠지고 라면은 체질이바뀜 동물로비유하자면 초식동물과 육식동물이잇는데요 초식동물처럼
힘이약해지고 싶으면 라면을 먹어야되고 육식동물처럼
라면 안먹어야됨 힘쌔질려면학교급식에 사과나오면먹으면안되고 밥먹을때 국부터먹는거다 고기반찬나왓다고 고기부터먹는게아니라 다먹고 물컵에 물 80%ㅇ따는후 절반씩 천천히나눠서마셔라 그리고 힘쌔지고싶으면 킥복싱배워라 힘,체력,기술배울수잇고 와사바리를 전문으로가르켜주는게 유도체육관이다 요구르트 먹지말고 요플레 적당히먹어라 그리고 막창,곱창 조금만 먹어라 그리고고기를 많이먹지마라 그리고 라면먹지마라 체질이바뀌니까 그리고 이온음료,탄산음료는 적당히 만먹고 우유는 흰우유마시지마라 딸기우유마셔라 그리고 남.여 는 흰우유마시면힘빠진다 흰우유는 키클때미 도움이됩니다 그리고 힘쌔질려면 초코우유,바나나우유,딸기우유많이마시고 우유좋아하는사람만 그리고 딸기먹는거 좋아하는사람은 백설탕에 찍어먹어라 그리고 딸기많이먹고 치킨많이먹어라 최소1인1닭해라 닭 먹을때 이온음료,탄산음료 마시지말고 그리고 우유는 키크고싶은사람만먹어라 그리고 라면은 동물로비유하자면 초식동물과 육식동물이 잇는데 초식동물처럼 힘이약해지고싶으면 라면을먹어라 그리고 육식동물처럼 힘이쌔지고싶으면 라면먹지마라 그리고 자고로 남자는 등빨이잇어야되고 그리고 남자는 덩치가클려면 어깨,등을 넓게만들어야되고 라면먹지말아야된다 힘모조리빠진다 그리고 회는 많이먹어라 회 많이먹고 생선 많이먹고 그리고 운동은 요즘뜨는운동 킥복싱 또는가라데배워라 아니면 님꼴리는데로 배우삼 아니면 복싱+킥복싱+무에타이+레슬링+주짓수+크로스핏=격투기?다 배웟네....그리고 과자 이스크림 초콜릿 초코파이 먹지마라 힘빠진다 짠거는 적당히 먹어라 매운음식은너무 먹지마라 얼굴이화끈거려서 얼굴이커진다 그리고 단음식은 많이먹으면안좋다 그리고 술은 마시지마라 힘빠진다 소주는 힘안빠진다 맥주는 힘ㅈㄴ빠진다 맥주는 치킨3마리먹은게빠지는거다 치킨많이먹으면 힘쌔진다 그리고 치킨먹을때 맥주먹지마라 힘빠진다 치킨먹을때 맥주먹으면 힘ㅈㄴ빠지고 그리고 술마시지말고 술 좋아하는사람은 복싱,킥복싱,무에타이,레슬링,주짓수,가라데,유도,태권도,합기도,씨름,특공무술,헬스 많이배워라 그리고 운동많이하고 술은마시지마라 마셔봐야술배만나온다 그리고 야식은 운동은 저녁에만하고 운동한날은 야식먹지마라 그리고 야식은먹어봣자 배만나온다 그리고 야식먹을때 라면절대말고 치킨먹어라 라면먹고싶으면 치킨,족발,보쌈.닭발많이먹고 국물잇는음식만 먹어라 그리고 라면먹고싶으면 집에 비빔면이나 불닭 먹고싶으면 먹지마라 힘빠진다 그리고 짬뽕,우동 많이먹어라 그리고 면종류는먹으면 힘빠진다는이유가 면이전부다밀가루음식이라서 라면 밀가루 ㅇㅋ? 라면먹지마라 먹을때만좋다 힘 모조리빠진다 그리고 짜장면먹으면 힘쌔진다는이유가 짜장면먹을때 탕수육먹기때문이다 탕수욱 속안에 돼지고기가들어잇고 돼지고기에 튀긴걸 탕수육이라고한다 그래서 탕수육많이먹으라는거다 힘이쌔진다는거다 그리고 탕수육이랑깐풍기많이먹어라 그리고 짜장면,짬뽕 많이먹어라 그리고 짜장면먹을때 탕수육이랑 맨날같이먹고 탕수육이먼저나오면 탕수육부터먹고 짜장면부터나오면 탕수육나올때까지 기다리다가 짜장면 나온후 탕수육먹어야힘쌔진다 탕수육먹을때 소스에먼저 찍어먹지말고 찍지말고먹어라 그리고 탕수육은 찍어먹어라 부어먹지말고 부억보다 찍먹이더맛잇다 그리고 잡채밥 좋아하는사람은 잡채밥많이먹어라 그리고 야끼우동많이먹어라 맛있다 그리고 먹나가 목마르면 단무지먹고 목마르면 물,이온음료,탄산음료도 먹지말고 그리고 사람으로 태어낫으면 위아래는 가리고 예의잇게 최대한 행동하고 그리고 위아래는가봐면서 덤비고 그리고 아 그렇게된거엿네 막아줄사람들한테 아 그렇게된거엿네 저도 라면 먹지마라 그리고 고생끝에 낙이온다 오픈핑거글러브 끼고 손가락으로싸우는상대 눈찌르지마라 반칙이다 규칙은지켜라너를사랑해 현이지성루비준이재영지은 서든어택링컨클랜2040년까지 격투기20년가자나빼궁ㅋ 나늕스트리트파이터라서 헬스,체육관안다녀도싸움잘한다.그리고 격투기20년배우고 유도20년씩 배워놓으면 주먹으로치고박다가 업어치기 가능하니까 싸울때 주먹으로치고박다가 가까이붙으면 레슬링기술써도됨그리고 유도기술써도됨 업어치기ㄱㄱ유도7년이상배우고 격투기10년이상배우면 주먹으로치고박다가 업어치기가 가능함 그리고 태권도는 뒤돌려차기하면 한쪽다리뜨니까 로우킥차거나 아니면 태클드가면바로 테이크다운성공임 음식은 라면먹지말고 체질이바뀌니까 고기많이먹고 탄산음료마시지말고 이온음료마시고 과자먹지말고 아스크림먹지말고초콜릿먹지말고 손가락에뼈소리나는거하지마라 힘빠진다 ㅅㄱ딸기배걸탕에찍어먹으면맛남 그리고 사과,자두,배,포도 다힘빠짐 과일좋아하는사람은 딸기 백설탕에찍어드삼 주먹이쌔짐너를사랑해 현이지성루비준이재영지은 서든어택링컨클랜2040년까지 격투기0년가자너를사랑해 현이지성루비준이재영지은 서든어택링컨클랜2040년까지 격투기2년가자너를사랑해 현이지성루비준이재영지은 서든어택링컨클랜2040년까지 격투기2년가자나빼궁ㅋ너를사랑해 현이지성루비준이재영지은 서든어택링컨클랜2040년까지 격투기20년가자나빼궁ㅋ매일감사해눈물이난이유안친해질려는사람 굳이인생망한거밖엔더되나?ㅋ 다 인생망하자고친해실려고햇나치킨만 많이먹어도힘쌔지고치킨무만먹어야되고 라면절대먹으면안됨 체질이바뀜 그리고 라면은먹을따만좋고 먹고난후 진짜 죽을만큼후회가될정도로힘이빠지는음식임 라면절때먹으면안됨 그리고 식단은이만하면됏고 운동이중요함 최소격투기10년 유도10년배우는게좋아 합쳐서 20년치킨매상올리거라 주먹쌔진다 치킨무만먹자치킨먹을때만친구들아정태수 싸움스타일 주먹으로치고박다가 업어치기 싸움이시작되기전 니가우리애를건드려서 닌좀밎아야겟다라고 멋진 멘트를따날리고 주먹으로얼굴을치는스타일 정태수랑싸울려면 라면절대먹으면안되고 고기많이먹어야디고 치킨많이먹어야 길에서싸울때 많은도움이된다 그리고 손이랑발에뼈소리나면주먹이약해진다 그리고 치킨먹을때 치킨무빼고아무것도먹으면안된다 치킨먹을때 밥먹으면 힘빠지고 탄산음료도힘빠지고 이온음료도힘빠지고 물도힘빠진다 치킨먹을때는 치킨무만먹어야 힘쌔지고 치킨무물을먹으면안된다 그리고 다먹고20분동안 앉아잇다가일어나야되고 주먹이쌔진다 주먹이쌔질려면 치킨1인1닭해야되고 최소1한달에 치킨60~70마리이상먹으면힘쌔진다 그리고 치킨먹을때60~70번먹을때 1~3번 이라도 밥이나 탄산음료,이온으료먹으면주먹약해진다 그리그 치킨먹을때100번을먹던200번을먹던주먹이강해질려면 치키을많이먹어야되고 치킨먹을때 치킨무만먹어야되고치킨무물을먹으면안된다 그리고 이온음료,탄산음료마시면 힘다빠진다 치킨먹을때 이온음료,탄산음료 치킨1한달동안 60마리시켜먹은거 힘다빠지는거다 그리고 치킨먹을때 절대 화장실가서 똥누면힘다빠진다 그리고 치킨먹을때목마를때만 치킨무먹는거다 목마르면 음료수나물을마시는것보다 치킨무먹어라 그렇게해야힘쌔진다 그리고 치킨다먹고 손에 뼈소리나는거하지마라 주먹은약해지고 몸만뚱뚱해지는거다 그리고 주먹이엄청약해진다 혹시 대구박00형 아냐? 대구주먹임 정태수형님과의싸움에서 유도기술로졋음 유도7년 격투기13년 정태수찜많이드세요 닭갈비찜많으드시면 힘쌔집니다손실제로보면만굶음ㅋ그리고 손굶어질라믄 골고루먹고손시랑발에뼈소리많이나면손발커지고손목발목굶어짐태권도는 발차기만배우잔슴 격투기는 주먹,발차기,태클,풀마운트,파운딩
유도,업어치기,후리기,조르기,굳히기,꺽기,누르기 배움 유도지랫대의원리를사용하여 상대방의힘을 역이용하여넘기는운동 유도의전설 김재범,이원히,왕기춘 등등 ㄱㄱ요즘 세상이험하다보니까 격투기랑,유도배워서 호신용으로 5년이상배워두세요 손해보는거없습니다 꼭 배우세요 그리고 힘쌔지고싶으면 고기,국,찌개 많이먹고 채소,음료수는적당히먹는게좋고 무슨음식이든간에먹고 물한잔컵에따른후 절반씩 천천히마시고 남은절반마시고나서 1분동안 앉아잇다가일어나야힘이쌔짐 그리고 요즘세상이험하니까 절때 혼자길에돌아다니지마세요 요즘 밤에 혼자돌아다니면 위험합니다 꼭 호신용으로 격투기,유도 꼭배우시고 단증딸정도로오래배우시고 위험한일잇으면 꼭 운동배워서 호신술 꼭쓰세요
루머러스하시네요학교폭력 당하기싫은사람보세요힘이쌔질려면아침,점심,저녁 꼭 다쨍겨 먹고 이온음료,탄산음료 적당히마시고 고기랑채소 국찌개많이먹어라 그리고 카레많이먹어라 아침에일어나서 물2잔마시고 20분동안앉아잇다가아침식사를해야힘이쌔짐그리고 아침먹을때국2번먹고나서밥1한번먹고국1한번먹고나서반찬을먹고밥이랑국이랑반찬다먹고나서물1한잔마시고 절반씩마시세요 5초잇다가요그리고 간식먹지마세요그리고 과자,아스크림,초콜렛,다힘빠지는음식이고 떡복이,돈가스,쫄면,라면,우동,야끼우동,짜파게티,라면,비빔면,짜장면,짬뽕먹지마세요다힘빠짐 그리고 라면이란음식이육식동물처럼힘쌔지고싶으면라면먹지말고초식동물처럼힘이약해지고싶으면라면먹으면됨그리고 아침,점심,저녁 다드시고 밥먹을때꼭 국드세요 그리고나서 초코파이도먹으면힘빠짐 그리고 과일은전부다힘빠지는음식이예요 무조건딸기만먹어야되고 아침사과가몸에좋고 사과먹으면소화가잘되니까 사과많이먹으면안됨그리고 싸움잘하는사람들이치킨을많이먹으면 힘쌔진다고하는이유가치킨안에닭가슴살이잇음ㅎ그래서싸움잘하는사람들이치킨을많이먹고닭가슴살을따로안시키는이유가치킨안에닭가슴살이잇음그리고 이온음료,탄산음료,우유 전부다힘빠지는음료수이니까많이먹으면안되고그리고상추,깻잎,쌈무,배추싸드세요 그리고 싸움잘하는사람들이 고기먹을때 쌈을안싸먹는이유가힘이빠져서안싸먹는거니까 쌈싸먹지말고쌈싸먹고싶으면 싸드삼ㅋ그리고 고기먹을때고기만먹어야힘이쌔짐ㅎㅎ 그건님***데로하삼 그리고 밀가루음식먹으면몸이무거워지니까 밀가루음식드시지마시고 소고기,돼지고기,닭고기많이드세요 그리고격투기가 싸움잘하는사람들이많이배우는이유가 길거리싸움할때도움되고 호신술에좋음ㅎ 킥복싱,레슬링,주짓수,크로스핏다합쳐놓은게=격투기예요ㅎ그리고 격투기가싸움을잘해지는운동이니까 격투기배우삼 그럼이만 ㅅㄱㅇ 그리고싸움잘하는사람들이 볶음밥을많이먹습니다ㅋ 그리고 중국집 볶음밥을많이먹고 짬뽕국물이랑같이먹고 먹을때 짬뽕국물2번먹고볶음밥먹는거임ㅎ 그리고 운동후 물빼고 다른음식먹으면 다힘빠지니까 물만먹어야됨운동후2시간동안은물만먹어야됨그렇게해야힘이쌔집니다ㅎ그리고무슨음식이든간에먹고 무조건물한잔마시고 20분동안앉아잇다가일어나야힘이쌔짐그리고 식사후2시간동안은운동하면안되고 운동후2시간동안물빼고음식자체를먹으면안됨ㅋ그리고 손가락발가락에뼈소리나는것도 힘빠지니까 주먹이쌔지고싶으면그거하면안됨ㅋ그리고 면종류먹는거자체가 힘빠짐라면이엄청먹고싶으면짬뽕이랑,칼국수먹으면 라면먹고싶지가않음 탕수육,깐풍기많이드삼그리고 밥먹을때꼭 국이잇어야되고 국부터먼저먹어야됨ㅎ 그렇게해야힘이쌔짐 국없이밥먹으면힘이엄청빠지고좋을게없음 국없이밥먹으연힘빠지니까절대국없이밥먹지마세요그리고 찌개랑밥이랑만먹게되면 찌개부터드삼그리고 고기먹을때절대밥먹지마시고 고기만드세요그렇게해야힘쌔짐ㅎ그리고 유도가엄청사람재압하기좋고싸움잘해지는운동이고그리고 여성분들의경우 호신술에좋습니다 예를들어이상한사람이따라오게되면그럴때필요한게유도,격투기입니다ㅎ떡복이,순대,어묵다힘빠지는음식이예요 그리고 똥그랑땡도힘빠지는음식이고튀김음식다체가힘이빠짐그리고 진짜싸움잘하고힘쌘사람들은 벤치프레스를많이합니다 그리고 턱걸이많이하세요그렇게하면 이두,삼두,어깨,등,전완근 상체전체운동상체전체운동되는게 턱걸이니까 철봉에매달려서맨날턱걸이를하세요그리고힘쌔질려면 웨이트트레이닝을해야됨 한마디로말하자면팔굽혀펴기 많이하면힘쌔지고 아령을들어야힘이쌔짐 아령은 처음에 0.5kg 시작해서 1년동안하다가1kg로들고또2년2kg를들고또후3kg3년동안들다가또4kg들다가또5년동안5kg들다가또10년동안6kg들다가또10년동안7kg들다가또10kg동안 한후8kg들고나서 5kg~8kg를 10년에한번씩 8kg에서10년동안아령을들고나너7kg아령을들고또10년동안운동후6kg를들고또10년동안5kg들다가이번에는또 다시아령을kg수를올려야힘이쌔짐5kg에서 10년동안운동후다시6kg를 10년동안들고또7kg를10년동안들고8kg를들어야힘이쌔짐 그리고 헬스장에서운동을하게되면 요일별로부위를운동하는거임 월요일:이두,삼두
화요일:전완근 수요일:어깨목요일:하체금요일:등 그리고 복근운동은님***대로하고 복근운동은헬스장에서운동할때맨마지막에하는거임ㅋ토,일은 쉬고 물빼고 음료수적당히마시고 면종류많이먹지말고 고기를많이먹고쌈싸먹지말고고기만드세요 무슨음식을먹든간에 음식먹을때이온음료,탄산음료먹으면힘빠짐 무슨음식이든간에먹은후무조건 물한잔마시고 20분동앉아잇다가일어나야힘이쌔짐 밥먹고나서쓰잘때기없이군것질하지마삼ㅎㅎ끝.그리고 아령을들어올릴때숨을들이마시고내릴때숨을내뱉어야됨그리고 아령들어올릴때도숨을천천히들이마셔야되고 내뱉을때숨을 내뱉을때도천천히내뱉으면서아령을내려야되고그리고 아령을들어올릴때도천천히숨을들이마쉬면서들어올려야되고 내릴때도 숨을천천히내뱉어야되고아령을천천히내려야됨ㅋ 그리고 벤치프레스도 내렷을때숨을 들이마시고천천히내려야되고올릴때숨을내뱉어야되고그리고천천히들어올려야됨그리고 운동할때승분하면안되고 운동후 단백질보충재를먹으면힘이훨씬쌔짐그리고 닭가슴살은따로안시켜먹어도됨 그이유가치킨안속에보면닭가슴살이잇어서싸움잘하는사람들이 닭가슴살을따로안시켜먹고치킨을많이먹는거임ㅎ그리고치킨먹을때목마르면치킨무를먹어야되고치킨무물을먹으면안됨그리고이온음료,탄산음료를먹으면안되고물도먹으면안되고치킨먹을때목마르면치킨무를먹어야됨그리고치킨먹을때밥절대먹으면안되고 치킨다먹은후 물컵에물한잔80%정도따른후 절반마시고5초잇다가물마져마시고물마실때천천히마셔야폰만감이오래감그리고나서20분동안앉아잇다가일어나야힘이쌔짐ㅎㅎ그럼이만ㅅㄱㅇ그리고진짜싸움잘사는사람들은소주를마시고 맥주는안마심그이유가힘이빠지는거때문거때문이다
그리고 힘이쌔질려면 밥먹고2시간동안 화장실가면안되고 그리고 밥먹을때 국이잇어야되고 밥이랑국반찬엄청배부를정도로먹고나서 절대 이온음료,탄산음료먹지말아야되고 우유먹으면힘빠짐 그리고 2시간동안 화장실가면안되고 군것질하면힘빠지고 밀가루음식먹으면 몸은무거워지고 힘이빠지니까 밀가루음식먹으연안됨 피자힘은빠지고 몸은무거워짐 그리고 피자먹을때 이온음료,탄산음료 먹지말고 목마르면 물마셔야힘이쌔지고 피자먹지말고 삼겹살,치킨을많이먹어야 힘이쌔짐 그리고 음식을먹고나서 물한잔마시고 20분동안앉아잇다가 일어나야 힘이쌔짐 그리고 격투기랑 유도 배우삼 호신술로좋고 사람재압하기좋음ㅎ 격투기가 사람을만드는운동임ㅋ 그리고 우유는 키가크는데도움이되지 힘쌔지는데도움이안됨 그리고 고기를많이먹으면 힘이쌔지고 뼈가딴딴해지고 그리고 쌈을안싸먹어야 힘이쌔지고 채소를전혀먹지말고 고기만먹어야힘이쌔지고 이온음료,탄산음료 를 먹지앉아야힘이쌔짐 그리고 밥먹고 2시간동안절대 똥싸면안되고 술은 소주만마셔야힘쌔짐 맥주는힘빠지니까 맥주먹지말고 소주드삼ㅋ 그리고 남자는 어깨랑등판이넓어야 얼굴이작아보임 그리고 주먹이쌔질려면 손이랑발에 뼈소리나는거하면안되고 그리고 격투기를배워야 주먹이쌔짐 격투기20년배워놓은사람들은 밥먹고 물한잔마시고20분동안 앉아잇고 그리고 고기먹을때 밥을안먹고 채소를안먹고 음료수를안마심 그렇게해야힘이쌔지고 식사후 아스크림,과자,초콜렛 먹으면 힘빠지니까 먹으면안되고 그리고 밥먹고나서 화장실가면 안됨 똥싸면 힘다빠짐 그리고 떡복이,순대,어묵 다힘빠지고 돈까스,쫄면,우동,라면,김밥,다 힘빠짐 그리고 껌도힘삐짐 껌절대 먹으면안되고 힘이 쌔질려면 꼭 그렇게해야되고 그리고 주먹이쌔질려면 격투기를배워야되고 복싱은 파퀴아오정도로 잘하지앉는이상 쓸모없음ㅋ 복싱은 주먹은 ㅈ되는데 하체가ㅂㅅ임 무에타이 로우킥맞으면 무릅꿇음 타격기:킥복싱,가라데,무에타이,우슈 ㅈ됨 그리고 킥복싱+레슬링+주짓수+크로스핏 합쳐놓은게=격투기이니까 격투기많이배우삼"
Prehistoric Kingdom,"Posted: May 11
EARLY ACCESS REVIEW
쥬에볼은 공룡말고 다른 생물들이 없어서 아쉬웠는데 여긴 메가테리움도있고 스밀로돈도 있고 좋네요. 얼리 억세스라 다음에 어떤 생물이 추가될지 궁금해지는게 있네요. 개인적으로 메갈로돈과 모사 사우루스가 구현되었으면 좋겠네요. 던클레오스테우스도......"
Prehistoric Kingdom,"Posted: May 2
EARLY ACCESS REVIEW
플레닛주보다 간편함 지금현재 플레이로서는 공룡및동물들을 바로바로 내가 옮길수잇음 부화도필요없음 바로바로 꺼낼수잇음 너무편한시스템 아직은얼리엑세스라서 보완할게많지만 보완만되면 진짜최고일듯."
Prehistoric Kingdom,"Posted: May 11
EARLY ACCESS REVIEW
주타이쿤 1을 처음 했을때의 나만의 공원을 꾸민다는 두근거림을 어른이 되서 다시 느끼게 해줬다.
기본건물들도 다 게임내부의 꾸미기 요소를 사용해서 나만의 건물을 만들때 한번 참고 할만하고 건물 뿐만아니라 우리내부의 꾸미기용으로도 사용 가능하다. 방대한 건축 가능성 만큼 당신의 상상력 응용력을 시험할만한 게임이다. 식당이 딸린 전망대나 그런걸 당신이한 우리배치에 맞게 만들거나 조정 할수있다."
Prehistoric Kingdom,"Posted: May 6
EARLY ACCESS REVIEW
#.1
기대를하고 또 기대하고 구매했다.
장점이야 다들 알고 있을터이니 현제 나에게 발생한 문제점을 기제해본다.

- 튜토리얼 버그가 많다.
- 저장 후 불러오기를 하면 현재 오류가 풀리기도 한다.
- 저장 파일이 다른 처음보는 파일로 변경되어 있을 때도 있다. 그럴 땐 시나리오를 또 다시 새로 해야한다.
- 키보드가 먹통일 때가 발생한다.
- 간혹 마우스 버그가 발생하면 alt+tap로 강제종료를 해야한다.
- 파일 무결성 체크를 해도 리붓을 해도 실행버그가 걸리는 일이 발생한다.

한글화는 바로 원하진 않지만 실행 버그들을 어떻게 해야하지 않을까.
실행자체나 키보드 버그는 얼리엑서스라도 어떻게 해볼 도리가 없다.

우선 그냥 더 기다려보고 버그들이 풀리면 플리에가 가능할거란 기대감에 환불없이 대기 중이다."
Prehistoric Kingdom,"Posted: April 30
EARLY ACCESS REVIEW
현재 기준, 공룡을 바라보기만 해도 미소가 지어지고 행복이 피어오르는 분들께 추천드립니다.
저는 그래서 개꿀잼이었습니다."
Prehistoric Kingdom,"Posted: April 29
EARLY ACCESS REVIEW
나이젤 마븐의 목소리를 들으며 나만의 선사시대 공원을 만드는건 내 초딩시절 꿈이였다. 이걸 진짜 하게 해주네."
Prehistoric Kingdom,"Posted: April 28
EARLY ACCESS REVIEW
아직 공룡키우기만 가능하고 다른 컨텐츠는 많이 개방 안되있어요. 공룡 모션은 진짜 자연스럽습니다."
Prehistoric Kingdom,"Posted: April 28
EARLY ACCESS REVIEW
공룡과 고대 동물들을 전시하고 싶은 유저라면 이 게임을 추천합니다.
그래픽도 정말 좋습니다."
Prehistoric Kingdom,"Posted: April 28
EARLY ACCESS REVIEW
""141.1시간""

...내가 어쩌다 이렇게 됐을까? 흑우가 되어서 알파 테스트 때부터 달려온 사람입니다. 참 결국 이때가 왔군요. 새벽 2시에 나오자마자 잠깐 해보고 아침에 다시 켜서 지금까지 즐기고 있습니다. 저에게는 너무나 오랜 기다림이 아닐 수 없습니다. 14년도에 개발한다는 소식을 듣고 기뻐했던 어린 시절 기억이 새록새록한데, 벌써 8년이라는 세월이 흘렀군요. 10년이면 강산도 변한다던데 8년이면 프킹도 나오는군요(?)


각설하고 일단 프리히스토릭 킹덤은 미완성 된 게임입니다. 솔직히 완성은 기대도 안했어요. 시간을 그렇게 끌고도 이리되었지만....뭐 이해합니다. 결과물은 만족스러웠습니다. 꽤 할만했고, 굉장히 아름다웠으니까요. 그럼에도 아직 나아갈 길이 멀고 험하게만 느껴집니다. 툭까놓고 아직 공원 경영 게임은 아니니까요. 관람객은 그냥 걸어다니기만 할 뿐이고, 공룡들도 서로 상호작용이라곤 존재하지 않습니다. 다만, 그렇기에 더 기대감을 걸고 있습니다. 시간만 조금 더 준다면 필히 완성된 게임으로 변모하리라 확신합니다."
Hollow Knight,"Posted: 9 June, 2017
최근 비슷한 장르의 게임인 오리와 눈먼 숲(Ori and the Blind Forest), 데드 셀(Dead Cells), 슬레인 : 백 프롬 헬(Slain : Back from Hell) 등의 게임을 묻지도 따지지도 않고 줄줄이 구입하게 만든 시발점을 제공한 작품이다. 정식 발매전 험블 먼슬리를 통해 데모 버전이 제공됐고 별 기대 없이 플레이를 해봤는데 생각보다 괜찮다는 생각이 들어서 구매를 결정했다. 데모 버전을 잠깐 즐겼을 때는 매트로베니아의 시작이자 끝판왕인 월화의 야상곡(이하 월하)에 비해 여러모로 부족한 아류작 정도로만 느껴졌었는데 정식판으로 50 시간 가량의 플레이를 거쳐 달성률 100%를 찍고 나니 도대체 왜 이 정도로 잘 만들어진 게임이 16,000원 이라는 헐값에 발매됐을까 하는 의문밖에 들지 않았다. 흠잡을 데 없는 게임성과 높은 완성도, 풍부한 볼륨. 훌륭한 조작감과 액션. 그리고 재미까지. 이미 20년이 지난 게임이기는 해도 이후 그 이상의 게임을 접해볼 수가 없었기에 이제는 전설이 돼버린 월하라는 걸작에 충분히 견줄 수 있을만한, 개인 취향에 따라서는 전설을 뛰어넘을 수도 있는 역대급 매트로베니아의 등장이라고 생각한다.

게임 플레이는 미지의 장소를 탐험하며 지도를 밝히고 그 과정에서 얻게 되는 특수한 이동기와 열쇠 등의 아이템으로 게임 초반에는 갈 수 없었던 장소들을 하나씩 해금하여 탐험 지역을 넓혀 나가는 방식을 가지고 있다. 게임 진행률이 올라감에 따라 자연스레 발생하는 npc 이벤트 등을 통해 스토리 텔링을 해주는 시스템이라 어떻게든 꾸역꾸역 지도를 펼쳐나가다 보면 엔딩을 볼 수 있는데, 각 지역에는 개성적인 몬스터들과 다양한 보스전은 기본에다 스토리 엔딩과는 무관한 갖가지 서브 퀘스트와 숨겨진 요소들, 게임상에 등장하는 몬스터들을 여러 페이즈에 걸쳐 상대하고 최종 승리했을 시 보상을 받을 수 있는 콜로세움 등의 즐길 거리도 준비돼 있다. 이쯤이면 전체적으로 월하와 비슷한 플레이 형식을 가지고 있다는 걸 알 수 있는데 굳이 차이점을 말하자면 레벨업 테이블과 아이템 파밍의 부재. 달라진 지도 시스템을 들 수 있다. 아이템 파밍을 통해 수많은 무기를 사용할 수 있었던 월하와는 다르게 엔딩까지 단 하나의 무기만을 쓸 수 있는 데다 원천적으로 레벨업이 안 되니 캐릭터를 성장시키는 맛도 없어서 게임 초반에는 월하에 비해 많이 모자라는 느낌이 들었는데 게임이 진행됨에 따라 그런 단점의 확실한 대체 요소가 게임상에 모두 구현돼 있는 모습을 볼 수 있었다. 강화석을 획득해 무기를 업그레이드하고 제한은 있지만 여러 조합이 가능한 부적 시스템을 통해 기본 무기의 사거리나 공속을 높이고 보조 공격 수단을 추가하는 것도 가능하다. 월하를 플레이했던 유저라면 발만웨라는 개사기 막장 무기를 기억하고 있을 텐데 부적 조합을 통해 기본 무기를 발만웨와 유사한 무기로 탈바꿈 시킬 수도 있다. 물론 그런 조합에는 패널티가 확실히 따라오는 밸런스도 함께한다. 비록 무기 종류는 하나에 불과하지만 월하와는 비교도 안 될 정도의 스피디한 액션에 각종 이동기 + 차지 어택 등의 컴비네이션이 가능해서 훨씬 뛰어나고 다양한 액션을 맛볼 수 있다. 그리고 레벨업 시스템 대신 피통과 소울(마나)통을 늘려주는 수집 아이템을 맵 곳곳에 뿌려놔서 단순히 몬스터를 반복적으로 잡고 쉽게 캐릭터를 성장시킨 뒤 안 그래도 낮은 난이도의 게임을 더 쉽게 플레이 가능하게 만들었던 월하에 비해 조금이라도 게임을 수월하게 진행하려면 맵 구석구석을 탐사해야 하는 동기를 부여한 것 역시 마음에 드는 점이다. 이런 면들을 보면 제작진이 얼마나 긴 시간 동안 월하라는 게임을 벤치마킹했는지 쉽게 알 수 있다. 좋은 점은 그대로 차용하고 버릴 것은 버리면서 그 와중에 본인들만의 색깔을 내기 위해 부단히 노력한 흔적이 곳곳에서 느껴진다.

지도 시스템. 월하의 자동 지도를 생각하고 그냥 덤볐다가는 높은 확률로 낭패를 보게 될 정도로 길 찾기 난이도가 높은 편이다. 아무 공략 없이 초회 진행을 할 계획이라면 점점 완성돼가는 전체 지도를 수시로 캡처하고 그림판 등을 사용해서 캡처한 지도 위에다 당장 지나갈 수 없는 장소는 어떤 이유로 그곳을 지나갈 수 없었는지 꼼꼼하게 기록하는 걸 권장한다. 자동 지도가 있으니 쉬울 거라는 안일한 생각으로 초반 5,6 시간을 막 달리다가 어느 순간 이건 아니다 싶어서 위의 방법으로 지도 체크를 해가며 플레이했는데 만약 그러지 않았다면 플레이 타임이 더 길어졌을 거라 장담한다. 월하처럼 스퀘어 형식으로 지도가 그려지는 것도 아니고 지나가지 않은 통로를 완전히 다 보여주지도 않는 데다 몇몇 확 트인 장소에서는 실제 탐사를 하지 않았는데도 지도가 다 그려지는 경우도 생기기에 길을 찾아 하염없이 헤맬 공산이 크다. 공략을 보고 클리어하겠다면 아무래도 상관없지만 죽어도 혼자 힘으로 깨야 속이 시원해지는 유저라면 무조건 지도는 그려가며 플레이하도록 하자. 본인은 하루에 3,4 시간씩 2주에 걸쳐 진행을 했는데 플레이 기간 자체가 길어지다 보니 지도 체크를 했는데도 불구하고 몇몇 구간에서는 애를 먹었다.

플레이 한지가 한 달이 지난 게임이라 대충 생각나는 대로만 끄적여 봤는데 플레이하면서 느낀 장점이나 특이할만한 세부 시스템에 대한 이야기를 많이 빼먹어서 아쉬움이 좀 남지만 글 재주가 없어서 이쯤에서 줄이도록 한다. 아무튼 이 가격에 이 구성이면 혜자 중에 혜자인 게임이 확실하니 이번 여름 세일에 10%라도 할인을 하게 된다면 무조건적인 구매를 추천한다. 7월 경에 무료 DLC 추가 계획도 있다고 하니 고민할 필요 없이 장바구니에 담도록 하자.

보너스로 할로우 나이트 이후로 플레이 한 비슷한 장르의 게임들 중 함량 미달인 애들은 제외하고 괜찮았던 녀석들의 간단 비교 글도 남겨본다. 지극히 개인적인 기준에서 작성된 글이니 가볍게 읽고 넘어가자.


괜찮았던 게임 - 오리와 눈먼 숲, 데드셀, 슬레인 : 백 프롬 헬





할로우 나이트와 오리는 아름답고 뛰어난 애니메이션을 바탕으로 완벽한 2D, 2.5D 환경을 구축. 필셀 기반의 그래픽을 선호하면 데드셀도 꽤 봐줄 만한 수준. 슬레인은 나머지 3게임에 비해 많이 투박하고 거친 편. 취향 밖이면 눈뽕 맞을 수도 있음.





사운드 트랙을 따로 판매하는 게임들 치고 BGM 완성도가 나쁜 게임은 본 적이 없다. 할로우 나이트, 오리는 플레이하는 내내 귀가 즐거웠음. 데드셀은 확 좋지도 나쁘지도 않은 그냥저냥한 배경음. 슬레인은 대놓고 헤비메탈 아케이드를 표방하는 게임이라 취향에 맞으면 갓. 아니면 똥이 될 수도 있음. 심지어 스테이지 클리어를 하면 주인공이 자동 헤드뱅잉까지 한다.





정확한 조작감과 각종 컴비네이션 활용, 뛰어난 액션셩에서 할로우 나이트와 데드셀이 압승. 모션이 좀 더 다양하다는 점에서 할로우 나이트에 점수를 더 줌. 오리도 조작감이 괜찮기는 하지만 두 게임이 비해서는 모자란 감이 있고 액션셩은 꽤 떨어지는 편. 슬레인 역시 플레이어가 원하는 조작이 바로바로 나오는 점에서 조작감은 괜찮으나 모션이 많이 부족함.





길 찾기 함정 돌파, 보스전. 모든 면에서 할로우 나이트 압승. 슬레인 역시 괴랄한 스테이지 구성을 보여주는데 각 스테이지의 길이가 짧은 편이고 길 찾기 요소가 없으며 중간중간 체크 포인트가 많아서 구간 패턴만 외우면 클리어가 크게 어렵지는 않음. 오리는 점프 액션에만 익숙해지면 플레이에 별 무리가 없음. 데드셀은 로그라이크 형식이라 초반 난이도는 상대적으로 가장 높은 편이라고 볼 수 있는데 포션 개수 업그레이드와 아이템 파밍이 어느 정도 진행되는 무렵인 플레이 타임 6,7시간 경계 후로는 난이도가 급락. 어지간히 아이템이 안 뜨거나 조작에 큰 미스를 내는 경우가 아니면 1시간 전후 플레이로 보스 클리어가 확정에 가깝게 이뤄짐. 물론 쫄보 플레이 시에만 확정에 가까움. 람보 메타로 달리면 확정 데스를 맛볼 가능성이 높음."
Hollow Knight,"Posted: 11 January
이건 너무 갓겜이라 문제임.
존나 잘 만들어서 눈이 너무 높아짐.
다른 게임 할때마다 할로우 나이트랑 비교함.

이거 해보고 메트로베니아가 취향이라고 성급하게 생각하진 마세요.
이건 그냥 취향 박살 낼 정도로 잘 만든 겜이라 재밌는 겁니다."
Hollow Knight,"Posted: 22 June, 2019
10/10
벌레소울
디자인 갓겜. 이야기 갓겜. OST 갓겜. 컨텐츠 갓겜.
게임 시작부터 끝까지 시종일관 내가 뭔가 '할 게' 있는 풍요로운 구성에
아무도 강제하거나 시키지 않았지만 내가 알아서 달성하게 만드는 목표들(일단 지형을 기록하기 위해 지도 모으기 -> 오브젝트 표시할 맵 마커 살 돈 모으기 -> 이동수단인 사슴벌레 정거장 열기 -> 맵 돌아다니면서 진입 못하던 곳 새 이동기술 얻고 나서 가보기 -> 전투 도와줄 부적 모으기 -> 보스 깨기 -> 뭐야 이거 완성 얼마 안 남았네 오늘 깨볼까 -> 이거도 -> 이거도 -> ... )
끊임없는 메트로배니아식 탐험·수집 컨텐츠에 힘쓰는 동안, 자연스럽게 게임에 동화되고 세계를 탐험하고 캐릭터들의 이야기를 들으면서 이 세계의 지난날을 추측하게 됨
그렇게 한번 파고들기 시작하면
여정을 따라가면서 알게 되는- 왕국에 닥친 비극을 생각하며 각 인물의 상황을 추측하게 되고
내가 이 인물들의 마지막 여정에 함께 하게 되니 그 비극성이 더욱 심화...
수집 요소만 모으고 못질만 하던 내가 어느새 이 여정의 주인공으로서 신성둥지라는 세계를 바라보고 있음
그리고 그 서사성의 극화를 도와주는 살떨리는 판정의 보스전들
소울류 게임으로 불리지만 2D라서 훨씬 속도 있는 전투가 가능하고
깔끔한 그래픽 디자인 덕분에 정말 직관적으로 패턴을 파악할 수 있음
나같은 피지컬허접스레기한테도 어떻게 피해야 하고 어떻게 딜넣어야 하는지 이론상 완벽을 성취할 수 있는 거 보면 말다했음
그러나 패턴은 직관적이지만 피격판정을 피하려면 계속 집중해야 하고
화살표와 zxc 단 세 개만으로 구성된 간단한 조작을 이용해서 그러나 스타일리쉬하게 플레이해야 함
c대쉬로 패턴을 회피한다든가 z점프 하단공격으로 체공시간을 늘려 보스의 돌진기를 넘긴다든가 x공격으로 투사체를 제거한다든가
훌륭한 전투 매커니즘이 요것들을 잘 활용할 수 있게 설계된 보스들의 패턴과 제대로 맞물리면서
죽어도 죽어도 죽어도 죽어도 재밌게 플레이할 수 있음 왜냐? 분명히 내가 몇 번은 피하고 딜넣는 데 성공했거든
딱 그런 식으로 실수만 안하면 이놈 잡아... 그렇지.... 그렇지..... (템포 빠르게 재시작)
그러다보면 플탐 20시간은 우습고 나처럼 더블로 뜀
또 다른 장점: 게임이 존나 혜자임
정가 만육천원에서 기대할 수 있는 퀄리티를 본편만으로 이미 뛰어넘은 데다가
딴 겜 같으면 dlc로 만원씩 더 받아먹을 추가 요소를 이 겜은 무려 공짜로 뿌린다
그림 극단 같은 말도 안되게 재밌는 보스전이 포함된 콘텐츠가... 이걸 공짜로 뿌렸다고??
이 게임의 장점을 열거하자면 수도없이 많다
OST도 분위기 있고 좋아서 세일하면 사려고 눈에 불켜고 대기 중이고
어디서 봤는데 게임 색감도 섬세하게 디자인된 결과라고 해서 감탄하고(위험한 오브젝트를 밝은 주황색으로 두고 게임의 배경은 그 보색인 보라~파랑~초록으로 잡아서 대비 강조)
공식 한글화까지 되어 있는 미친 갓겜
하루에 한두 시간쯤 건드릴 생각으로 시작했던 게임을 어느새 나도 모르게 일당 4시간 이상
2주 넘게 미쳐서 달라붙었는데도 아직 최종 컨텐츠를 못깬 미친(갓)겜
풀컨텐츠까지 4% 남았던데 솔직히 하드코어 보스러쉬인 만신전은 못하겠어서 나는 이쯤에서 만족스럽게 게임 클리어로 친다
하는 동안 너무 즐거웠고 끝까지 포만감 끝내주는 겜.
정말 재밌었습니다. 훌륭한 경험하게 해 줘서 고맙습니다 팀체리.

-

결국 112% 겜 완료하고 순그까지 깼지롱~ㅠ"
Hollow Knight,"Posted: 10 April, 2017
매트로베니아의 정석, 남녀노소 좋아할 수 밖에 없는 아름다운 그래픽과 세세하게 짜여진 세계관 스토리, 그리고 그 모든 것들을 받쳐주는 있는 정말 좋은 음악과 액션까지 뭐하나 빠짐없이 게임속에 녹여 냈습니다. 다소 어려운 난이도와 길찾기에 살짝 맵다고 느껴지기는 하나 다른 많은 요소들이 완벽에 가깝기 때문에 매운맛까지 중화시켜주는 밸런스까지 갖춘 게임입니다."
Hollow Knight,"Posted: 21 April, 2019
아무것도 모르는 뇌로 잊혀진 교차로에 처음 들어간 순간 느꼈던 두려움과 호기심을 다시 한번 맛보고 싶다"
Hollow Knight,"Posted: 12 February, 2020
이 게임은 절대 떠다먹여주지 않습니다. 알려준다면 스킬사용때 무슨 키를 누르시오.만 알려줄 뿐 다른 건 전혀 알려주지 않습니다.
난이도는 그냥 미쳤습니다.누군가 쉬워요,라고 말한다면 그건 당신에게 이 게임을 시키려는 속셈이거나 아니면 엿을 주기 위함입니다.고인물도 이 게임은 쉽다고 하지 않습니다.그건 당신에게 게임을 하게 하려는 '계략'입니다.

이 게임 내내 영혼을 채울 석상을 찾거나 아니면 한대 만 더때리게 해달라고 외치거나 간절하게 '지도장수'와 '사슴벌레 정거장'만을 찾게 됩니다.
내 귀지 만한 모기놈에게 맞아서 피가 닳았다고 자신의 컨트롤을 욕할 필요는 없습니다.모두 그렇게 하고있습니다.
점프가 내 맘대로 안되서 추락해서,가시에 찔려 죽었다구요?모두 그렇게 하고 있습니다.
스트레스 풀려고 게임을 하다가 스트레스를 더 받게되는 게임 류의 하나입니다.아니 그런데 '왜'하고있냐구요?
'재밌습니다.'아 해냈다는 '성취감이 기가 막힙니다.'

한가지 초반 팁을 드리자면 코니퍼(지도장수)를 만나고 지도를 산 후에, 흙의 마을에서 '나침반'과 '깃털 펜'을(초반에 돈을 모아) '꼭' 사세요.
이걸 어떻게 아냐구요?

저도 알고싶지 않았습니다."
Hollow Knight,"Posted: 21 September, 2021
거짓의 기사에게 쩔쩔매던 때가 잊혀지지 않는다
비내리는 눈물의 도시를 본 전율이 잊혀지지 않는다
시체잠복수를 보았던 공포가 잊혀지지 않는다
퀴렐과 함께 우무우를 잡던 우정이 잊혀지지 않는다
고통의 길의 끝에서 공허의 기사를 보던 슬픔이 잊혀지지 않는다
광휘를 보았을 때의 위엄이 잊혀지지 않는다

이 게임을 처음 하던 때로 돌아가
다시 한번 이 기분을 느껴보고 싶다"
Hollow Knight,"Posted: December 30, 2018
워낙 평이 좋은 게임이라 할인기간에 사봤습니다. 게임플레이시간은 그다지 길지않지만, 대체적으로 제 주변의 반응과 제가 10시간동안 플레이하면서 느낀점 위주로 장단점을 써보려고합니다. 개인의 주관이기때문에 참고만해주시면 감사하겠습니다.

[장점]
1. 일단 맵과 음악이 정말 몽환적이고 아름답습니다. 제가생각하는 최대장점이고, 10시간동안 정말 감탄많이했습니다. 맵 탐험하는 재미가 정말 쏠쏠했고, 맵넘어갈때마다 두근거렸어요. 정말 맵 예쁩니다. 몽환적인 분위기, 잔혹동화 분위기(?) 같은거 좋아하시는 분들은 정말 좋아하실거같다는 생각이 드네요. 저도 그런 분위기를 좋아해서 이 게임을 처음 사게됐던 것 같습니다.

2. 한글화 잘되어있다는 생각이 들어요.

3. 캐릭터들 전체적으로 매력있고, 몬스터들도 귀엽습니다. 게임설명에 >벌레<라고 나와있어서 거부감드는 분들이 있을수도 있을것같은데 귀엽게 표현되어있는 경우가 많습니다. (일부는 좀 징그러울수도있겠네요)

4. 보스 패턴들 굉장히 다채롭고 공략하는 재미가 있었습니다. 주요 보스가 아니라 맵 중간중간 서브보스들(?)도 다 패턴다르고.. 몬스터마다 특징있고 정말 얘는 어떻게 죽이면 될까 고민하는게 되게 재밌었습니다.

5. 전투방식의 다양성도 좋았어요. 점점 갈수록 전투스킬 추가되니까 어떻게 전투할지 머릿속에서 구상하고 보스전에서 써먹고 하니 정말 재밌었습니다.


[단점]
1. 컨트롤 자신 없으신분들은 길가다 죽을 가능성 정말 높습니다. >>맵지나다니는 난이도가 되게높은 느낌입니다.<< 그래서 우겨우겨 저멀리서 왔는데 처음부터 다시 와야되고 돈도잃고 하는 경우가 너무많을수 있어요.
새로운 이동기술을 배워도 안전하게 연습할 곳도 없습니다. 여러번 죽으면서 돈도잃고 하면서 겨우겨우 익숙해지셔야하는데, 저는 이부분이 되게 스트레스였어요. 개인적으로는 벽타기가 너무 큰 허들이었습니다. 벽타기 하면서 그거로만 몇번죽고나니 '이것도 못하는데 내가 이 게임 엔딩을 볼 수 있을까?' 라는 생각이 정말 많이들더라구요. 개인적으로 뽑는 최고단점이라고생각합니다.

2. 어느정도의 가이드라인이 필요하다고 생각하시는 분들은 정말 답답하실 수 있습니다.
스토리는 있는데 그 스토리를 진행하기위해서 어떻게 해야하는지에대한 사전정보가 거의 주어지지않습니다. 정말 내가 탐험하고 추측하는 것만으로 거의 모든걸 진행해야하는데, 그러다보니 내가 왜 이곳을 못지나가지? 에 대해서 스토리진행이 안된건지 아니면 내가 뭔가 빠뜨리고 안하고온건지 등등을 전혀 모르게됩니다.
(가이드라인이 너무 없어서 게임조작법마저 잘모르겠더라고요.... 분홍버섯점프하는 방법이 아래키누르고 공격하는거라니...)
고로 난 그래도 미지탐험하는게 좋다! 하시면 정말 이만한 게임이없는데, 저는 늘 메인퀘스트 땅땅! 이대로 하심됩니다! 하는게임 위주로 많이해왔다보니(rpg게임 위주로많이했습니다) 많이 답답했었네요.
(오픈월드랑은 다른느낌입니다. 퀘스트라고 할만한 것도 없고 그냥 돌아다니다가 보스나오면 보스죽이고 길막히면 다른곳찾아보고 하다보면 흘러가듯이 스토리가 진행되는게임이에요.)


---------------------------------------------------------------------------------------------------------------------

저는 보스전은 어려워도 괜찮은데 보스전 가다가 죽고, 그냥 길가다 몹한테죽고, 길에 나있는 가시나 끓는물(?)에 다쳐서죽고를 너무 반복하다보니 스트레스로 다가왔었어요. 제 주변사람들 중에서도 할나를 산 분들의 대체적인 평 역시 비슷했습니다. 게임 자체는 재밌는데 내가 너무 못해서 길가다 자꾸 죽으니까 짜증났었다고.


결론적으로 제 주관으로 판단하자면
이게임을 추천한다면 이런분들께 해드리고싶습니다.
1. 퀘스트 없이 이곳저곳 탐험하며 돌아다니는게 좋다.
2. 몽환적인 분위기와 연출을 좋아한다.
3. 캐릭터들이 매력있으면 게임에 애정이생긴다.
4. 전투스타일이 단조로우면 지루해한다.
5. 컨트롤을 어느정도 요구하는 게임을 하고싶다.

이런분들께는 비추하고싶습니다.
1. 그냥 길가다 죽는거에 굉장히 스트레스받는다.
2. 어느정도 가이드라인이 있어야 안답답하다.
3. 컨트롤요구 없이 스토리만 즐기고싶다.
4. 죽으면 패널티가 크게 작동하는게 싫다. (수중의 돈 전체가없어집니다. 만약 안없어지게하려면 자기가 죽은장소까지 가서 회수해야하는데, 만약 가다가 죽으면 아예 없어집니다.)
5. 길 잃는걸 안좋아한다. (맵이 정말정말정말정말!!!! 복잡합니다. 처음받는 지도는 미완성인데다, 지도를 봐도 내가 왜 헤메는지 몰라서 더헤메더라고요...(분명 여기로 가는 입구는 지도에따르면 여기여기 두개인데 왜 둘다 길이막혀있지??같은 상황이 발생합니다.))
6. 얻은 스킬들을 진득하게 연습하는걸 좋아한다.(?) (6번은 그냥 새스킬 얻어도 여러번 써보면서 맘편하게 연습할공간이 없다는 얘기입니다. 연습없이 바로 실전들어가서 죽고 왔던길 다시오고 이러는게 스트레스이신분들에겐 힘들거같아요.)



게임은 정말 재밌었으나, 저에겐 너무 힘든게임이었네요. :) 제가 좀만더 컨트롤이 좋았다면, 혹은 컨트롤이안좋아도 진행이안되는 것에 스트레스받지 않았다면 엔딩까지 쭉 잡고 플탐도 50몇시간 100몇시간 이렇게 찍지않았을까 싶습니다.

좋은 게임 만들어주셔서 감사합니다."
Hollow Knight,"Posted: February 6, 2018
오리와 눈먼 숲을 플레이 해보셨다면 금방 적응하실 수 있지만, 오리가 신라면 수준이라면 할로우 나이트는 불닭볶음면에 캡사이신 두 바퀴 휘두른 다음 청양고추도 썰어넣은 듯한 느낌이네요 하하

같은 보스에 계속 죽으며 모았던 돈이 날아가고 다시 보스가 있는 곳 까지 향하는 당신의 모습을 목격한 순간 당신 입에서는 ㅆ1발 소리가 절로 나올겁니다

참고로 그 외에 나오는 소리엔 ""아니 쟤랑 안 닿았다고"" ""아 지도 어딨냐고"" ""아 나침반 왜 애매하게 공간 차지하냐고"" ""아 보스방 안갈거였다고"" ""저 새낀 또 뭐냐고"" ""아니 왜 안뒤지냐고"" ""아니 보스방까지 왜 또 겁나게 머냐고"" ""미친게임 내가 오늘 이후로 손대면 인간이 아니다"" ""왈왈"" 등이 있습니다."
Hollow Knight,"Posted: August 28, 2021
실크송?실크송?실크송?실크송?실크송?실크송?실크송?실크송?실크송?실크송?실크송?실크송?실크송?실크송?실크송?실크송?실크송?실크송?실크송?실크송?실크송?실크송?실크송?실크송?실크송?실크송?실크송?실크송?실크송?실크송?실크송?실크송?실크송?실크송?실크송?실크송?실크송?실크송?실크송?실크송?실크송?실크송?실크송?실크송?실크송?실크송?실크송?실크송?실크송?실크송?실크송?실크송?실크송?실크송?실크송?실크송?실크송?실크송?실크송?실크송?실크송?실크송?실크송?실크송?실크송?실크송?실크송?실크송?실크송?실크송?실크송?실크송?실크송?실크송?실크송?"
Hollow Knight,"Posted: January 14, 2019
---{Graphics}---
○ 기가막힘
○ 아름다움
○ 괜찮음
○ 어지간함
○ 봐줄만 함
○ 별로임
○ 끔찍함

● 특색있음

---{Gameplay}---
● 중독되지 않게 조심
○ 굉장히 좋음
○ 좋음
○ 평범함
○ 음..
○ 별로임
○ 끔찍함

---{Audio}---
○ 하으읏
○ 굉장히 좋음
● 좋음
○ 어지간함
○ 크게 나쁘지 않음
○ 나쁨
○ 귀갱

---{PC Requirements}---
○ 계산기 구동만 가능하면 됨
○ 좋지 않아도 됨
● 어지간해야함
○ 빨라야함
○ 존나 좋아야함

---{Difficulity}---
○ 버튼 몇개 누름
○ 쉬움
○ 신중한 플레이를 요함
○ 배우긴 쉽고 / 마스터는 어려움
● 쉽진 않음
○ 어려움
○ 소울 라이크

---{Story}---
○ 소름돋음
○ 기가막힘
● 좋음
○ 평균
○ 훌륭하진 않음
○ 그딴거 없다

---{Game Time}---
○ 끝없음
○ 굉장히 김
○ 김
● 플레이어에 달려있음
○ 짧지 않음
○ 짧음
○ 커피 한잔이면 충분함

---{Price}---
● 당장 사야함
○ 고민하고 사야함
○ 세일할때
○ 만약 돈이 많다면..
○ 사지마
○ 돈을 버리지 마시오

---{Bugs}---
○ 아예 없음
● 플레이에 영향이 없는 버그 아주아주 조금
○ 거의 없음
○ 약간 있음
○ 화날 수 있음
○ 게임을 망침
○ 게임이 자체로 버그임


전형적인 메트로베니아 플랫포머 형식이다 비선형구조로 되어 있어서 호불호가 갈릴수 있지만(그놈의 길찾기..)(지도장수 개객끼) 나중에 얻을거 다얻고나면 자유루트로 갈아타기 때문에 괜찮다고 생각한다 이 게임에서 가장 맘에 드는 점이 있다면 보스디자인이 맘에 든다 개성있고 특색있는 다양한 종류의 보스를 만나고 싸우다보면 나도 모르게 모든 보스들을 학살하는 나 자신을 보게 될것이다 그리고 각 보스마다 일정한 패턴이 있기 때문에 (몇몇 보스를 제외하면...) 패턴만 잘보면 무리 없이 할거라 생각한다"
Hollow Knight,"Posted: February 15
그래서 실크송은? 그래서 실크송은? 그래서 실크송은? 그래서 실크송은? 그래서 실크송은? 그래서 실크송은? 그래서 실크송은? 그래서 실크송은? 그래서 실크송은? 그래서 실크송은? 그래서 실크송은? 그래서 실크송은? 그래서 실크송은? 그래서 실크송은? 그래서 실크송은? 그래서 실크송은? 그래서 실크송은? 그래서 실크송은? 그래서 실크송은? 그래서 실크송은?"
Hollow Knight,"Posted: August 25, 2021
사실 실크송 개발은 진작에 끝났는데 너무 재미있어서 개발진들끼리 놀고 있는 거 아닐까?"
Hollow Knight,"Posted: July 4, 2021
할로우나이트를 한 뒤로 할로우나이트 같은 게임만 찾아다니게 됨.....
하지만 그 무엇도 할로우나이트보다 재밌진 않음
꼭 해보시길
제발"
Hollow Knight,"Posted: June 17
이 게이머는 실크송이 필요해요

이런 겜1창은 DLC를 기다릴 시간이 없어요!

그는 빠른 DLC출시로 많은 즐거움을 원합니다"
Hollow Knight,"Posted: May 31
할로우 나이트는 앞으로 100년간 최고의 인디게임일 것입니다.
그 이유는 실크송이 출시되기까지 100년이 넘게 걸릴 것이기 때문입니다."
Hollow Knight,"Posted: May 21, 2017
플랫포머 게임을 좋아해서 할로우 나이트가 출시되고 이틀만에 사서 지금까지 플레이해보네요.
지금 맨 처음 시작한 파일 35시간째 플레이하고 있는데 바로 엔딩을 볼 수 있지만 이것저것 숨겨진 도전과제와 보스들을 다 잡고 진엔딩으로 클리어 해 보려고 합니다.

60시간 이상 해본 유저로서 평가 남겨보자면

장점-
1.가격대비 매우 방대한 양의 컨텐츠
플랫포머 게임의 거장인 오리와 눈먼 숲을 저는 첫번째로 클리어했을때의 시간이 7시간만에 깼지만, 할로우 나이트는 제가 일반엔딩 분기점을 지났을적 플탐이 24시간 정도 되었덙거 같고요, 진엔딩이 있다고 해서 첫 플레이지만 바로 진엔딩을 보려고 계속 노력하고 있지만 40시간이 지난 지금도 아직 진엔딩을 못봤네요. 16000원 짜리 게임 치고는 매우 긴 플레이타임을 보장할수 있는 게임입니다.

2.게임 분위기
전체적으로 약간 탁한 톤의 그래픽이지만, 꽤나 서정적이고 분위기 연출을 잘 해놓은 편입니다.
또한 배경의 오브젝트도 약간식 플레이어와 상호작용 할 수 있게 되어 있어 (가로등을 깨트릴 수 있다던가) 그런 면에서도 디테일이 선보입니다. 각 구역마다 컨셉이 있고 그에 따라 배경이 각각 다른데, 한 구역에서 또 한 구역으로 넘어갈 때의 배경 디자인도 매우 자연스럽습니다. 캐릭터들 또한 펜으로 드로잉해 놓은 것처럼 아기자기함을 보여주는것 같습니다.

3.스토리
할로우 나이트는 ""고대 지하 왕국의 비밀을 파헤치러 간다""는 간략한 스토리가 있지만, 게임을 진행할수록 파면 팔수록 나오는 고대 왕궁의 비밀과 지나가며 만나는 여러 캐릭터들의 이야기, 더 나아가서는 주인공 자신의 잊어버렸던 이야기마저 알게 되며 이 게임이 그렇게 가벼운 스토리는 아닌 것이라는 걸 알게 될 것입니다.

4.OST
클래식의 서정적이고 몽환적인 평소 배경음이 게임 그래픽과의 상성이 매우 좋습니다.
또한 보스전마다(드림 보스 제외) 각각 다른 전투OST가 나오는것도 꽤 좋았습니다.

5.그 밖에
기본적으로 이 게임은 퍼즐 보다는 전투에 더 중점을 둔 게임입니다.
특히 적과 플레이어의 칼이 맞부딪힐때는 묘한 쾌감이 듭니다.
여러 비밀요소들(맵의 숨겨진 부분, 시크릿 보스나 구역, 조건을 달성해야만 갈 수 있는 구역)들이 꽤 많아서 플레이어의 호기심을 불러일으키기도 하고 보스들의 의 난이도도 갈수록 어려워지긴 하지만 그에 따른 보상이 확실해 도전욕구를 자극하게 합니다.
이 외에도 여러가지 장점이 있지만 여기에 다 언급을 하지 못하겠네요..ㅎㅎ


-단점
1.일체형 맵이 아님
맵이 하나로 되있는게 아닌 잘게 쪼개어져 있습니다. 그 옛날 플랫포머 게임보면 게이트를 통과하면 화면이 어두워졌다가 다른 맵이 나오는 형식, 그렇습니다. 근데 이게 가끔씩 다음 맵으로 넘어가는데 시간이 걸리는 경우가 있는데...뭐 사소한 거지만 일단 단점이니 적겠습니다.

2.미약한 튜토리얼과 어려운 초반
튜토리얼이 그렇게 상세하지 않습니다. 예를 들어 이 게임은 밑으로 공격하는 모션이 있는데 밑 방향키를 누른 채로 공중에서 공격키를 눌러야 되더군요. 튜터리얼 구간에서는 그냥 공격만 알려주고, 밑 위 공격을 알려주지 않았습니다. 덕분에 게임 중반까지 저는 밑, 위 공격을 모르고 플레이했네요. 또한 자체적으로 처음 시작할 때에 미니맵도 없을 뿐만 아니라(나중에는 생깁니다) 도데체 뭘 해야할지 막막 합니다. 퀘스트도 없고, 어디가 어딘지도 모르니 막막할 따름이지요. 프리하고 호기심을 자극한다고도 볼 수 있겠지만, 게임이 익숙해지지 않는 처음에는 약간 난감하실 수 있겠습니다.

3.대중에게는 어려운 난이도
여러 분들이 해 봤을 오리와 눈먼숲과 비교하자면, 이 게임이 확실히 더 어렵습니다.
플랫포머 게임에 익숙하신 분들이나 컨이 좋은 분들은 예외겠지만, 전투 난이도가 꽤 상당합니다.
맵을 탐사했던 지역만 미니맵을 볼 수 있다는 점과 죽으면 돈을 다 떨어뜨린다는 점과, 죽고나서 또 한번 더 죽을시 그 돈을 다 잃어버리게 된다는 특이한 점 등이 있습니다.



대체적으로 쉽지 않은 난이도이지만, 장점이 단점을 커버할 수 있는 게임이라 생각됩니다."
Hollow Knight,"Posted: July 1, 2020
아직 할린이지만 기초지식 없으신 분들,,, 꼭 새겨들으십시요,,, 깊은 둥지 ,, 가 지 마 세 요 !!!!!
제에ㅔㅔㅔ발 ㅠㅠㅠㅠㅠ그냥 화면 상단바에 깊은 둥지 뜨자마자 도망치십쇼 하스스톤 시공의 폭풍급으로 할린이가 갈곳이 아님니다,, 처절한 저의 절규를 꼭 새겨들어주세요 경험담임니다,,, 부탁드림니다...."
Hollow Knight,"Posted: January 27, 2020
이 게임을 사려는 당신은 게임에서 귀여운 좆같음을 느끼게 될 것입니다.

지리는 브금과 몽환적인 맵의 디자인과는
완벽하게 상반되는 좆같은 꼬여있는 길때문에 귀여운 좆같음을 느끼게 될 것입니다

* 해당 부류에 속하는 사람들에게 추천드리지 않습니다
길치에게는 추천하지 않는 게임입니다.
고혈압으로 사람 뒤질수도 있다는 게 허풍이 아니란 것을 실감하게 되는 게임일 것임

* 해당 부류에 속하는 사람들에게 추천드립니다
소울류 게임으로 변태적인 쾌감을 얻고 싶은 변태들
저혈압으로 고생중이신 분들
맵 구조에서 다크소울보다 더한 불친절함을 경험하고 싶은 분들



* 당신은 게임하기에 앞서서 아래와 같은 현상을 체험하실 수 있습니다

""지도장수 어딨어"" ""버스 정거장 제발 씹 제발요"" 라는 생각을 되뇌이며
결국에는 ""좆지랄한다""를 말로 외치게 될 것입니다

머갈빡이 딸려 갔던 길을 기억하지 못하는 길치 여러분들 한정으로는,
베베 꼬이고 막혀있는 벽과 맵에 감탄하며 기립박수를 치게 될 것이며

""어디로 나가고 어디로 들어가는건데 하 씹"" 하며
머갈빡을 손으로 너무나 친 나머지 머갈빡 난로를 경험할 수 있으실겁니다.

당신의 성급함을 시험이라도 하는 듯,
경고하지 않았던 바닥과 벽에는 생선가시들로 가득할 것이며,

이 부분에서는 ""존나 불친절하네 일일히 다 내려보고 가야함?"" 이란 생각을 입으로 하면서
불만 많은 목소리로 쒸익거리며 투덜대는 자신을 볼 수 있습니다.

뒤지고 나서 세이브포인트로부터 다시 자신이 걸어갔던 길을 가야 하고,
몹들이 대부분 다시 리젠된다는 사실을 알게 된다면
그 좆같음의 길로 다시 투덜거리며 들어가고,
""하 씹 몹배치 진짜 이걸 어떻게 피하라고"" 를 연신 외치게 될 것입니다.

깊은 둥지에서 당신은 오줌을 싸게 될 것이며,
백색 궁전에서는 당신은 화병나서 뒤질수도 있을것입니다.

보스들과 맵은 매력 넘치고 할 맛나지만 막상 거기까지 가는 것에서 좆같음을 느낄 것입니다.
당신이 보스를 상대하다 뒤져서 또 그 길을 가야 한다면 더욱 더 좆같을 것입니다.

확실한 건 게임 자체는 재밌다는 거. 근데 길 찾기는 진짜 ㅈ같음."
Hollow Knight,"Posted: April 14
※이 리뷰는 리뷰어의 주관적인 관점에서 작성되었습니다.

게임 플레이 후 생각난 문구
""빨리 실크송 '줘' ""

*****************************************************************



*****************************************************************



*플레이 타임 : 약 23.2시간 정도의 시간(1회차 엔딩)





할로우나이트는 메트로배니아 장르의 게임 답게, 커다란 맵을 기점으로 플레이 되며, 일정 구역이 막혔을 때, 새로운 능력을 얻게 될 시 그 지역을 다시 클리어가 가능하게 하는, 메트로배니아의 특징을 잘 담고 있습니다.

그게 얼마나 꼼꼼하게 잘 되어 있냐고 묻는다면, 점프 발판 하나 하나도 그냥 아무 생각 없이 놓은 것이 아닌, 일종의 장치로서 사용될 수 있도록, 매우 꼼꼼하고 치밀하게 설계가 되어 있습니다.

이들이 맵에 대한 레벨디자인을 구성할 때 얼마나 치밀하고 세심하게 준비하였는지 알 수 있는 대목이었습니다.





이 게임의 특징 중 하나를 더 뽑자면, 대부분의 적들의 특징이 겹치지 않습니다.

예를 들자면, 녹색 거리에 등장하는 모기같은 친구와 벌집에 나오는 돌진형 벌의 경우 둘 다 돌진하는 특징을 가지고 있지만, 모기의 경우 단순 돌진을, 돌진형 벌의 경우 차징 후 좀 더 신속한 돌진 공격을 꽂아넣는 점 등을 보여주며 비슷하지만 다른 특징들을 잘 적용시키며 새롭게 공략해나가는 재미를 준다고 생각합니다.

이렇듯, 일반몹들 조차도 특성이 겹치는 경우가 많이 없었는데, 보스전은 오죽 했겠습니까? 개발자들이 정말 많은 생각을 담았고, 얼마나 공을 들였는지 알 수 있는 대목이라고 생각합니다.





위에서 언급했던 훌륭한 레벨 디자인과 더불어 게임의 재미를 느끼는 부분 중 하나라고 생각합니다.

게임의 맵 구성이 정말 타이트하게 잘 구성이 되어 있으며, 그 구역들은 플레이어가 능력을 얻는 족족 자신이 원하는 방향으로, 가고싶은 곳으로 자유롭게 나아갈 수 있습니다. 만약 진행을 하다 막힌다면? 다른 곳을 먼저 가서 또 갈 수 있는 곳 까지 가보고, 또 다시 막히면 다른 곳을 또 가서 갈 수 있는 곳 까지 가면서 게임을 내 마음대로 플레이할 수 있는 재미가 충분하다고 생각합니다.

*****************************************************************





위에서 말했듯이 맵이 방대하고, 높은 자유도가 주어져 있기 때문에, 플레이어는 자신이 원하는 데로 게임을 진행해 나갈 수 있습니다만, 이 부분은 단점이 될 수도 있습니다.

대부분의 RPG게임들을 예로 들자면, 각 게임들은 플레이어에게 '퀘스트'를 부여하며 플레이어가 '어떠한 임무를 진행해라'라는 목표를 부여해 줍니다. 플레이어는 그 목표를 보고 '아 이렇게 해야겠네?' 라고 생각하며 그 목표를 달성하기 위해 플레이를 진행합니다.

할로우 나이트도 커다란 목표 자체는 제시해 줍니다만, 말 그대로 정말 커다란 목표이기에, 세세한 부분에서는 플레이어가 직접 목표를 설정하고 게임을 진행해야 하는 부분입니다. 그렇기에 플레이어가 목표를 제대로 설정하지 않고 플레이 할 시, 지루함을 느낄 수도 있는 방면이라고 봅니다.

만약 본인이 게임을 플레이 할 때, '이거 해볼까?', '저거 해볼까?' 하면서 계속 자신에게 목표를 부여하는 분이라면 이 게임을 플레이 하는데 전혀 지장이 없지만, 자신의 플레이 스타일이 다소 많이 수동적이라면, 게임을 플레이 하다가 쉽게 지루함을 느낄 수도 있습니다.





필자 또한 똥손에다가 반응속도가 느려, 솔직히 고전을 면치 못했습니다.

보스들의 패턴들의 특징은 동작이 하나하나 커다랗고 준비 동작을 가지고 있다는 점이지만, 준비 동작의 시간이 매우 짧은 경우가 많은게 특징이라고 생각합니다.

그렇기에 이러한 게임에 익숙하지 않거나, 저처럼 반응속도가 느리신 분들께서는 플레이를 하시기 전에, 어느정도 마음을 먹고 플레이 하시는게 좋습니다. 안그러면 '아니 이게?' '와 이걸 힐할 틈을 안주네' '아니 이걸 못피해?' 가 무한 반복되는 패턴에 빠지실 수도 있습니다.




어딨는데


*****************************************************************


솔직히, 뭐라고 말을 더할 이유가 없습니다. 정말 재미있고, 정말 시간가는 줄 모르고 플레이 했던 게임입니다.
위에 주의할 점에 적어 놓았던, 게임을 플레이할 때 직접 목표 설정해 나가며 플레이 하는 것이 다소 귀찮다 하시는 분들은 플레이 하지 않으셔도 되지만, 이번 기회에 할로우나이트를 플레이 해보시며 그러한 재미들도 알아가보시면 괜찮을 것 같다고 생각합니다. 소위 말하는, 정말 잘 만들어진 '갓겜' 이니까 말이지요."